Delivery_ID,Order_ID,City,Warehouse_ID,Rider_ID,Distance_km,Delivery_Time_hr,Delay_Days,SLA_Met,Fuel_Cost,Traffic_Level,Delivery_Status,Delivery_Month
DEL00001,ORD002174,Mumbai,WH-KOL,RID036,15.4,2.4,0,Yes,57.33,Medium,Delivered,2026-05
DEL00002,ORD005996,Bengaluru,WH-DEL,RID039,10.0,2.48,2,No,53.6,Medium,Delivered,2026-07
DEL00003,ORD006433,Kolkata,WH-BLR,RID004,6.5,0.5,0,Yes,24.86,Medium,Delivered,2026-04
DEL00004,ORD010020,Pune,WH-BLR,RID033,390.9,18.92,0,Yes,1934.72,Medium,Delivered,2026-03
DEL00005,ORD005283,Chennai,WH-MUM,RID033,1771.0,72.0,0,Yes,9053.21,Medium,Delivered,2026-03
DEL00006,ORD001806,Bengaluru,WH-MUM,RID002,17.5,3.32,0,Yes,74.28,High,Delivered,2026-03
DEL00007,ORD001182,Ahmedabad,WH-MUM,RID013,697.4,29.51,0,Yes,3744.28,Medium,RTO,2026-05
DEL00008,ORD009717,Delhi,WH-KOL,RID011,5.4,1.88,0,Yes,23.43,High,Delivered,2026-03
DEL00009,ORD007836,Ahmedabad,WH-BLR,RID007,702.3,29.05,1,No,2891.54,Medium,Delivered,2026-02
DEL00010,ORD008978,Chennai,WH-BLR,RID035,997.7,43.47,2,No,4916.97,High,Delivered,2026-02
DEL00011,ORD008991,Chennai,WH-BLR,RID033,1340.7,54.29,1,No,5617.39,Low,Delivered,2026-03
DEL00012,ORD010782,Delhi,WH-KOL,RID023,5.3,3.15,0,Yes,26.35,Low,Delivered,2026-04
DEL00013,ORD005167,Kolkata,WH-BLR,RID005,13.7,2.08,1,No,54.41,High,Delivered,2026-08
DEL00014,ORD003913,Delhi,WH-MUM,RID001,7.1,3.63,0,Yes,28.23,High,Delivered,2026-07
DEL00015,ORD009125,Bengaluru,WH-DEL,RID020,12.1,3.15,0,Yes,51.04,High,Delivered,2026-05
DEL00016,ORD011165,Mumbai,WH-BLR,RID024,13.1,3.41,0,Yes,63.46,Medium,Delivered,2026-06
DEL00017,ORD000126,Mumbai,WH-BLR,RID003,6.5,2.43,0,Yes,34.79,Medium,Delivered,2026-03
DEL00018,ORD001881,Pune,WH-DEL,RID014,209.1,12.03,0,Yes,1053.2,Low,Delivered,2026-02
DEL00019,ORD010730,Bengaluru,WH-BLR,RID024,13.8,0.93,0,Yes,58.08,Medium,Delivered Late,2026-06
DEL00020,ORD005616,Delhi,WH-MUM,RID012,8.8,0.62,0,Yes,38.3,High,Delivered,2026-03
DEL00021,ORD004053,Ahmedabad,WH-MUM,RID004,244.8,10.25,0,Yes,1107.75,Medium,Delivered,2026-02
DEL00022,ORD011276,Pune,WH-MUM,RID001,465.2,20.14,1,No,1695.67,High,Delivered,2026-02
DEL00023,ORD005966,Chennai,WH-BLR,RID002,1678.7,68.43,0,Yes,7543.18,High,Delivered,2026-04
DEL00024,ORD003379,Kolkata,WH-MUM,RID009,8.9,1.82,0,Yes,39.55,Medium,Delivered,2026-02
DEL00025,ORD006794,Hyderabad,WH-BLR,RID032,353.6,17.8,0,Yes,1661.53,Medium,Delivered,2026-05
DEL00026,ORD008540,Hyderabad,WH-KOL,RID014,534.9,22.78,0,Yes,2763.74,Low,Delivered,2026-05
DEL00027,ORD003853,Bengaluru,WH-MUM,RID034,13.8,3.47,1,No,73.9,Low,Delivered,2026-07
DEL00028,ORD010040,Hyderabad,WH-DEL,RID032,216.4,10.74,0,Yes,1140.97,Medium,Delivered,2026-07
DEL00029,ORD003676,Pune,WH-MUM,RID026,190.9,10.73,0,Yes,876.29,High,Delivered,2026-07
DEL00030,ORD007937,Delhi,WH-BLR,RID029,15.3,2.99,0,Yes,82.4,Low,Delivered,2026-06
DEL00031,ORD002415,Delhi,WH-MUM,RID016,17.2,3.05,1,No,93.99,Low,Delivered,2026-03
DEL00032,ORD003888,Bengaluru,WH-MUM,RID028,10.0,2.12,1,No,37.15,High,Delivered,2026-07
DEL00033,ORD001556,Pune,WH-MUM,RID039,225.3,10.09,0,Yes,849.01,Medium,Delivered,2026-05
DEL00034,ORD010367,Bengaluru,WH-MUM,RID017,10.6,0.84,2,No,49.99,Low,Delivered,2026-03
DEL00035,ORD006767,Hyderabad,WH-KOL,RID021,188.6,10.16,0,Yes,961.22,Medium,Delivered,2026-02
DEL00036,ORD000508,Hyderabad,WH-DEL,RID001,379.7,19.07,0,Yes,1794.54,High,Delivered,2026-07
DEL00037,ORD010348,Hyderabad,WH-MUM,RID016,442.6,19.16,0,Yes,1981.28,Medium,Delivered,2026-05
DEL00038,ORD004299,Bengaluru,WH-DEL,RID037,10.5,2.4,1,No,49.86,Medium,Delivered,2026-02
DEL00039,ORD005115,Delhi,WH-DEL,RID033,11.2,1.42,1,No,45.97,Medium,Delivered,2026-06
DEL00040,ORD001927,Pune,WH-MUM,RID007,211.1,10.31,0,Yes,1034.66,Low,Delivered,2026-03
DEL00041,ORD010496,Bengaluru,WH-KOL,RID027,9.3,2.03,1,No,49.82,Medium,Delivered,2026-06
DEL00042,ORD001213,Pune,WH-KOL,RID035,770.1,32.13,0,Yes,4125.07,Low,Delivered,2026-08
DEL00043,ORD003381,Chennai,WH-MUM,RID037,903.8,37.14,0,Yes,4639.57,Low,Delivered,2026-06
DEL00044,ORD008479,Pune,WH-BLR,RID012,477.3,22.11,2,No,2241.08,Medium,Delivered,2026-03
DEL00045,ORD005763,Delhi,WH-MUM,RID034,6.1,3.26,0,Yes,26.0,High,Delivered,2026-03
DEL00046,ORD004426,Bengaluru,WH-KOL,RID030,11.8,3.88,0,Yes,53.24,Low,Delivered,2026-04
DEL00047,ORD006389,Mumbai,WH-BLR,RID032,4.5,3.02,0,Yes,18.17,Medium,Delivered,2026-06
DEL00048,ORD001421,Delhi,WH-KOL,RID026,11.3,1.56,2,No,52.33,Medium,Delivered,2026-02
DEL00049,ORD004470,Pune,WH-DEL,RID027,280.6,12.6,0,Yes,1500.97,Medium,Delivered,2026-07
DEL00050,ORD008849,Hyderabad,WH-BLR,RID037,373.7,17.29,1,No,1748.41,Low,Delivered,2026-06
DEL00051,ORD009307,Pune,WH-DEL,RID035,534.1,22.57,0,Yes,2408.37,High,Delivered,2026-04
DEL00052,ORD002105,Bengaluru,WH-DEL,RID031,7.3,3.78,1,No,32.98,Medium,Delivered,2026-05
DEL00053,ORD001008,Chennai,WH-BLR,RID034,1541.1,63.63,0,Yes,5532.29,Medium,Delivered,2026-07
DEL00054,ORD009275,Hyderabad,WH-BLR,RID012,877.6,36.2,1,No,4161.23,Low,Delivered,2026-05
DEL00055,ORD005832,Ahmedabad,WH-MUM,RID019,870.6,37.47,2,No,3940.59,Medium,Delivered,2026-05
DEL00056,ORD001530,Bengaluru,WH-MUM,RID019,10.1,3.2,0,Yes,50.02,Low,Delivered,2026-05
DEL00057,ORD006935,Kolkata,WH-MUM,RID019,4.1,2.61,1,No,16.39,Medium,Delivered,2026-02
DEL00058,ORD000691,Ahmedabad,WH-BLR,RID014,353.2,16.97,1,No,1534.81,Medium,Delivered,2026-05
DEL00059,ORD001529,Hyderabad,WH-DEL,RID027,307.0,14.66,0,Yes,1562.01,Low,Delivered,2026-02
DEL00060,ORD003790,Pune,WH-BLR,RID011,892.6,39.3,0,Yes,3926.75,Low,Delivered,2026-04
DEL00061,ORD004793,Delhi,WH-KOL,RID012,13.0,3.58,1,No,69.94,Medium,Delivered,2026-05
DEL00062,ORD009431,Bengaluru,WH-BLR,RID010,7.6,1.65,0,Yes,34.59,Medium,Delivered,2026-02
DEL00063,ORD001199,Bengaluru,WH-MUM,RID037,12.3,1.8,0,Yes,59.21,Low,Delivered,2026-02
DEL00064,ORD007976,Kolkata,WH-MUM,RID015,14.7,2.47,0,Yes,54.54,Low,Delivered,2026-05
DEL00065,ORD005696,Chennai,WH-MUM,RID026,1473.5,60.93,1,No,6408.13,High,Delivered,2026-05
DEL00066,ORD010576,Ahmedabad,WH-BLR,RID036,534.4,22.7,2,No,2173.65,Medium,Delivered,2026-07
DEL00067,ORD006624,Pune,WH-BLR,RID006,472.9,19.93,0,Yes,1759.27,Medium,Delivered,2026-03
DEL00068,ORD008720,Kolkata,WH-KOL,RID001,7.1,2.06,0,Yes,36.11,Low,Delivered,2026-05
DEL00069,ORD001112,Bengaluru,WH-BLR,RID036,16.3,1.99,0,Yes,85.08,Medium,Delivered,2026-08
DEL00070,ORD003752,Bengaluru,WH-BLR,RID032,15.8,2.69,0,Yes,81.74,Medium,Delivered,2026-05
DEL00071,ORD004427,Bengaluru,WH-BLR,RID013,11.1,0.5,0,Yes,45.88,Medium,Delivered,2026-03
DEL00072,ORD006209,Ahmedabad,WH-DEL,RID026,447.7,20.99,0,Yes,1636.34,Low,Delivered,2026-07
DEL00073,ORD009542,Hyderabad,WH-KOL,RID033,182.7,8.97,2,No,846.2,Medium,Delivered,2026-08
DEL00074,ORD005869,Mumbai,WH-BLR,RID010,9.5,2.69,0,Yes,50.8,Medium,Delivered,2026-04
DEL00075,ORD000103,Bengaluru,WH-MUM,RID008,14.5,0.5,1,No,65.08,Low,Delivered,2026-07
DEL00076,ORD004858,Hyderabad,WH-BLR,RID026,243.1,11.8,1,No,1194.75,Medium,Delivered,2026-04
DEL00077,ORD010885,Kolkata,WH-BLR,RID036,12.5,2.35,0,Yes,62.13,Medium,Delivered,2026-02
DEL00078,ORD000235,Pune,WH-BLR,RID031,259.8,12.33,0,Yes,1161.23,Medium,Delivered,2026-02
DEL00079,ORD004488,Bengaluru,WH-BLR,RID003,14.5,2.77,1,No,70.05,Medium,Delivered,2026-04
DEL00080,ORD002126,Mumbai,WH-BLR,RID026,7.2,1.72,0,Yes,37.05,Low,Delivered,2026-08
DEL00081,ORD007958,Chennai,WH-BLR,RID009,1277.6,53.48,4,No,4799.65,High,Delivered,2026-06
DEL00082,ORD006265,Hyderabad,WH-KOL,RID030,597.5,23.22,1,No,2434.14,High,Delivered,2026-03
DEL00083,ORD003623,Ahmedabad,WH-KOL,RID014,715.7,30.9,0,Yes,3353.97,High,Delivered,2026-07
DEL00084,ORD000680,Mumbai,WH-MUM,RID016,6.0,2.42,0,Yes,27.5,Low,Delivered,2026-05
DEL00085,ORD007461,Ahmedabad,WH-KOL,RID037,843.4,37.28,0,Yes,3679.88,Low,Delivered Late,2026-03
DEL00086,ORD006486,Hyderabad,WH-DEL,RID019,792.8,33.99,0,Yes,3357.16,Low,Delivered,2026-04
DEL00087,ORD002487,Bengaluru,WH-MUM,RID028,10.1,0.5,2,No,50.72,Low,Delivered,2026-07
DEL00088,ORD006185,Bengaluru,WH-BLR,RID035,15.0,2.13,0,Yes,73.85,Medium,Delivered,2026-02
DEL00089,ORD009988,Delhi,WH-DEL,RID008,14.6,2.12,2,No,57.72,High,Delivered,2026-05
DEL00090,ORD006377,Bengaluru,WH-BLR,RID035,15.5,2.52,1,No,81.7,Medium,Delivered,2026-03
DEL00091,ORD010565,Hyderabad,WH-BLR,RID040,379.3,16.83,0,Yes,2064.08,Medium,Delivered,2026-05
DEL00092,ORD005867,Bengaluru,WH-MUM,RID033,12.7,2.58,2,No,57.2,Low,Delivered,2026-07
DEL00093,ORD008979,Bengaluru,WH-KOL,RID011,9.7,1.43,4,No,48.48,Medium,Delivered,2026-03
DEL00094,ORD002745,Ahmedabad,WH-DEL,RID001,478.2,22.72,4,No,2344.54,High,Delivered,2026-05
DEL00095,ORD000348,Ahmedabad,WH-BLR,RID024,220.8,10.71,4,No,813.13,Medium,Delivered,2026-03
DEL00096,ORD003440,Pune,WH-BLR,RID022,768.9,34.93,0,Yes,3917.08,Medium,Delivered,2026-06
DEL00097,ORD010621,Chennai,WH-MUM,RID003,1073.8,43.6,4,No,4263.35,Medium,Delivered,2026-03
DEL00098,ORD007079,Mumbai,WH-BLR,RID006,8.8,1.93,1,No,34.04,Low,Delivered,2026-03
DEL00099,ORD005730,Ahmedabad,WH-KOL,RID034,540.6,24.36,0,Yes,1908.81,Low,Delivered,2026-02
DEL00100,ORD009264,Delhi,WH-DEL,RID004,7.7,0.82,1,No,31.18,Medium,Delivered,2026-05
DEL00101,ORD007030,Delhi,WH-BLR,RID035,13.0,3.73,1,No,54.67,Medium,Delivered,2026-07
DEL00102,ORD004624,Hyderabad,WH-KOL,RID010,665.5,28.77,4,No,2847.99,Medium,Delivered,2026-03
DEL00103,ORD006970,Hyderabad,WH-DEL,RID020,751.6,32.2,4,No,3396.21,High,Delivered,2026-06
DEL00104,ORD000275,Chennai,WH-BLR,RID029,1126.2,48.36,0,Yes,5053.97,High,Delivered,2026-05
DEL00105,ORD009941,Hyderabad,WH-KOL,RID019,522.6,22.44,2,No,2231.49,Low,Delivered,2026-04
DEL00106,ORD002263,Mumbai,WH-MUM,RID031,5.2,1.64,4,No,24.59,Medium,Delivered,2026-05
DEL00107,ORD003423,Ahmedabad,WH-MUM,RID033,187.2,9.08,0,Yes,971.54,Low,Delivered,2026-02
DEL00108,ORD004860,Pune,WH-BLR,RID030,439.9,19.28,0,Yes,1589.84,Medium,Delivered,2026-06
DEL00109,ORD007959,Delhi,WH-DEL,RID006,15.7,1.38,0,Yes,70.22,Medium,Delivered,2026-05
DEL00110,ORD009977,Pune,WH-DEL,RID036,734.6,31.77,2,No,2600.82,High,Delivered Late,2026-03
DEL00111,ORD010816,Chennai,WH-KOL,RID031,1971.5,72.0,4,No,8833.31,Low,Delivered,2026-04
DEL00112,ORD008581,Hyderabad,WH-MUM,RID034,753.9,31.96,0,Yes,2716.89,Low,Delivered,2026-07
DEL00113,ORD010108,Kolkata,WH-MUM,RID035,9.4,2.2,1,No,37.77,Low,Delivered,2026-03
DEL00114,ORD006785,Mumbai,WH-MUM,RID025,14.0,3.36,2,No,57.47,High,Delivered,2026-05
DEL00115,ORD009890,Pune,WH-KOL,RID026,265.3,12.92,0,Yes,1143.4,High,Delivered,2026-04
DEL00116,ORD002148,Bengaluru,WH-MUM,RID033,5.8,2.7,0,Yes,31.79,Medium,Delivered,2026-06
DEL00117,ORD008634,Hyderabad,WH-BLR,RID011,365.2,16.44,2,No,1821.72,Low,Delivered Late,2026-06
DEL00118,ORD005377,Kolkata,WH-BLR,RID012,10.1,2.89,0,Yes,52.58,High,Delivered Late,2026-06
DEL00119,ORD007010,Kolkata,WH-MUM,RID012,5.0,4.17,2,No,26.63,Medium,Delivered,2026-06
DEL00120,ORD002925,Delhi,WH-BLR,RID025,6.2,3.43,2,No,25.31,High,Delivered,2026-04
DEL00121,ORD008652,Bengaluru,WH-BLR,RID020,4.5,1.24,0,Yes,16.39,Medium,Delivered,2026-03
DEL00122,ORD007458,Kolkata,WH-DEL,RID028,17.7,3.85,0,Yes,70.53,High,Delivered,2026-06
DEL00123,ORD004797,Ahmedabad,WH-KOL,RID033,893.7,38.21,0,Yes,4818.43,Low,Delivered,2026-03
DEL00124,ORD010589,Mumbai,WH-BLR,RID007,12.2,2.51,1,No,60.54,High,Delivered,2026-07
DEL00125,ORD007742,Hyderabad,WH-KOL,RID008,640.0,28.41,1,No,3010.94,Medium,Delivered,2026-06
DEL00126,ORD002908,Delhi,WH-MUM,RID024,12.8,3.18,0,Yes,69.75,Low,Delivered,2026-06
DEL00127,ORD000643,Chennai,WH-KOL,RID001,1495.7,62.03,1,No,6528.15,Medium,Delivered,2026-03
DEL00128,ORD006146,Delhi,WH-KOL,RID032,9.5,2.02,1,No,48.55,Medium,Delivered,2026-07
DEL00129,ORD009747,Kolkata,WH-MUM,RID039,10.4,1.67,2,No,47.28,Medium,Delivered,2026-03
DEL00130,ORD011188,Pune,WH-KOL,RID031,789.4,34.41,0,Yes,4080.6,Low,Delivered,2026-02
DEL00131,ORD008527,Ahmedabad,WH-DEL,RID017,379.3,17.52,0,Yes,1980.31,Low,Delivered,2026-06
DEL00132,ORD002097,Pune,WH-KOL,RID030,263.0,12.26,0,Yes,979.56,Medium,Delivered,2026-05
DEL00133,ORD000545,Mumbai,WH-MUM,RID030,11.6,2.44,0,Yes,50.46,Medium,Delivered,2026-06
DEL00134,ORD008762,Hyderabad,WH-BLR,RID038,669.2,28.4,0,Yes,2819.19,Low,Delivered,2026-07
DEL00135,ORD000692,Chennai,WH-MUM,RID024,1881.1,72.0,0,Yes,9034.07,Low,Delivered Late,2026-05
DEL00136,ORD005310,Kolkata,WH-MUM,RID009,6.7,3.5,0,Yes,28.83,Low,Delivered,2026-04
DEL00137,ORD001462,Pune,WH-BLR,RID031,682.3,29.43,0,Yes,3428.84,Medium,Delivered,2026-03
DEL00138,ORD003848,Delhi,WH-MUM,RID025,6.5,0.5,0,Yes,27.74,Medium,Delivered,2026-03
DEL00139,ORD006211,Hyderabad,WH-MUM,RID004,623.0,27.68,1,No,2634.08,Medium,Delivered,2026-04
DEL00140,ORD008834,Pune,WH-BLR,RID032,546.7,24.18,1,No,2201.72,Medium,Delivered,2026-06
DEL00141,ORD001761,Chennai,WH-BLR,RID031,1412.0,59.04,0,Yes,6295.54,Low,Delivered,2026-04
DEL00142,ORD002411,Pune,WH-MUM,RID038,156.9,9.35,1,No,745.63,Medium,Delivered Late,2026-05
DEL00143,ORD011197,Mumbai,WH-MUM,RID036,10.4,2.27,0,Yes,49.46,Medium,Delivered,2026-03
DEL00144,ORD005200,Mumbai,WH-MUM,RID008,17.3,2.84,1,No,77.25,Low,Delivered,2026-06
DEL00145,ORD010180,Chennai,WH-MUM,RID003,1375.4,55.7,1,No,7227.62,High,Delivered,2026-06
DEL00146,ORD009094,Delhi,WH-KOL,RID037,9.9,1.87,4,No,39.33,Low,Delivered,2026-05
DEL00147,ORD006008,Mumbai,WH-MUM,RID020,11.1,3.38,1,No,45.86,High,Delivered,2026-03
DEL00148,ORD004515,Ahmedabad,WH-DEL,RID040,453.8,20.12,1,No,2025.77,High,Delivered,2026-06
DEL00149,ORD010432,Ahmedabad,WH-MUM,RID034,435.5,19.05,4,No,1916.14,Medium,Delivered,2026-03
DEL00150,ORD004993,Kolkata,WH-MUM,RID020,14.1,2.84,0,Yes,66.38,Medium,Delivered,2026-04
DEL00151,ORD000060,Bengaluru,WH-DEL,RID025,12.6,1.6,1,No,49.4,Medium,Delivered,2026-06
DEL00152,ORD010889,Hyderabad,WH-BLR,RID009,316.3,14.1,2,No,1259.46,High,Delivered,2026-06
DEL00153,ORD006192,Delhi,WH-MUM,RID009,16.6,3.46,4,No,79.66,Low,Delivered,2026-06
DEL00154,ORD002294,Hyderabad,WH-MUM,RID014,432.6,17.59,4,No,2337.02,Medium,Delivered,2026-04
DEL00155,ORD011507,Kolkata,WH-DEL,RID008,10.9,1.92,1,No,54.22,Medium,Delivered,2026-02
DEL00156,ORD005973,Ahmedabad,WH-DEL,RID001,290.3,13.72,1,No,1426.9,High,Delivered,2026-04
DEL00157,ORD003645,Hyderabad,WH-DEL,RID011,433.8,19.75,1,No,1892.96,Medium,Delivered,2026-04
DEL00158,ORD006212,Chennai,WH-MUM,RID004,1776.4,72.0,1,No,6977.72,Low,Delivered,2026-05
DEL00159,ORD007899,Pune,WH-BLR,RID024,733.2,31.83,4,No,3552.22,Medium,Delivered,2026-03
DEL00160,ORD006926,Mumbai,WH-BLR,RID020,10.6,2.47,1,No,53.71,High,Delivered,2026-05
DEL00161,ORD006735,Delhi,WH-MUM,RID030,10.0,3.65,0,Yes,40.69,Medium,Delivered,2026-04
DEL00162,ORD002100,Chennai,WH-MUM,RID039,1136.1,48.09,2,No,4160.8,Low,Delivered,2026-07
DEL00163,ORD002931,Bengaluru,WH-MUM,RID024,11.4,2.22,0,Yes,61.82,Low,Delivered,2026-02
DEL00164,ORD000613,Ahmedabad,WH-BLR,RID002,205.6,11.33,0,Yes,1093.49,High,Delivered,2026-02
DEL00165,ORD006908,Pune,WH-MUM,RID021,571.4,24.9,1,No,3020.91,Medium,Delivered,2026-08
DEL00166,ORD001448,Chennai,WH-BLR,RID019,1379.8,57.61,4,No,5839.18,Low,Delivered,2026-05
DEL00167,ORD002518,Hyderabad,WH-MUM,RID015,181.7,8.71,0,Yes,805.6,High,Delivered,2026-06
DEL00168,ORD003544,Hyderabad,WH-BLR,RID014,367.9,15.79,0,Yes,1462.07,Medium,Delivered,2026-06
DEL00169,ORD001241,Mumbai,WH-MUM,RID004,13.1,1.02,4,No,64.05,Medium,Delivered,2026-07
DEL00170,ORD006357,Kolkata,WH-BLR,RID013,12.7,1.96,0,Yes,68.93,Medium,Delivered,2026-07
DEL00171,ORD000187,Bengaluru,WH-MUM,RID035,16.0,2.64,0,Yes,60.21,Medium,Delivered,2026-03
DEL00172,ORD002161,Hyderabad,WH-BLR,RID013,679.9,28.6,1,No,3211.8,High,Delivered,2026-07
DEL00173,ORD010604,Delhi,WH-DEL,RID007,4.5,2.43,2,No,20.12,High,Delivered,2026-04
DEL00174,ORD009281,Chennai,WH-MUM,RID001,1676.3,68.87,0,Yes,5955.53,Medium,Delivered,2026-03
DEL00175,ORD010928,Pune,WH-BLR,RID022,423.8,18.96,1,No,1780.84,Medium,Delivered,2026-03
DEL00176,ORD009969,Bengaluru,WH-KOL,RID022,13.4,3.73,0,Yes,69.66,Medium,Delivered,2026-05
DEL00177,ORD000286,Delhi,WH-DEL,RID037,9.5,3.84,1,No,38.32,Medium,Delivered Late,2026-03
DEL00178,ORD004034,Kolkata,WH-KOL,RID005,15.6,1.16,0,Yes,85.42,Medium,Delivered,2026-04
DEL00179,ORD011284,Chennai,WH-MUM,RID005,1009.3,41.25,4,No,5134.47,Low,Delivered,2026-06
DEL00180,ORD005873,Hyderabad,WH-KOL,RID002,768.8,32.92,1,No,3093.16,High,Delivered,2026-06
DEL00181,ORD007754,Pune,WH-MUM,RID017,197.7,9.52,2,No,748.07,High,Delivered,2026-07
DEL00182,ORD010028,Hyderabad,WH-KOL,RID018,759.4,30.9,0,Yes,2995.96,Medium,RTO,2026-04
DEL00183,ORD008074,Delhi,WH-KOL,RID005,10.6,2.81,2,No,54.03,Low,Delivered,2026-07
DEL00184,ORD003777,Delhi,WH-DEL,RID035,17.9,1.61,1,No,71.42,Low,Delivered,2026-03
DEL00185,ORD009960,Ahmedabad,WH-DEL,RID030,728.3,31.79,1,No,3003.04,Low,Delivered,2026-05
DEL00186,ORD010326,Ahmedabad,WH-MUM,RID013,543.8,24.72,4,No,2038.56,Medium,Delivered,2026-07
DEL00187,ORD005675,Pune,WH-MUM,RID026,254.4,13.31,1,No,1246.84,High,Delivered,2026-02
DEL00188,ORD008727,Hyderabad,WH-KOL,RID022,540.0,22.88,0,Yes,2399.86,Medium,Delivered,2026-04
DEL00189,ORD006676,Hyderabad,WH-DEL,RID016,201.9,10.1,1,No,1005.27,Low,Delivered Late,2026-02
DEL00190,ORD011394,Hyderabad,WH-MUM,RID036,296.4,14.96,1,No,1241.21,Medium,Delivered,2026-02
DEL00191,ORD004324,Bengaluru,WH-KOL,RID032,8.4,0.5,0,Yes,44.2,High,Delivered,2026-04
DEL00192,ORD008412,Pune,WH-MUM,RID014,164.1,7.44,0,Yes,720.08,Low,Delivered,2026-02
DEL00193,ORD003055,Chennai,WH-BLR,RID039,1097.8,46.45,0,Yes,5131.15,High,Delivered,2026-05
DEL00194,ORD009913,Delhi,WH-KOL,RID020,12.0,4.0,0,Yes,53.48,Medium,Delivered Late,2026-04
DEL00195,ORD009449,Hyderabad,WH-MUM,RID029,797.3,31.44,0,Yes,2854.54,Medium,Delivered,2026-04
DEL00196,ORD009777,Chennai,WH-DEL,RID009,1825.2,72.0,0,Yes,6836.57,Medium,Delivered Late,2026-07
DEL00197,ORD007708,Bengaluru,WH-KOL,RID039,9.3,2.03,1,No,39.96,Low,Delivered,2026-02
DEL00198,ORD002228,Kolkata,WH-MUM,RID016,10.5,2.53,0,Yes,37.12,Low,Delivered,2026-02
DEL00199,ORD001345,Kolkata,WH-MUM,RID018,9.7,4.28,0,Yes,53.02,High,Delivered Late,2026-08
DEL00200,ORD008285,Delhi,WH-DEL,RID004,9.8,3.38,0,Yes,48.24,High,Delivered,2026-05
DEL00201,ORD003785,Chennai,WH-MUM,RID014,994.3,42.23,1,No,4896.78,Low,Delivered,2026-05
DEL00202,ORD004730,Delhi,WH-KOL,RID004,11.6,1.05,4,No,42.06,Medium,Delivered,2026-03
DEL00203,ORD005493,Kolkata,WH-BLR,RID008,13.2,2.53,2,No,65.79,Low,Delivered Late,2026-05
DEL00204,ORD005659,Delhi,WH-BLR,RID014,14.3,3.4,0,Yes,60.15,Low,Delivered Late,2026-05
DEL00205,ORD003791,Chennai,WH-BLR,RID029,904.8,37.07,4,No,4343.38,Medium,Delivered,2026-03
DEL00206,ORD005030,Hyderabad,WH-KOL,RID039,515.5,22.21,2,No,2354.33,Medium,Delivered,2026-04
DEL00207,ORD003337,Pune,WH-MUM,RID039,815.5,34.48,0,Yes,3496.51,Low,RTO,2026-06
DEL00208,ORD003044,Kolkata,WH-KOL,RID027,15.8,1.96,0,Yes,86.3,High,Delivered,2026-05
DEL00209,ORD005514,Ahmedabad,WH-BLR,RID015,680.1,29.92,4,No,3474.44,Medium,Delivered,2026-04
DEL00210,ORD006276,Bengaluru,WH-BLR,RID009,7.8,3.18,0,Yes,33.87,Medium,Delivered,2026-05
DEL00211,ORD005610,Ahmedabad,WH-BLR,RID014,818.8,33.92,2,No,4319.95,High,Delivered,2026-05
DEL00212,ORD007862,Hyderabad,WH-BLR,RID009,333.8,14.3,1,No,1419.43,Low,Delivered,2026-04
DEL00213,ORD003992,Hyderabad,WH-DEL,RID004,803.4,34.06,0,Yes,3048.86,Medium,Delivered,2026-04
DEL00214,ORD004456,Mumbai,WH-BLR,RID001,7.4,2.64,2,No,28.49,Medium,RTO,2026-03
DEL00215,ORD005232,Ahmedabad,WH-MUM,RID034,414.9,20.49,0,Yes,1865.13,Medium,Delivered,2026-03
DEL00216,ORD003783,Delhi,WH-MUM,RID008,4.8,2.21,4,No,19.02,High,Delivered,2026-02
DEL00217,ORD001332,Kolkata,WH-MUM,RID012,9.7,2.02,1,No,39.68,Medium,Delivered,2026-05
DEL00218,ORD003589,Bengaluru,WH-KOL,RID026,15.7,1.85,2,No,69.7,Low,Delivered,2026-06
DEL00219,ORD004740,Chennai,WH-MUM,RID002,2009.9,72.0,0,Yes,7311.94,Low,Delivered,2026-06
DEL00220,ORD005416,Pune,WH-MUM,RID019,708.5,30.07,0,Yes,3257.75,Low,Delivered,2026-06
DEL00221,ORD008808,Kolkata,WH-MUM,RID018,13.2,3.31,1,No,56.69,Medium,Delivered,2026-06
DEL00222,ORD007186,Delhi,WH-MUM,RID035,13.0,2.73,2,No,54.66,High,Delivered,2026-07
DEL00223,ORD007519,Kolkata,WH-MUM,RID020,10.4,2.32,1,No,40.01,Medium,Delivered,2026-05
DEL00224,ORD010717,Hyderabad,WH-KOL,RID005,348.1,14.99,0,Yes,1872.58,Medium,Delivered,2026-07
DEL00225,ORD006842,Kolkata,WH-DEL,RID032,10.1,2.84,0,Yes,36.65,High,Delivered,2026-03
DEL00226,ORD002128,Delhi,WH-MUM,RID014,7.9,2.16,0,Yes,39.93,Low,Delivered,2026-07
DEL00227,ORD006982,Pune,WH-BLR,RID029,615.3,27.3,0,Yes,3093.67,Medium,Delivered,2026-02
DEL00228,ORD008957,Ahmedabad,WH-DEL,RID021,269.8,11.36,1,No,1354.96,Low,Delivered,2026-07
DEL00229,ORD010424,Delhi,WH-BLR,RID034,14.3,2.88,2,No,60.42,Low,Delivered,2026-06
DEL00230,ORD007377,Kolkata,WH-KOL,RID029,10.7,3.19,0,Yes,54.48,Medium,Delivered,2026-02
DEL00231,ORD004476,Ahmedabad,WH-MUM,RID030,530.6,23.27,0,Yes,2482.19,Medium,Delivered,2026-04
DEL00232,ORD009847,Delhi,WH-BLR,RID008,5.5,3.06,1,No,21.29,Low,Delivered,2026-03
DEL00233,ORD007593,Chennai,WH-MUM,RID003,1833.9,72.0,1,No,8521.51,Low,Delivered,2026-05
DEL00234,ORD007809,Hyderabad,WH-KOL,RID036,551.2,23.43,4,No,2388.21,Medium,Delivered,2026-04
DEL00235,ORD001059,Bengaluru,WH-KOL,RID032,7.8,1.16,1,No,37.2,Medium,Delivered,2026-05
DEL00236,ORD006157,Delhi,WH-MUM,RID002,11.6,3.45,0,Yes,55.76,Medium,Delivered,2026-05
DEL00237,ORD009972,Kolkata,WH-DEL,RID028,8.8,1.78,2,No,41.25,Low,Delivered,2026-07
DEL00238,ORD003424,Ahmedabad,WH-MUM,RID032,484.5,21.26,0,Yes,2339.89,Medium,Delivered,2026-03
DEL00239,ORD004975,Mumbai,WH-KOL,RID025,8.3,1.8,0,Yes,32.41,Medium,Delivered,2026-04
DEL00240,ORD000631,Chennai,WH-DEL,RID019,1193.9,50.82,0,Yes,5701.84,High,Delivered Late,2026-07
DEL00241,ORD006736,Delhi,WH-BLR,RID026,6.2,0.5,0,Yes,30.63,Low,Delivered,2026-06
DEL00242,ORD010076,Mumbai,WH-BLR,RID009,9.7,3.28,4,No,50.74,Medium,Delivered,2026-07
DEL00243,ORD004477,Ahmedabad,WH-MUM,RID020,873.9,36.42,1,No,4636.88,Medium,Delivered,2026-08
DEL00244,ORD009614,Delhi,WH-KOL,RID001,14.1,4.67,0,Yes,77.13,Low,Delivered,2026-06
DEL00245,ORD006111,Hyderabad,WH-MUM,RID032,589.5,26.5,1,No,2675.04,High,Delivered,2026-05
DEL00246,ORD007985,Bengaluru,WH-KOL,RID033,17.7,1.9,4,No,88.33,High,Delivered,2026-07
DEL00247,ORD011356,Pune,WH-MUM,RID012,337.8,17.07,0,Yes,1796.09,High,Delivered,2026-05
DEL00248,ORD004974,Hyderabad,WH-MUM,RID036,282.5,12.66,0,Yes,1535.69,Low,Delivered,2026-02
DEL00249,ORD011073,Hyderabad,WH-DEL,RID013,352.4,16.68,1,No,1611.87,Low,Delivered,2026-02
DEL00250,ORD008396,Ahmedabad,WH-BLR,RID023,618.8,27.2,0,Yes,2670.15,Low,Delivered,2026-05
DEL00251,ORD007387,Mumbai,WH-KOL,RID002,9.6,4.57,1,No,38.76,High,Delivered Late,2026-02
DEL00252,ORD000507,Delhi,WH-BLR,RID014,11.9,1.53,1,No,57.76,Medium,Delivered,2026-07
DEL00253,ORD005047,Kolkata,WH-MUM,RID036,7.9,0.5,4,No,32.72,Medium,Delivered,2026-02
DEL00254,ORD004306,Mumbai,WH-BLR,RID040,7.5,1.13,1,No,36.49,Medium,Delivered,2026-04
DEL00255,ORD008365,Chennai,WH-MUM,RID010,1988.1,72.0,0,Yes,9983.4,Low,Delivered,2026-06
DEL00256,ORD000133,Hyderabad,WH-KOL,RID012,628.4,26.08,4,No,3190.41,Medium,Delivered,2026-07
DEL00257,ORD007501,Delhi,WH-DEL,RID040,4.9,0.8,4,No,23.64,High,Delivered Late,2026-03
DEL00258,ORD009221,Hyderabad,WH-BLR,RID016,387.5,17.17,4,No,1584.37,Medium,Delivered,2026-04
DEL00259,ORD006918,Bengaluru,WH-DEL,RID032,7.9,3.25,4,No,27.96,Medium,Delivered,2026-02
DEL00260,ORD003193,Chennai,WH-MUM,RID036,1821.1,71.94,1,No,6511.56,Low,Delivered,2026-05
DEL00261,ORD002876,Mumbai,WH-KOL,RID033,5.4,2.39,0,Yes,22.0,Medium,Delivered,2026-03
DEL00262,ORD000053,Pune,WH-BLR,RID003,685.9,29.6,0,Yes,2566.0,Medium,Delivered Late,2026-06
DEL00263,ORD004004,Mumbai,WH-KOL,RID006,9.2,3.16,0,Yes,36.0,Medium,Delivered,2026-07
DEL00264,ORD003973,Delhi,WH-KOL,RID038,8.6,1.29,2,No,32.3,Medium,RTO,2026-06
DEL00265,ORD009768,Hyderabad,WH-MUM,RID025,459.2,22.09,4,No,1654.0,High,Delivered,2026-07
DEL00266,ORD002162,Mumbai,WH-MUM,RID003,6.0,2.42,4,No,32.67,Low,Delivered,2026-03
DEL00267,ORD010822,Chennai,WH-KOL,RID005,1278.3,53.55,4,No,5304.63,High,Delivered,2026-02
DEL00268,ORD004551,Pune,WH-MUM,RID020,867.0,36.15,0,Yes,3902.39,Medium,Delivered,2026-07
DEL00269,ORD003130,Kolkata,WH-MUM,RID008,11.5,3.59,1,No,47.76,Medium,Delivered,2026-07
DEL00270,ORD005122,Ahmedabad,WH-MUM,RID039,669.6,31.25,0,Yes,2875.26,Low,Delivered,2026-06
DEL00271,ORD004925,Hyderabad,WH-DEL,RID040,223.6,10.62,0,Yes,791.18,Medium,Delivered,2026-07
DEL00272,ORD006956,Hyderabad,WH-KOL,RID010,434.2,19.63,4,No,2297.54,Medium,Delivered,2026-07
DEL00273,ORD005858,Delhi,WH-DEL,RID011,10.6,3.03,4,No,44.92,Medium,Delivered,2026-02
DEL00274,ORD001177,Kolkata,WH-MUM,RID005,17.8,4.13,1,No,86.45,Medium,Delivered,2026-06
DEL00275,ORD006862,Pune,WH-MUM,RID029,411.8,19.49,0,Yes,1789.7,Medium,Delivered,2026-06
DEL00276,ORD000651,Kolkata,WH-DEL,RID017,5.9,2.75,0,Yes,25.96,Medium,Delivered,2026-07
DEL00277,ORD006526,Chennai,WH-KOL,RID022,1944.7,72.0,0,Yes,8620.96,Medium,Delivered,2026-07
DEL00278,ORD000027,Ahmedabad,WH-BLR,RID007,421.8,19.76,4,No,1568.8,Medium,Delivered,2026-04
DEL00279,ORD006354,Delhi,WH-MUM,RID014,13.1,3.55,0,Yes,62.46,Medium,Delivered,2026-02
DEL00280,ORD005978,Delhi,WH-MUM,RID020,7.7,3.37,1,No,34.34,Medium,Delivered,2026-03
DEL00281,ORD009091,Mumbai,WH-BLR,RID036,7.4,1.75,1,No,31.58,Medium,Delivered,2026-04
DEL00282,ORD003111,Delhi,WH-BLR,RID027,9.5,5.18,4,No,48.6,Medium,Delivered,2026-05
DEL00283,ORD003125,Mumbai,WH-MUM,RID034,12.5,2.82,0,Yes,49.36,Medium,Delivered,2026-04
DEL00284,ORD008141,Kolkata,WH-MUM,RID009,4.9,2.76,1,No,19.37,Medium,Delivered,2026-04
DEL00285,ORD008203,Ahmedabad,WH-BLR,RID033,724.7,31.97,1,No,3866.54,Medium,Delivered,2026-02
DEL00286,ORD010199,Chennai,WH-MUM,RID023,2029.9,72.0,2,No,7469.63,High,Delivered,2026-08
DEL00287,ORD010480,Hyderabad,WH-BLR,RID039,315.4,15.57,4,No,1704.9,High,Delivered,2026-03
DEL00288,ORD007787,Delhi,WH-KOL,RID012,7.8,1.72,2,No,38.05,Medium,Delivered Late,2026-07
DEL00289,ORD009376,Hyderabad,WH-KOL,RID017,897.4,37.97,0,Yes,4471.85,Medium,Delivered,2026-03
DEL00290,ORD008672,Kolkata,WH-BLR,RID020,14.4,2.61,0,Yes,51.94,Low,Delivered,2026-07
DEL00291,ORD000981,Hyderabad,WH-MUM,RID015,515.8,23.6,0,Yes,2820.71,Medium,Delivered,2026-07
DEL00292,ORD004281,Ahmedabad,WH-DEL,RID005,207.2,10.4,2,No,910.95,Medium,Delivered,2026-05
DEL00293,ORD005431,Mumbai,WH-MUM,RID033,5.4,2.45,0,Yes,19.58,Medium,Delivered,2026-02
DEL00294,ORD005131,Pune,WH-BLR,RID004,477.0,21.36,4,No,2217.58,Medium,Delivered,2026-06
DEL00295,ORD005233,Ahmedabad,WH-MUM,RID019,447.1,21.28,0,Yes,1898.05,Low,Delivered,2026-04
DEL00296,ORD010540,Delhi,WH-MUM,RID013,16.4,0.5,1,No,80.07,Medium,Delivered,2026-03
DEL00297,ORD003309,Delhi,WH-BLR,RID038,13.0,2.96,0,Yes,50.79,Medium,Delivered Late,2026-03
DEL00298,ORD008148,Hyderabad,WH-MUM,RID031,310.7,14.07,0,Yes,1096.02,High,Delivered,2026-03
DEL00299,ORD009635,Mumbai,WH-DEL,RID001,12.7,0.74,0,Yes,46.02,Medium,Delivered,2026-06
DEL00300,ORD004933,Delhi,WH-BLR,RID028,4.2,1.11,1,No,18.05,Low,Delivered,2026-04
DEL00301,ORD010737,Mumbai,WH-KOL,RID022,13.5,1.47,0,Yes,52.68,Medium,Delivered,2026-06
DEL00302,ORD006598,Mumbai,WH-KOL,RID009,17.2,2.28,4,No,88.72,High,Delivered,2026-03
DEL00303,ORD004144,Mumbai,WH-KOL,RID004,10.3,1.58,0,Yes,39.81,Low,Delivered,2026-02
DEL00304,ORD008469,Pune,WH-MUM,RID017,868.2,36.79,1,No,3266.24,High,Delivered,2026-04
DEL00305,ORD005756,Pune,WH-BLR,RID038,635.8,28.22,0,Yes,2557.57,Medium,Delivered,2026-03
DEL00306,ORD002651,Hyderabad,WH-BLR,RID022,842.6,35.87,2,No,4447.54,High,Delivered,2026-06
DEL00307,ORD003458,Mumbai,WH-BLR,RID017,10.1,1.72,0,Yes,49.26,Medium,Delivered,2026-06
DEL00308,ORD001947,Kolkata,WH-BLR,RID021,13.8,2.75,0,Yes,54.74,High,Delivered,2026-05
DEL00309,ORD005043,Pune,WH-KOL,RID036,456.7,20.89,4,No,1983.24,Medium,Delivered,2026-03
DEL00310,ORD008002,Mumbai,WH-BLR,RID036,13.1,3.71,2,No,50.54,Low,Delivered,2026-03
DEL00311,ORD001092,Mumbai,WH-BLR,RID019,7.5,1.48,2,No,26.98,Medium,Delivered,2026-05
DEL00312,ORD008105,Pune,WH-BLR,RID034,789.5,35.29,4,No,2898.83,Medium,Delivered Late,2026-03
DEL00313,ORD004159,Pune,WH-KOL,RID032,642.0,27.85,1,No,2776.76,High,RTO,2026-07
DEL00314,ORD006813,Bengaluru,WH-MUM,RID014,15.1,2.75,0,Yes,54.63,High,Delivered,2026-08
DEL00315,ORD009684,Kolkata,WH-DEL,RID013,9.8,1.69,0,Yes,40.36,Medium,Delivered,2026-05
DEL00316,ORD006328,Hyderabad,WH-KOL,RID029,318.9,13.43,2,No,1506.7,Medium,Delivered,2026-03
DEL00317,ORD010107,Kolkata,WH-MUM,RID013,8.6,0.94,0,Yes,41.0,Low,Delivered,2026-05
DEL00318,ORD003944,Pune,WH-KOL,RID008,402.9,19.91,0,Yes,1562.15,Low,Delivered,2026-03
DEL00319,ORD000325,Pune,WH-BLR,RID033,641.1,29.08,4,No,3359.07,Low,Delivered,2026-04
DEL00320,ORD001917,Bengaluru,WH-DEL,RID010,6.7,2.89,1,No,25.24,Low,Delivered,2026-04
DEL00321,ORD010151,Bengaluru,WH-BLR,RID002,10.5,1.32,0,Yes,52.75,Low,Delivered Late,2026-05
DEL00322,ORD003165,Kolkata,WH-BLR,RID037,12.6,2.4,1,No,64.35,Medium,RTO,2026-07
DEL00323,ORD001346,Pune,WH-BLR,RID009,569.7,23.31,0,Yes,2182.97,High,RTO,2026-04
DEL00324,ORD006981,Mumbai,WH-DEL,RID026,14.3,1.97,4,No,67.84,Medium,Delivered,2026-07
DEL00325,ORD004078,Chennai,WH-MUM,RID006,1380.7,55.65,0,Yes,7247.57,High,Delivered,2026-06
DEL00326,ORD008580,Ahmedabad,WH-MUM,RID033,375.6,16.62,1,No,1467.59,Medium,Delivered,2026-03
DEL00327,ORD006705,Hyderabad,WH-KOL,RID028,557.2,23.93,0,Yes,2049.2,Medium,Delivered,2026-04
DEL00328,ORD007260,Bengaluru,WH-BLR,RID024,7.6,1.66,1,No,29.87,Low,RTO,2026-04
DEL00329,ORD008054,Hyderabad,WH-KOL,RID018,316.6,13.74,1,No,1621.8,Low,Delivered,2026-07
DEL00330,ORD002288,Pune,WH-BLR,RID007,388.4,17.38,0,Yes,1593.6,Low,Delivered,2026-05
DEL00331,ORD005079,Delhi,WH-DEL,RID035,6.0,2.77,0,Yes,30.28,Medium,Delivered,2026-04
DEL00332,ORD006806,Chennai,WH-KOL,RID012,1379.1,58.44,1,No,5804.55,High,Delivered Late,2026-07
DEL00333,ORD008693,Pune,WH-MUM,RID017,469.6,20.09,1,No,2444.42,Medium,RTO,2026-05
DEL00334,ORD011053,Chennai,WH-KOL,RID021,1557.1,64.88,0,Yes,6673.26,Low,Delivered,2026-04
DEL00335,ORD000583,Bengaluru,WH-BLR,RID034,5.4,2.79,1,No,26.57,Low,Delivered,2026-04
DEL00336,ORD004863,Bengaluru,WH-BLR,RID036,10.4,2.77,1,No,50.87,Medium,Delivered,2026-02
DEL00337,ORD000134,Bengaluru,WH-BLR,RID012,4.0,3.04,0,Yes,14.22,Medium,Delivered,2026-06
DEL00338,ORD005878,Delhi,WH-DEL,RID033,7.4,2.44,2,No,28.95,High,Delivered,2026-05
DEL00339,ORD001619,Chennai,WH-DEL,RID020,1383.9,57.33,1,No,4844.72,High,Delivered,2026-05
DEL00340,ORD007710,Chennai,WH-MUM,RID035,1767.2,72.0,1,No,9244.7,Medium,Delivered,2026-07
DEL00341,ORD001113,Chennai,WH-MUM,RID020,1595.5,67.71,0,Yes,8494.99,Medium,Delivered,2026-02
DEL00342,ORD004875,Pune,WH-MUM,RID013,788.6,32.01,0,Yes,3233.69,Medium,Delivered,2026-02
DEL00343,ORD006411,Mumbai,WH-KOL,RID029,9.5,2.55,0,Yes,38.4,Medium,Delivered,2026-06
DEL00344,ORD000503,Kolkata,WH-MUM,RID031,14.1,2.12,0,Yes,58.08,Medium,Delivered,2026-02
DEL00345,ORD004333,Delhi,WH-MUM,RID029,8.8,1.27,0,Yes,31.16,Low,Delivered,2026-07
DEL00346,ORD007212,Kolkata,WH-MUM,RID022,9.3,2.9,0,Yes,38.84,Medium,Delivered,2026-03
DEL00347,ORD005981,Ahmedabad,WH-KOL,RID015,219.6,10.45,0,Yes,964.26,Medium,Delivered,2026-05
DEL00348,ORD008390,Pune,WH-DEL,RID011,378.8,16.66,1,No,1390.11,Medium,Delivered,2026-04
DEL00349,ORD005507,Hyderabad,WH-DEL,RID027,598.4,26.26,2,No,2232.08,High,Delivered,2026-04
DEL00350,ORD005554,Hyderabad,WH-KOL,RID003,206.6,11.05,4,No,859.07,High,Delivered,2026-08
DEL00351,ORD011201,Delhi,WH-MUM,RID019,7.8,1.22,2,No,33.53,Low,Delivered,2026-05
DEL00352,ORD008395,Bengaluru,WH-BLR,RID033,12.8,2.72,0,Yes,65.92,Low,Delivered,2026-04
DEL00353,ORD005828,Chennai,WH-KOL,RID031,2052.8,72.0,2,No,10651.59,High,Delivered,2026-07
DEL00354,ORD000091,Chennai,WH-MUM,RID014,1819.4,72.0,0,Yes,9337.64,Medium,Delivered,2026-07
DEL00355,ORD011459,Mumbai,WH-KOL,RID039,17.5,2.59,1,No,83.52,Medium,Delivered,2026-02
DEL00356,ORD008892,Hyderabad,WH-BLR,RID020,755.5,32.03,1,No,4090.48,Medium,Delivered,2026-03
DEL00357,ORD001249,Mumbai,WH-KOL,RID009,15.6,0.61,4,No,67.96,Low,Delivered,2026-06
DEL00358,ORD002878,Mumbai,WH-KOL,RID012,5.9,0.5,0,Yes,29.04,High,Delivered,2026-07
DEL00359,ORD004153,Chennai,WH-BLR,RID024,1900.4,72.0,0,Yes,9292.89,High,Delivered Late,2026-05
DEL00360,ORD008238,Chennai,WH-MUM,RID020,1257.2,54.27,1,No,4585.61,Medium,Delivered Late,2026-02
DEL00361,ORD006592,Mumbai,WH-MUM,RID037,11.3,4.05,4,No,56.92,Medium,Delivered,2026-07
DEL00362,ORD000436,Bengaluru,WH-KOL,RID037,6.0,4.15,0,Yes,27.2,Low,Delivered,2026-02
DEL00363,ORD008387,Kolkata,WH-KOL,RID027,15.0,2.29,1,No,74.59,High,Delivered,2026-06
DEL00364,ORD006499,Hyderabad,WH-KOL,RID037,561.0,24.3,1,No,2662.39,Medium,Delivered,2026-04
DEL00365,ORD000225,Hyderabad,WH-BLR,RID002,647.7,26.72,2,No,3070.72,Medium,Delivered,2026-07
DEL00366,ORD011014,Bengaluru,WH-KOL,RID024,13.0,1.47,2,No,69.47,Medium,Delivered,2026-02
DEL00367,ORD001789,Chennai,WH-BLR,RID017,1247.9,52.68,4,No,5714.29,High,Delivered,2026-04
DEL00368,ORD007688,Pune,WH-DEL,RID006,629.7,26.5,0,Yes,2503.16,High,Delivered,2026-06
DEL00369,ORD001843,Kolkata,WH-KOL,RID013,15.2,2.07,0,Yes,53.87,Low,Delivered,2026-07
DEL00370,ORD010469,Mumbai,WH-BLR,RID012,11.6,2.16,1,No,49.01,Medium,Delivered,2026-05
DEL00371,ORD009273,Ahmedabad,WH-BLR,RID037,201.9,10.99,0,Yes,841.12,Medium,Delivered,2026-03
DEL00372,ORD001568,Kolkata,WH-MUM,RID004,16.1,2.66,0,Yes,84.68,High,Delivered,2026-05
DEL00373,ORD008673,Hyderabad,WH-DEL,RID022,575.8,24.44,0,Yes,2151.5,Low,Delivered,2026-03
DEL00374,ORD006325,Pune,WH-MUM,RID038,859.6,36.4,1,No,3136.63,Medium,Delivered,2026-07
DEL00375,ORD009569,Mumbai,WH-DEL,RID008,16.9,3.57,2,No,64.56,Medium,Delivered,2026-03
DEL00376,ORD000464,Hyderabad,WH-KOL,RID020,752.5,31.5,2,No,3259.19,Low,Delivered,2026-06
DEL00377,ORD002826,Pune,WH-BLR,RID020,196.1,8.86,0,Yes,833.47,High,Delivered Late,2026-04
DEL00378,ORD002970,Hyderabad,WH-MUM,RID013,254.3,11.25,4,No,1286.3,Low,Delivered,2026-07
DEL00379,ORD011286,Pune,WH-BLR,RID026,565.9,26.61,0,Yes,3048.19,Low,Delivered,2026-06
DEL00380,ORD010968,Delhi,WH-BLR,RID022,8.3,1.58,4,No,30.23,Medium,Delivered,2026-07
DEL00381,ORD002151,Bengaluru,WH-KOL,RID016,13.5,2.56,1,No,53.61,High,Delivered,2026-03
DEL00382,ORD001201,Chennai,WH-MUM,RID025,1984.0,72.0,0,Yes,9365.39,Low,Delivered,2026-03
DEL00383,ORD007531,Ahmedabad,WH-BLR,RID006,719.0,33.07,0,Yes,3495.3,Medium,Delivered,2026-04
DEL00384,ORD003745,Mumbai,WH-MUM,RID007,11.9,1.89,0,Yes,43.62,Medium,Delivered,2026-07
DEL00385,ORD005695,Hyderabad,WH-BLR,RID017,661.0,28.93,4,No,3553.73,Medium,Delivered,2026-05
DEL00386,ORD009971,Chennai,WH-MUM,RID005,2075.0,72.0,0,Yes,8150.64,Medium,Delivered,2026-04
DEL00387,ORD009448,Kolkata,WH-DEL,RID005,12.1,1.75,0,Yes,60.12,Medium,Delivered,2026-07
DEL00388,ORD008679,Mumbai,WH-MUM,RID019,13.2,3.21,4,No,49.19,High,Delivered,2026-06
DEL00389,ORD005953,Mumbai,WH-BLR,RID036,4.1,1.57,1,No,21.0,High,Delivered,2026-03
DEL00390,ORD002034,Mumbai,WH-KOL,RID007,4.2,3.13,0,Yes,18.42,Low,Delivered,2026-04
DEL00391,ORD004519,Chennai,WH-DEL,RID024,1000.9,44.65,1,No,5144.49,Low,Delivered,2026-06
DEL00392,ORD004936,Hyderabad,WH-MUM,RID020,787.8,34.38,0,Yes,2946.9,Medium,Delivered,2026-04
DEL00393,ORD002683,Delhi,WH-DEL,RID003,16.0,1.8,2,No,87.66,Medium,Delivered,2026-05
DEL00394,ORD006585,Mumbai,WH-BLR,RID006,18.0,2.5,0,Yes,91.64,Medium,Delivered,2026-06
DEL00395,ORD004056,Ahmedabad,WH-BLR,RID027,182.6,7.63,4,No,964.39,High,Delivered,2026-02
DEL00396,ORD009271,Delhi,WH-BLR,RID006,4.6,0.5,1,No,18.8,High,Delivered,2026-04
DEL00397,ORD007609,Mumbai,WH-KOL,RID018,17.9,1.4,1,No,64.94,Medium,Delivered,2026-02
DEL00398,ORD008958,Bengaluru,WH-BLR,RID037,5.3,2.27,0,Yes,22.55,High,Delivered,2026-04
DEL00399,ORD009608,Bengaluru,WH-MUM,RID010,14.7,2.92,0,Yes,58.53,Medium,Delivered,2026-03
DEL00400,ORD010704,Hyderabad,WH-BLR,RID014,159.5,8.7,0,Yes,611.16,High,Delivered,2026-05
DEL00401,ORD005521,Bengaluru,WH-MUM,RID008,12.7,2.99,0,Yes,68.83,Medium,Delivered,2026-06
DEL00402,ORD009219,Chennai,WH-DEL,RID009,1564.8,64.75,0,Yes,7462.44,Medium,Delivered,2026-02
DEL00403,ORD009603,Ahmedabad,WH-BLR,RID001,615.0,27.4,0,Yes,2702.08,High,Delivered,2026-04
DEL00404,ORD008682,Chennai,WH-KOL,RID040,2059.0,72.0,4,No,11116.22,Low,Delivered,2026-03
DEL00405,ORD006363,Ahmedabad,WH-BLR,RID014,522.6,22.15,1,No,2308.79,High,Delivered,2026-06
DEL00406,ORD001750,Pune,WH-DEL,RID037,884.8,38.25,0,Yes,4458.3,High,Delivered,2026-07
DEL00407,ORD002483,Chennai,WH-BLR,RID037,1299.7,52.87,4,No,6023.03,High,Delivered,2026-07
DEL00408,ORD008615,Kolkata,WH-MUM,RID001,6.0,1.31,1,No,22.07,Medium,Delivered,2026-07
DEL00409,ORD001296,Delhi,WH-KOL,RID015,9.9,4.45,4,No,52.11,Medium,Delivered,2026-05
DEL00410,ORD005740,Pune,WH-BLR,RID029,862.8,35.48,0,Yes,3355.06,High,Delivered,2026-03
DEL00411,ORD003041,Chennai,WH-KOL,RID030,1361.6,57.32,1,No,5376.0,Low,Delivered,2026-03
DEL00412,ORD010149,Chennai,WH-DEL,RID025,1499.7,62.56,4,No,6527.63,Medium,Delivered,2026-07
DEL00413,ORD005212,Chennai,WH-DEL,RID002,1789.4,72.0,0,Yes,8016.04,High,Delivered,2026-06
DEL00414,ORD001818,Delhi,WH-MUM,RID012,17.8,5.42,0,Yes,75.68,Medium,Delivered,2026-02
DEL00415,ORD005288,Chennai,WH-KOL,RID023,1121.8,46.6,0,Yes,4565.36,Low,Delivered,2026-03
DEL00416,ORD007548,Hyderabad,WH-DEL,RID034,844.2,35.38,1,No,4147.06,Medium,Delivered,2026-07
DEL00417,ORD010940,Ahmedabad,WH-BLR,RID030,392.3,17.34,0,Yes,1678.43,Low,Delivered,2026-03
DEL00418,ORD007829,Kolkata,WH-MUM,RID028,13.9,3.02,4,No,50.52,High,Delivered,2026-08
DEL00419,ORD009683,Bengaluru,WH-KOL,RID035,11.5,1.76,1,No,57.13,Medium,Delivered,2026-07
DEL00420,ORD009627,Chennai,WH-BLR,RID011,1440.5,58.21,0,Yes,7629.59,Medium,Delivered,2026-07
DEL00421,ORD001601,Chennai,WH-MUM,RID015,1313.7,55.22,4,No,5276.18,Medium,Delivered,2026-06
DEL00422,ORD007676,Pune,WH-BLR,RID018,309.9,13.14,4,No,1257.93,Medium,Delivered,2026-05
DEL00423,ORD008879,Kolkata,WH-BLR,RID010,11.2,0.99,0,Yes,43.7,High,Delivered,2026-05
DEL00424,ORD001943,Ahmedabad,WH-MUM,RID028,357.6,15.67,0,Yes,1875.22,Low,Delivered,2026-03
DEL00425,ORD010823,Chennai,WH-BLR,RID016,1427.0,61.44,1,No,5143.07,Medium,Delivered,2026-05
DEL00426,ORD004099,Bengaluru,WH-MUM,RID032,12.0,2.07,0,Yes,47.67,Medium,Delivered,2026-03
DEL00427,ORD008528,Delhi,WH-MUM,RID007,13.1,4.19,1,No,61.37,High,Delivered,2026-07
DEL00428,ORD000512,Hyderabad,WH-MUM,RID013,276.2,12.93,0,Yes,1235.33,Low,Delivered,2026-07
DEL00429,ORD008332,Pune,WH-MUM,RID022,488.3,21.61,0,Yes,2406.2,Low,Delivered,2026-03
DEL00430,ORD005481,Hyderabad,WH-DEL,RID023,689.4,29.8,0,Yes,2524.31,High,Delivered,2026-04
DEL00431,ORD006414,Ahmedabad,WH-MUM,RID004,585.0,24.77,0,Yes,2341.46,Medium,Delivered,2026-02
DEL00432,ORD003807,Delhi,WH-MUM,RID016,8.6,2.37,0,Yes,32.54,High,Delivered,2026-05
DEL00433,ORD004151,Mumbai,WH-KOL,RID022,8.8,2.9,1,No,33.1,High,Delivered,2026-07
DEL00434,ORD006530,Hyderabad,WH-BLR,RID020,644.6,27.99,4,No,3238.99,Low,Delivered,2026-06
DEL00435,ORD003584,Chennai,WH-DEL,RID016,925.4,38.38,2,No,5005.93,High,Delivered,2026-04
DEL00436,ORD007556,Pune,WH-DEL,RID012,848.6,36.89,0,Yes,3009.66,High,Delivered,2026-04
DEL00437,ORD002260,Ahmedabad,WH-MUM,RID037,608.4,24.4,4,No,2528.6,Low,Delivered,2026-02
DEL00438,ORD005551,Pune,WH-BLR,RID009,870.8,37.47,4,No,4525.91,Medium,Delivered,2026-06
DEL00439,ORD003659,Chennai,WH-MUM,RID031,1030.1,43.62,0,Yes,4584.15,Medium,Delivered,2026-06
DEL00440,ORD008324,Pune,WH-MUM,RID001,810.2,34.49,0,Yes,3106.42,Low,Delivered,2026-05
DEL00441,ORD007981,Bengaluru,WH-BLR,RID006,6.5,3.42,0,Yes,23.05,Medium,Delivered,2026-02
DEL00442,ORD007693,Delhi,WH-MUM,RID004,14.1,2.95,0,Yes,55.2,Low,Delivered,2026-07
DEL00443,ORD001710,Delhi,WH-BLR,RID038,5.9,0.5,0,Yes,24.81,High,Delivered,2026-07
DEL00444,ORD009009,Ahmedabad,WH-BLR,RID029,458.5,21.15,1,No,1608.37,Low,Delivered,2026-07
DEL00445,ORD008402,Ahmedabad,WH-BLR,RID033,652.7,28.12,2,No,2889.53,High,Delivered,2026-03
DEL00446,ORD008085,Delhi,WH-BLR,RID022,12.0,2.61,0,Yes,63.18,Low,Delivered,2026-05
DEL00447,ORD003552,Pune,WH-KOL,RID031,798.4,34.18,1,No,2981.83,High,RTO,2026-08
DEL00448,ORD006948,Delhi,WH-DEL,RID008,9.8,2.49,0,Yes,37.58,High,Delivered,2026-06
DEL00449,ORD010221,Bengaluru,WH-MUM,RID013,8.0,1.19,2,No,30.35,High,Delivered,2026-02
DEL00450,ORD010246,Bengaluru,WH-BLR,RID012,6.9,1.68,0,Yes,37.56,Medium,Delivered Late,2026-02
DEL00451,ORD003842,Pune,WH-KOL,RID027,879.7,38.06,0,Yes,4631.03,Low,Delivered,2026-05
DEL00452,ORD008825,Bengaluru,WH-DEL,RID020,12.2,2.46,0,Yes,45.79,High,Delivered,2026-06
DEL00453,ORD008214,Ahmedabad,WH-MUM,RID023,332.6,15.48,0,Yes,1467.43,Medium,Delivered,2026-06
DEL00454,ORD002383,Pune,WH-BLR,RID007,683.5,30.01,0,Yes,3255.59,High,Delivered,2026-07
DEL00455,ORD005607,Bengaluru,WH-BLR,RID003,5.4,1.99,0,Yes,29.43,Low,Delivered,2026-03
DEL00456,ORD004095,Pune,WH-BLR,RID038,598.9,27.05,0,Yes,2268.83,Medium,Delivered,2026-02
DEL00457,ORD005559,Kolkata,WH-MUM,RID031,12.8,2.74,0,Yes,65.26,Medium,Delivered Late,2026-06
DEL00458,ORD003872,Hyderabad,WH-MUM,RID035,695.8,28.72,0,Yes,3558.28,Medium,Delivered,2026-07
DEL00459,ORD010546,Kolkata,WH-MUM,RID040,17.2,2.36,0,Yes,83.92,Medium,Delivered,2026-06
DEL00460,ORD008734,Chennai,WH-KOL,RID019,1034.9,43.0,0,Yes,4488.38,Medium,Delivered,2026-04
DEL00461,ORD007668,Chennai,WH-KOL,RID012,925.9,39.1,0,Yes,5081.57,Medium,Delivered,2026-06
DEL00462,ORD005743,Kolkata,WH-MUM,RID030,7.0,1.2,0,Yes,37.18,High,Delivered,2026-07
DEL00463,ORD006558,Mumbai,WH-MUM,RID021,8.6,4.14,1,No,36.67,Medium,Delivered,2026-05
DEL00464,ORD006750,Pune,WH-BLR,RID021,590.6,26.45,4,No,2694.5,Low,Delivered,2026-08
DEL00465,ORD006437,Chennai,WH-BLR,RID032,1932.6,72.0,0,Yes,6956.82,High,Delivered,2026-04
DEL00466,ORD002298,Kolkata,WH-KOL,RID024,6.1,2.34,0,Yes,21.85,Low,Delivered,2026-02
DEL00467,ORD009000,Pune,WH-DEL,RID037,860.9,37.4,4,No,4360.38,High,Delivered,2026-08
DEL00468,ORD010313,Pune,WH-MUM,RID027,427.9,17.59,0,Yes,1802.41,Low,Delivered,2026-06
DEL00469,ORD008079,Ahmedabad,WH-BLR,RID001,468.3,21.04,1,No,2261.69,Medium,Delivered,2026-05
DEL00470,ORD009938,Delhi,WH-BLR,RID012,16.7,1.45,4,No,77.59,Medium,Delivered,2026-04
DEL00471,ORD001922,Ahmedabad,WH-BLR,RID025,525.3,23.91,0,Yes,2753.55,Medium,Delivered,2026-04
DEL00472,ORD004349,Mumbai,WH-MUM,RID026,17.0,1.82,0,Yes,79.14,Low,Delivered,2026-04
DEL00473,ORD002622,Bengaluru,WH-DEL,RID028,10.8,2.74,1,No,48.4,Medium,RTO,2026-02
DEL00474,ORD010736,Chennai,WH-MUM,RID010,1014.0,44.5,2,No,4856.59,Medium,Delivered,2026-07
DEL00475,ORD009930,Kolkata,WH-MUM,RID023,4.4,3.29,1,No,16.23,Low,Delivered,2026-06
DEL00476,ORD010458,Bengaluru,WH-BLR,RID025,7.2,1.27,2,No,27.44,Medium,Delivered,2026-07
DEL00477,ORD007611,Ahmedabad,WH-MUM,RID015,549.8,24.22,0,Yes,2679.44,Medium,Delivered,2026-05
DEL00478,ORD009680,Kolkata,WH-BLR,RID026,14.5,2.65,1,No,67.42,Low,Delivered,2026-03
DEL00479,ORD008675,Bengaluru,WH-BLR,RID021,14.7,2.53,1,No,63.27,High,Delivered,2026-02
DEL00480,ORD008322,Mumbai,WH-BLR,RID040,6.7,3.94,1,No,24.56,High,Delivered,2026-06
DEL00481,ORD011116,Bengaluru,WH-BLR,RID015,6.8,2.21,1,No,25.54,High,Delivered,2026-04
DEL00482,ORD008303,Ahmedabad,WH-MUM,RID005,783.3,35.63,0,Yes,2981.9,Low,Delivered,2026-06
DEL00483,ORD004652,Hyderabad,WH-DEL,RID038,382.1,16.65,0,Yes,1412.12,High,Delivered,2026-04
DEL00484,ORD005274,Ahmedabad,WH-BLR,RID016,366.8,16.75,4,No,1889.63,Medium,Delivered,2026-07
DEL00485,ORD008796,Ahmedabad,WH-BLR,RID032,558.4,24.35,0,Yes,2900.81,Medium,Delivered,2026-07
DEL00486,ORD007920,Delhi,WH-MUM,RID033,7.3,2.58,2,No,29.66,Medium,Delivered,2026-06
DEL00487,ORD010780,Chennai,WH-KOL,RID025,1665.3,69.42,0,Yes,6357.41,Medium,Delivered,2026-02
DEL00488,ORD008309,Chennai,WH-KOL,RID012,1753.9,72.0,0,Yes,7644.62,Low,Delivered,2026-06
DEL00489,ORD011184,Delhi,WH-BLR,RID015,15.3,2.52,2,No,84.12,High,Delivered Late,2026-03
DEL00490,ORD000840,Pune,WH-BLR,RID020,728.9,30.97,0,Yes,2639.82,Low,Delivered,2026-05
DEL00491,ORD006196,Chennai,WH-KOL,RID009,1546.4,63.79,1,No,8228.44,Low,Delivered,2026-08
DEL00492,ORD011171,Ahmedabad,WH-BLR,RID002,419.4,19.71,4,No,1876.19,Medium,Delivered,2026-07
DEL00493,ORD003618,Hyderabad,WH-BLR,RID012,463.1,19.31,0,Yes,2052.35,Low,Delivered,2026-05
DEL00494,ORD001749,Kolkata,WH-BLR,RID029,14.5,2.13,1,No,53.92,Medium,RTO,2026-05
DEL00495,ORD002044,Ahmedabad,WH-MUM,RID017,444.3,21.58,2,No,1846.73,Medium,Delivered,2026-04
DEL00496,ORD001572,Kolkata,WH-BLR,RID023,13.7,0.5,2,No,52.71,Medium,Delivered,2026-04
DEL00497,ORD004538,Ahmedabad,WH-KOL,RID017,250.1,12.91,0,Yes,1301.79,Low,Delivered,2026-03
DEL00498,ORD004507,Delhi,WH-BLR,RID035,9.0,3.56,0,Yes,42.64,Low,Delivered,2026-03
DEL00499,ORD004047,Hyderabad,WH-KOL,RID011,888.2,38.49,1,No,4515.78,Medium,Delivered,2026-07
DEL00500,ORD000743,Pune,WH-KOL,RID017,429.2,18.66,0,Yes,2193.47,Medium,Delivered,2026-06
DEL00501,ORD010463,Kolkata,WH-MUM,RID011,16.4,3.69,4,No,77.68,Medium,Delivered,2026-05
DEL00502,ORD004526,Chennai,WH-DEL,RID035,1133.6,47.96,0,Yes,5501.45,Medium,Delivered,2026-02
DEL00503,ORD004407,Kolkata,WH-KOL,RID022,12.5,3.08,0,Yes,62.24,Medium,Delivered Late,2026-07
DEL00504,ORD006405,Ahmedabad,WH-DEL,RID036,801.0,32.95,0,Yes,3908.65,Medium,Delivered,2026-03
DEL00505,ORD004748,Kolkata,WH-BLR,RID031,5.2,1.94,2,No,22.97,High,Delivered,2026-06
DEL00506,ORD002351,Ahmedabad,WH-KOL,RID025,193.9,9.85,0,Yes,879.57,Medium,RTO,2026-03
DEL00507,ORD006148,Pune,WH-DEL,RID012,861.9,39.03,1,No,4730.21,High,Delivered,2026-06
DEL00508,ORD001493,Delhi,WH-MUM,RID018,9.4,1.16,0,Yes,51.64,High,Delivered,2026-04
DEL00509,ORD008094,Delhi,WH-MUM,RID034,9.2,2.29,1,No,43.32,Low,Delivered,2026-06
DEL00510,ORD009223,Kolkata,WH-MUM,RID017,15.0,3.0,2,No,57.59,Medium,Delivered,2026-07
DEL00511,ORD005426,Chennai,WH-BLR,RID025,1135.3,47.45,0,Yes,4227.2,Medium,Delivered,2026-04
DEL00512,ORD009086,Hyderabad,WH-MUM,RID005,389.9,17.76,2,No,1638.99,Medium,Delivered,2026-06
DEL00513,ORD003089,Hyderabad,WH-KOL,RID018,355.1,14.58,1,No,1804.5,Low,Delivered,2026-04
DEL00514,ORD009547,Hyderabad,WH-MUM,RID025,459.0,20.64,4,No,1895.31,Medium,Delivered,2026-02
DEL00515,ORD005390,Hyderabad,WH-DEL,RID030,549.9,22.93,4,No,2217.17,Medium,Delivered,2026-04
DEL00516,ORD001344,Hyderabad,WH-KOL,RID037,758.5,32.29,0,Yes,3659.89,High,Delivered,2026-06
DEL00517,ORD008905,Kolkata,WH-KOL,RID009,14.5,2.51,2,No,62.29,High,Delivered,2026-04
DEL00518,ORD004307,Delhi,WH-MUM,RID004,15.6,3.97,1,No,71.86,Low,Delivered,2026-06
DEL00519,ORD005037,Kolkata,WH-KOL,RID025,17.1,0.5,0,Yes,86.09,Low,Delivered,2026-07
DEL00520,ORD002160,Mumbai,WH-KOL,RID002,15.7,0.52,1,No,79.5,Medium,Delivered,2026-03
DEL00521,ORD003553,Bengaluru,WH-KOL,RID028,17.2,2.05,4,No,78.9,High,Delivered,2026-06
DEL00522,ORD011376,Mumbai,WH-MUM,RID035,17.8,3.61,0,Yes,94.41,High,Delivered,2026-06
DEL00523,ORD009338,Pune,WH-KOL,RID039,821.4,35.17,1,No,4278.54,Medium,Delivered,2026-06
DEL00524,ORD008047,Kolkata,WH-MUM,RID008,16.8,2.66,0,Yes,62.28,High,Delivered,2026-04
DEL00525,ORD004518,Bengaluru,WH-MUM,RID021,17.4,4.06,0,Yes,84.45,Medium,Delivered,2026-05
DEL00526,ORD006043,Pune,WH-MUM,RID012,330.3,14.4,0,Yes,1604.37,Low,Delivered,2026-05
DEL00527,ORD008584,Bengaluru,WH-MUM,RID025,5.7,1.66,2,No,22.75,Low,Delivered,2026-07
DEL00528,ORD002807,Delhi,WH-MUM,RID023,10.3,2.96,1,No,41.89,Low,Delivered,2026-03
DEL00529,ORD008061,Ahmedabad,WH-BLR,RID027,504.6,22.54,0,Yes,2349.96,Medium,Delivered,2026-02
DEL00530,ORD009857,Pune,WH-KOL,RID024,541.9,22.97,1,No,2929.46,Low,Delivered,2026-06
DEL00531,ORD004113,Mumbai,WH-MUM,RID005,6.9,1.73,0,Yes,27.06,Low,Delivered,2026-02
DEL00532,ORD004039,Delhi,WH-BLR,RID006,15.8,1.86,2,No,82.63,High,Delivered,2026-05
DEL00533,ORD001106,Bengaluru,WH-KOL,RID037,16.2,1.36,0,Yes,65.62,Medium,Delivered,2026-05
DEL00534,ORD005437,Bengaluru,WH-BLR,RID037,15.4,2.06,0,Yes,73.58,Low,Delivered,2026-07
DEL00535,ORD011351,Hyderabad,WH-DEL,RID029,619.9,24.78,2,No,2578.44,Low,Delivered,2026-06
DEL00536,ORD010863,Delhi,WH-MUM,RID022,14.7,2.44,1,No,74.88,Medium,Delivered,2026-02
DEL00537,ORD010161,Chennai,WH-MUM,RID018,2022.7,72.0,1,No,10100.15,Low,Delivered,2026-02
DEL00538,ORD002604,Mumbai,WH-KOL,RID018,15.4,2.72,1,No,80.09,Low,Delivered,2026-02
DEL00539,ORD001780,Chennai,WH-DEL,RID004,1151.6,49.31,0,Yes,6174.55,High,Delivered,2026-04
DEL00540,ORD010408,Ahmedabad,WH-MUM,RID040,226.8,10.95,0,Yes,845.85,High,Delivered Late,2026-02
DEL00541,ORD000786,Mumbai,WH-MUM,RID019,14.7,1.73,0,Yes,60.11,Medium,Delivered,2026-03
DEL00542,ORD003453,Hyderabad,WH-BLR,RID032,687.6,29.25,1,No,2538.6,High,Delivered,2026-03
DEL00543,ORD003514,Kolkata,WH-DEL,RID028,14.0,1.54,1,No,71.23,Medium,Delivered,2026-04
DEL00544,ORD008440,Ahmedabad,WH-BLR,RID018,895.4,38.29,2,No,3707.75,High,Delivered,2026-03
DEL00545,ORD007474,Kolkata,WH-BLR,RID014,14.5,3.37,0,Yes,73.08,High,Delivered,2026-04
DEL00546,ORD000948,Ahmedabad,WH-MUM,RID027,621.2,27.68,1,No,3358.24,High,Delivered,2026-05
DEL00547,ORD011236,Mumbai,WH-BLR,RID025,9.8,3.71,0,Yes,46.02,Low,Delivered,2026-03
DEL00548,ORD000647,Ahmedabad,WH-KOL,RID002,635.3,25.82,1,No,2815.4,Medium,Delivered,2026-02
DEL00549,ORD009675,Chennai,WH-BLR,RID010,1346.4,55.37,0,Yes,5129.98,High,Delivered Late,2026-07
DEL00550,ORD007792,Mumbai,WH-BLR,RID016,8.2,4.98,1,No,37.51,High,Delivered,2026-07
DEL00551,ORD011295,Chennai,WH-BLR,RID005,1655.3,69.23,0,Yes,6751.72,High,Delivered,2026-05
DEL00552,ORD010530,Ahmedabad,WH-KOL,RID028,389.2,18.08,0,Yes,2072.49,High,Delivered,2026-06
DEL00553,ORD002206,Chennai,WH-BLR,RID036,1971.9,72.0,0,Yes,9988.24,Medium,Delivered,2026-04
DEL00554,ORD009905,Bengaluru,WH-BLR,RID012,16.9,3.92,1,No,90.92,Low,Delivered,2026-03
DEL00555,ORD008284,Kolkata,WH-BLR,RID009,4.1,1.85,0,Yes,22.19,Low,Delivered,2026-03
DEL00556,ORD001340,Delhi,WH-BLR,RID040,4.7,1.64,0,Yes,23.25,Medium,Delivered,2026-06
DEL00557,ORD001660,Hyderabad,WH-BLR,RID026,160.2,8.66,0,Yes,659.43,High,Delivered,2026-04
DEL00558,ORD006374,Pune,WH-DEL,RID032,176.1,8.94,1,No,720.84,Medium,Delivered,2026-02
DEL00559,ORD000420,Bengaluru,WH-MUM,RID026,6.6,1.58,2,No,25.94,Low,Delivered,2026-05
DEL00560,ORD000810,Hyderabad,WH-DEL,RID040,183.0,8.72,1,No,969.9,Low,Delivered Late,2026-06
DEL00561,ORD008560,Mumbai,WH-MUM,RID034,14.2,3.6,0,Yes,67.22,Medium,Delivered,2026-06
DEL00562,ORD000837,Chennai,WH-DEL,RID019,2007.1,72.0,0,Yes,8690.68,Low,RTO,2026-05
DEL00563,ORD004735,Bengaluru,WH-KOL,RID016,15.3,3.12,1,No,63.09,High,Delivered,2026-04
DEL00564,ORD000233,Mumbai,WH-DEL,RID024,14.3,2.0,4,No,72.14,High,Delivered,2026-05
DEL00565,ORD008867,Delhi,WH-BLR,RID011,11.9,2.34,0,Yes,60.19,Low,Delivered,2026-07
DEL00566,ORD004382,Ahmedabad,WH-KOL,RID003,472.7,19.93,0,Yes,2298.17,Medium,Delivered,2026-06
DEL00567,ORD006375,Mumbai,WH-KOL,RID004,7.3,1.1,0,Yes,27.62,Low,Delivered,2026-07
DEL00568,ORD004205,Chennai,WH-MUM,RID036,1177.0,49.31,1,No,4639.98,Medium,Delivered Late,2026-07
DEL00569,ORD006961,Bengaluru,WH-BLR,RID032,12.5,2.39,1,No,68.15,Medium,Delivered,2026-02
DEL00570,ORD007933,Kolkata,WH-BLR,RID007,17.9,3.91,0,Yes,91.25,Low,Delivered,2026-03
DEL00571,ORD008799,Kolkata,WH-KOL,RID037,14.8,3.4,1,No,60.69,Low,Delivered,2026-02
DEL00572,ORD002102,Bengaluru,WH-BLR,RID010,13.2,0.71,0,Yes,52.02,High,Delivered,2026-07
DEL00573,ORD009775,Delhi,WH-DEL,RID016,15.9,4.13,0,Yes,85.32,Low,Delivered,2026-02
DEL00574,ORD002591,Hyderabad,WH-MUM,RID018,547.2,23.46,0,Yes,2290.9,High,Delivered Late,2026-06
DEL00575,ORD006787,Hyderabad,WH-MUM,RID012,282.1,12.76,0,Yes,1272.48,High,Delivered,2026-07
DEL00576,ORD000131,Ahmedabad,WH-MUM,RID001,591.1,25.43,1,No,3134.8,Medium,Delivered,2026-02
DEL00577,ORD010299,Ahmedabad,WH-KOL,RID011,773.6,32.85,0,Yes,3790.86,Medium,Delivered,2026-07
DEL00578,ORD008351,Ahmedabad,WH-KOL,RID025,840.1,34.18,1,No,4098.93,Low,Delivered,2026-04
DEL00579,ORD005399,Pune,WH-MUM,RID037,541.2,24.2,1,No,2159.17,Medium,Delivered,2026-05
DEL00580,ORD001603,Ahmedabad,WH-MUM,RID018,761.5,31.95,2,No,3843.59,Medium,Delivered,2026-06
DEL00581,ORD002098,Hyderabad,WH-MUM,RID016,706.1,29.11,4,No,3521.75,High,Delivered,2026-05
DEL00582,ORD003935,Hyderabad,WH-MUM,RID040,454.6,21.21,0,Yes,1991.16,Medium,Delivered,2026-03
DEL00583,ORD008296,Mumbai,WH-MUM,RID030,6.2,1.08,0,Yes,26.95,Medium,Delivered,2026-03
DEL00584,ORD006136,Bengaluru,WH-BLR,RID036,5.8,2.59,0,Yes,26.63,High,Delivered,2026-02
DEL00585,ORD005032,Pune,WH-BLR,RID025,762.7,32.05,0,Yes,4061.32,Medium,Delivered,2026-02
DEL00586,ORD001110,Delhi,WH-MUM,RID019,4.4,3.43,1,No,19.19,Medium,Delivered,2026-03
DEL00587,ORD011292,Mumbai,WH-KOL,RID020,5.5,2.87,0,Yes,29.29,Medium,Delivered,2026-07
DEL00588,ORD002035,Bengaluru,WH-MUM,RID004,8.3,3.35,2,No,40.47,Medium,Delivered,2026-04
DEL00589,ORD003164,Delhi,WH-BLR,RID012,12.3,0.5,1,No,47.49,Medium,Delivered,2026-03
DEL00590,ORD000877,Pune,WH-DEL,RID016,174.3,8.39,0,Yes,794.34,Low,Delivered Late,2026-03
DEL00591,ORD009053,Kolkata,WH-DEL,RID030,7.1,2.08,1,No,26.37,Low,Delivered,2026-07
DEL00592,ORD004912,Delhi,WH-MUM,RID028,7.1,2.61,1,No,35.27,High,Delivered,2026-04
DEL00593,ORD008900,Pune,WH-MUM,RID018,295.2,15.05,0,Yes,1075.31,Medium,Delivered,2026-02
DEL00594,ORD001445,Kolkata,WH-KOL,RID027,10.4,0.72,0,Yes,39.59,Medium,Delivered,2026-04
DEL00595,ORD010585,Ahmedabad,WH-BLR,RID006,501.3,22.31,4,No,2316.35,High,Delivered,2026-02
DEL00596,ORD011173,Ahmedabad,WH-BLR,RID007,224.9,10.12,2,No,1155.22,Low,Delivered,2026-06
DEL00597,ORD001740,Ahmedabad,WH-MUM,RID018,559.4,24.13,0,Yes,2533.49,High,Delivered,2026-05
DEL00598,ORD010638,Bengaluru,WH-BLR,RID008,10.7,1.35,4,No,56.25,Low,Delivered,2026-02
DEL00599,ORD010814,Pune,WH-KOL,RID036,437.1,22.16,0,Yes,2356.78,Low,Delivered,2026-06
DEL00600,ORD008623,Ahmedabad,WH-KOL,RID010,239.6,12.31,2,No,1306.76,Low,Delivered,2026-07
DEL00601,ORD003688,Kolkata,WH-MUM,RID020,16.7,2.45,1,No,75.63,Medium,RTO,2026-02
DEL00602,ORD001857,Mumbai,WH-KOL,RID027,9.9,1.73,2,No,46.75,Medium,Delivered,2026-02
DEL00603,ORD002770,Ahmedabad,WH-MUM,RID034,675.4,29.71,4,No,3182.08,High,Delivered,2026-07
DEL00604,ORD003375,Ahmedabad,WH-MUM,RID002,566.4,24.44,2,No,2943.04,Low,Delivered,2026-05
DEL00605,ORD001708,Chennai,WH-KOL,RID018,939.5,39.95,1,No,4026.26,Medium,RTO,2026-05
DEL00606,ORD000415,Hyderabad,WH-MUM,RID004,153.2,8.44,2,No,707.7,Low,Delivered,2026-04
DEL00607,ORD002740,Delhi,WH-MUM,RID001,4.0,1.68,0,Yes,19.35,Medium,Delivered Late,2026-02
DEL00608,ORD007777,Mumbai,WH-KOL,RID012,5.8,2.84,1,No,25.1,Medium,Delivered,2026-06
DEL00609,ORD006390,Pune,WH-KOL,RID020,812.0,33.83,4,No,4354.7,Low,Delivered,2026-07
DEL00610,ORD003674,Delhi,WH-DEL,RID012,6.2,1.12,0,Yes,26.88,Low,Delivered,2026-07
DEL00611,ORD000901,Bengaluru,WH-BLR,RID002,8.0,2.57,1,No,37.37,High,Delivered,2026-04
DEL00612,ORD008555,Chennai,WH-DEL,RID013,1902.4,72.0,1,No,8857.95,Low,Delivered,2026-04
DEL00613,ORD003138,Mumbai,WH-MUM,RID009,10.4,1.13,4,No,49.23,Medium,Delivered,2026-06
DEL00614,ORD003496,Ahmedabad,WH-DEL,RID010,238.1,13.8,1,No,1059.32,Low,Delivered,2026-03
DEL00615,ORD005794,Pune,WH-KOL,RID008,691.1,28.58,4,No,2479.91,Medium,Delivered,2026-06
DEL00616,ORD001005,Chennai,WH-BLR,RID032,2053.5,72.0,0,Yes,7493.34,Low,Delivered,2026-04
DEL00617,ORD004286,Mumbai,WH-BLR,RID010,7.8,4.69,1,No,38.69,Medium,Delivered,2026-07
DEL00618,ORD009214,Kolkata,WH-MUM,RID031,13.1,1.19,2,No,48.21,Low,Delivered,2026-07
DEL00619,ORD003241,Pune,WH-KOL,RID010,582.2,24.16,0,Yes,2262.76,Low,Delivered,2026-07
DEL00620,ORD004234,Hyderabad,WH-MUM,RID029,589.6,26.95,1,No,2469.97,Medium,Delivered,2026-05
DEL00621,ORD007861,Ahmedabad,WH-DEL,RID035,157.3,9.88,4,No,657.18,Low,Delivered,2026-07
DEL00622,ORD009342,Chennai,WH-MUM,RID012,1208.8,48.65,1,No,5117.66,Low,Delivered,2026-03
DEL00623,ORD009321,Chennai,WH-DEL,RID016,1121.9,46.13,0,Yes,4859.0,Medium,RTO,2026-05
DEL00624,ORD000505,Delhi,WH-BLR,RID009,8.7,1.88,1,No,32.8,Medium,Delivered,2026-02
DEL00625,ORD001925,Kolkata,WH-MUM,RID032,17.3,2.12,1,No,63.43,Medium,Delivered,2026-07
DEL00626,ORD008759,Mumbai,WH-BLR,RID001,9.0,2.75,2,No,44.68,Low,Delivered,2026-07
DEL00627,ORD004676,Mumbai,WH-BLR,RID003,12.3,2.62,0,Yes,47.08,Low,Delivered,2026-05
DEL00628,ORD004326,Pune,WH-BLR,RID015,339.2,14.04,4,No,1785.66,Medium,RTO,2026-02
DEL00629,ORD000488,Kolkata,WH-KOL,RID005,11.0,3.86,4,No,41.62,High,Delivered,2026-06
DEL00630,ORD007735,Ahmedabad,WH-KOL,RID030,571.4,23.51,0,Yes,2620.52,Medium,Delivered,2026-08
DEL00631,ORD009966,Hyderabad,WH-MUM,RID007,215.6,11.22,2,No,1142.53,Medium,Delivered,2026-03
DEL00632,ORD005580,Delhi,WH-KOL,RID037,11.7,0.5,1,No,48.99,Medium,Delivered,2026-05
DEL00633,ORD009700,Mumbai,WH-MUM,RID013,16.0,1.61,0,Yes,82.94,Medium,Delivered Late,2026-07
DEL00634,ORD003006,Kolkata,WH-MUM,RID009,10.4,1.34,0,Yes,40.32,Low,Delivered,2026-06
DEL00635,ORD010942,Pune,WH-KOL,RID002,613.5,28.66,0,Yes,2729.54,High,Delivered,2026-03
DEL00636,ORD005486,Mumbai,WH-MUM,RID005,16.5,2.03,1,No,63.79,High,Delivered,2026-02
DEL00637,ORD011386,Ahmedabad,WH-KOL,RID001,192.0,10.09,4,No,1000.63,Low,Delivered,2026-07
DEL00638,ORD003192,Bengaluru,WH-MUM,RID001,14.5,3.36,1,No,64.05,High,Delivered,2026-03
DEL00639,ORD008743,Chennai,WH-MUM,RID027,1469.7,61.43,0,Yes,7072.8,Medium,Delivered,2026-04
DEL00640,ORD001090,Chennai,WH-KOL,RID036,937.9,39.02,1,No,4511.6,Medium,Delivered,2026-03
DEL00641,ORD003773,Bengaluru,WH-KOL,RID040,16.7,2.34,4,No,76.35,Low,Delivered,2026-02
DEL00642,ORD003196,Hyderabad,WH-KOL,RID036,648.1,28.6,4,No,3305.98,High,Delivered,2026-04
DEL00643,ORD000553,Bengaluru,WH-MUM,RID024,8.4,2.52,0,Yes,34.84,Medium,Delivered,2026-04
DEL00644,ORD007486,Pune,WH-KOL,RID039,702.2,31.75,0,Yes,3299.34,High,Delivered,2026-02
DEL00645,ORD008864,Bengaluru,WH-DEL,RID024,6.0,0.5,1,No,32.51,Medium,Delivered,2026-06
DEL00646,ORD000684,Chennai,WH-KOL,RID005,2083.3,72.0,1,No,10474.03,Medium,Delivered,2026-05
DEL00647,ORD003294,Kolkata,WH-MUM,RID002,16.8,2.93,0,Yes,83.11,High,Delivered,2026-07
DEL00648,ORD001456,Kolkata,WH-BLR,RID024,16.1,4.46,4,No,61.38,Medium,Delivered,2026-04
DEL00649,ORD008056,Pune,WH-MUM,RID029,157.5,10.67,0,Yes,574.14,High,Delivered,2026-02
DEL00650,ORD004898,Chennai,WH-KOL,RID040,1676.4,68.99,4,No,7017.74,Medium,Delivered,2026-07
DEL00651,ORD004371,Bengaluru,WH-BLR,RID029,9.8,2.85,0,Yes,39.23,Medium,Delivered,2026-07
DEL00652,ORD007334,Ahmedabad,WH-MUM,RID018,548.6,23.57,0,Yes,2536.58,High,Delivered,2026-02
DEL00653,ORD008153,Pune,WH-KOL,RID017,455.4,21.28,0,Yes,2142.4,Low,Delivered Late,2026-04
DEL00654,ORD005139,Pune,WH-BLR,RID008,201.1,11.13,0,Yes,953.98,Low,Delivered,2026-02
DEL00655,ORD008118,Chennai,WH-BLR,RID032,1243.7,51.43,0,Yes,6061.34,Medium,Delivered,2026-05
DEL00656,ORD002645,Chennai,WH-MUM,RID019,1451.7,60.85,0,Yes,5329.88,Low,Delivered Late,2026-03
DEL00657,ORD009463,Chennai,WH-KOL,RID021,1772.6,72.0,1,No,7780.65,Low,Delivered,2026-06
DEL00658,ORD007432,Mumbai,WH-MUM,RID026,4.8,1.36,0,Yes,25.89,Low,Delivered,2026-02
DEL00659,ORD001817,Hyderabad,WH-MUM,RID002,557.4,24.61,1,No,2547.7,High,Delivered,2026-03
DEL00660,ORD009519,Mumbai,WH-BLR,RID034,13.2,3.11,1,No,63.17,Medium,Delivered,2026-04
DEL00661,ORD006218,Delhi,WH-KOL,RID001,4.3,2.81,1,No,21.26,Medium,Delivered,2026-02
DEL00662,ORD002686,Hyderabad,WH-MUM,RID027,386.7,16.59,4,No,1926.03,High,Delivered,2026-03
DEL00663,ORD010059,Kolkata,WH-DEL,RID004,8.8,2.16,0,Yes,46.61,Low,Delivered,2026-05
DEL00664,ORD003260,Chennai,WH-DEL,RID032,1679.9,67.59,0,Yes,8564.56,Low,Delivered,2026-05
DEL00665,ORD002046,Kolkata,WH-BLR,RID005,6.9,2.44,0,Yes,26.91,Medium,Delivered,2026-04
DEL00666,ORD002387,Delhi,WH-BLR,RID037,6.7,2.38,1,No,23.94,Low,Delivered,2026-04
DEL00667,ORD010683,Delhi,WH-KOL,RID032,13.9,1.16,0,Yes,71.24,High,Delivered,2026-06
DEL00668,ORD010304,Kolkata,WH-KOL,RID006,6.4,0.83,0,Yes,28.35,High,RTO,2026-07
DEL00669,ORD003942,Hyderabad,WH-DEL,RID038,320.2,15.4,0,Yes,1515.39,Low,Delivered Late,2026-07
DEL00670,ORD007900,Kolkata,WH-BLR,RID012,15.1,3.9,0,Yes,69.03,High,Delivered Late,2026-04
DEL00671,ORD002002,Bengaluru,WH-BLR,RID003,7.2,1.46,0,Yes,39.29,Low,Delivered,2026-07
DEL00672,ORD009412,Pune,WH-BLR,RID011,591.0,25.52,0,Yes,3092.94,Low,Delivered,2026-02
DEL00673,ORD009499,Bengaluru,WH-MUM,RID028,9.8,0.91,0,Yes,46.55,Low,Delivered,2026-02
DEL00674,ORD002664,Mumbai,WH-MUM,RID021,17.6,3.61,1,No,68.9,Low,Delivered,2026-06
DEL00675,ORD005714,Ahmedabad,WH-KOL,RID024,534.4,24.87,0,Yes,2528.72,Medium,Delivered Late,2026-05
DEL00676,ORD009599,Pune,WH-DEL,RID036,629.9,26.06,4,No,3390.84,Low,Delivered Late,2026-04
DEL00677,ORD007275,Bengaluru,WH-KOL,RID004,16.7,1.26,4,No,63.12,Medium,Delivered,2026-05
DEL00678,ORD010026,Bengaluru,WH-BLR,RID035,13.6,2.35,0,Yes,64.55,Medium,Delivered,2026-07
DEL00679,ORD004330,Pune,WH-KOL,RID016,478.0,21.33,1,No,2550.07,Medium,Delivered,2026-07
DEL00680,ORD000725,Pune,WH-BLR,RID029,706.8,28.99,0,Yes,2540.34,Medium,Delivered,2026-02
DEL00681,ORD000963,Hyderabad,WH-MUM,RID024,606.9,25.05,0,Yes,2603.24,Medium,Delivered Late,2026-05
DEL00682,ORD010227,Bengaluru,WH-KOL,RID004,17.5,3.74,0,Yes,72.4,Low,Delivered,2026-04
DEL00683,ORD008533,Pune,WH-DEL,RID004,898.6,36.27,4,No,3718.71,High,Delivered,2026-02
DEL00684,ORD001352,Delhi,WH-BLR,RID004,5.9,0.72,1,No,21.43,Low,RTO,2026-03
DEL00685,ORD008610,Chennai,WH-DEL,RID008,1488.4,61.38,0,Yes,7365.37,Medium,Delivered,2026-07
DEL00686,ORD006963,Kolkata,WH-BLR,RID018,13.8,4.41,0,Yes,57.67,Medium,Delivered,2026-02
DEL00687,ORD008124,Hyderabad,WH-KOL,RID015,431.0,18.73,0,Yes,1630.86,High,Delivered,2026-06
DEL00688,ORD003725,Kolkata,WH-MUM,RID007,9.6,1.2,0,Yes,52.66,High,Delivered,2026-03
DEL00689,ORD000003,Kolkata,WH-DEL,RID001,8.9,2.89,2,No,44.7,Medium,Delivered,2026-05
DEL00690,ORD002318,Hyderabad,WH-KOL,RID011,323.2,16.05,0,Yes,1331.59,Medium,Delivered,2026-04
DEL00691,ORD007434,Kolkata,WH-MUM,RID027,8.5,3.71,1,No,32.4,Medium,Delivered,2026-02
DEL00692,ORD006702,Delhi,WH-KOL,RID010,4.7,2.57,4,No,24.98,Medium,Delivered,2026-06
DEL00693,ORD005262,Bengaluru,WH-BLR,RID012,11.7,3.06,1,No,59.75,Medium,Delivered,2026-05
DEL00694,ORD004710,Chennai,WH-MUM,RID017,1742.6,72.0,0,Yes,7490.43,Low,RTO,2026-04
DEL00695,ORD003417,Hyderabad,WH-BLR,RID003,625.8,27.24,0,Yes,3241.05,High,Delivered,2026-08
DEL00696,ORD006606,Hyderabad,WH-BLR,RID007,301.2,15.88,0,Yes,1493.4,Medium,Delivered,2026-08
DEL00697,ORD007491,Ahmedabad,WH-MUM,RID004,630.1,27.27,2,No,2234.04,Medium,Delivered,2026-02
DEL00698,ORD000388,Mumbai,WH-BLR,RID035,14.1,2.49,4,No,67.53,High,Delivered,2026-04
DEL00699,ORD004623,Bengaluru,WH-KOL,RID010,17.0,3.56,0,Yes,86.81,Low,Delivered,2026-02
DEL00700,ORD006385,Chennai,WH-BLR,RID019,1061.0,44.65,1,No,5108.24,High,Delivered,2026-05
DEL00701,ORD008645,Ahmedabad,WH-DEL,RID015,733.0,33.26,4,No,3443.98,Low,RTO,2026-04
DEL00702,ORD009752,Hyderabad,WH-BLR,RID019,718.3,32.72,0,Yes,3307.05,Medium,Delivered,2026-07
DEL00703,ORD000242,Chennai,WH-DEL,RID025,1335.6,54.48,4,No,5237.55,High,Delivered,2026-07
DEL00704,ORD008520,Bengaluru,WH-MUM,RID014,15.7,3.44,0,Yes,74.74,High,Delivered,2026-04
DEL00705,ORD007338,Ahmedabad,WH-MUM,RID036,697.8,29.96,0,Yes,2802.51,Medium,Delivered,2026-07
DEL00706,ORD004760,Mumbai,WH-KOL,RID005,12.4,2.84,2,No,49.56,Low,Delivered,2026-05
DEL00707,ORD005322,Bengaluru,WH-BLR,RID038,12.7,3.68,1,No,50.35,Medium,Delivered,2026-02
DEL00708,ORD008154,Ahmedabad,WH-KOL,RID022,424.0,18.69,4,No,1881.62,Medium,Delivered,2026-03
DEL00709,ORD009291,Delhi,WH-KOL,RID028,8.4,1.52,4,No,37.15,High,Delivered,2026-06
DEL00710,ORD008348,Pune,WH-KOL,RID013,876.1,36.47,1,No,4285.15,Low,Delivered,2026-02
DEL00711,ORD004228,Hyderabad,WH-MUM,RID024,600.9,25.89,4,No,2584.91,Low,Delivered,2026-04
DEL00712,ORD007769,Pune,WH-BLR,RID013,897.9,35.91,0,Yes,4029.03,High,Delivered,2026-02
DEL00713,ORD007765,Delhi,WH-MUM,RID002,7.4,1.94,2,No,29.69,High,Delivered,2026-06
DEL00714,ORD006151,Delhi,WH-MUM,RID015,7.3,2.27,0,Yes,36.71,Medium,Delivered,2026-07
DEL00715,ORD000646,Hyderabad,WH-DEL,RID001,652.9,29.01,1,No,2352.44,Low,Delivered,2026-03
DEL00716,ORD002890,Bengaluru,WH-MUM,RID028,6.2,1.64,0,Yes,23.22,Medium,Delivered,2026-05
DEL00717,ORD005308,Delhi,WH-BLR,RID006,11.0,2.85,0,Yes,47.33,High,Delivered,2026-04
DEL00718,ORD004541,Bengaluru,WH-MUM,RID030,6.7,2.34,0,Yes,28.13,Low,Delivered,2026-06
DEL00719,ORD009512,Kolkata,WH-MUM,RID004,13.2,3.37,2,No,59.69,Low,Delivered,2026-06
DEL00720,ORD000579,Mumbai,WH-MUM,RID011,14.9,3.76,0,Yes,54.32,High,Delivered,2026-02
DEL00721,ORD003864,Chennai,WH-KOL,RID019,1862.7,72.0,0,Yes,7989.05,Low,Delivered,2026-05
DEL00722,ORD005455,Mumbai,WH-BLR,RID025,4.1,3.33,0,Yes,20.79,Low,Delivered,2026-06
DEL00723,ORD004826,Mumbai,WH-MUM,RID019,15.3,3.59,0,Yes,69.45,Medium,Delivered,2026-04
DEL00724,ORD009583,Ahmedabad,WH-MUM,RID028,523.0,22.58,1,No,1916.35,High,Delivered,2026-05
DEL00725,ORD000803,Bengaluru,WH-DEL,RID040,16.5,3.72,0,Yes,68.9,Medium,Delivered,2026-03
DEL00726,ORD004786,Mumbai,WH-BLR,RID016,9.6,2.64,4,No,44.3,Medium,Delivered,2026-02
DEL00727,ORD007046,Mumbai,WH-BLR,RID037,17.7,3.42,0,Yes,75.09,Medium,Delivered,2026-04
DEL00728,ORD005466,Delhi,WH-DEL,RID020,11.6,3.04,0,Yes,46.0,Low,Delivered,2026-08
DEL00729,ORD008373,Bengaluru,WH-BLR,RID006,14.5,2.06,0,Yes,58.59,Medium,Delivered,2026-06
DEL00730,ORD009276,Hyderabad,WH-MUM,RID016,434.7,18.78,0,Yes,1650.98,Medium,Delivered,2026-03
DEL00731,ORD001995,Ahmedabad,WH-MUM,RID037,565.3,25.93,4,No,2481.91,High,Delivered,2026-06
DEL00732,ORD010490,Delhi,WH-DEL,RID018,5.0,1.74,1,No,17.6,Low,Delivered,2026-03
DEL00733,ORD007324,Hyderabad,WH-KOL,RID034,735.1,29.39,0,Yes,3738.5,Low,Delivered,2026-07
DEL00734,ORD008525,Bengaluru,WH-BLR,RID013,10.0,1.69,0,Yes,40.93,High,Delivered,2026-07
DEL00735,ORD009102,Mumbai,WH-BLR,RID029,6.1,3.47,4,No,32.76,High,Delivered,2026-06
DEL00736,ORD002047,Delhi,WH-KOL,RID021,10.2,3.87,0,Yes,37.05,Low,Delivered,2026-04
DEL00737,ORD011056,Kolkata,WH-KOL,RID020,16.1,3.78,0,Yes,84.66,High,Delivered,2026-06
DEL00738,ORD010004,Hyderabad,WH-DEL,RID024,420.4,18.43,1,No,1531.5,Medium,Delivered,2026-03
DEL00739,ORD000332,Delhi,WH-MUM,RID038,12.3,2.16,4,No,61.76,High,Delivered Late,2026-07
DEL00740,ORD007606,Kolkata,WH-DEL,RID032,16.5,3.05,1,No,77.93,Low,Delivered Late,2026-07
DEL00741,ORD004276,Delhi,WH-MUM,RID008,13.9,3.15,0,Yes,67.08,High,Delivered,2026-07
DEL00742,ORD002556,Hyderabad,WH-BLR,RID027,572.2,22.87,2,No,2407.75,Low,Delivered,2026-03
DEL00743,ORD010849,Ahmedabad,WH-MUM,RID003,593.7,24.85,0,Yes,2112.68,Low,Delivered,2026-04
DEL00744,ORD005014,Kolkata,WH-MUM,RID031,16.7,2.78,0,Yes,76.57,High,Delivered,2026-07
DEL00745,ORD005440,Chennai,WH-MUM,RID031,1987.4,72.0,1,No,8661.93,High,Delivered,2026-02
DEL00746,ORD006249,Chennai,WH-BLR,RID008,1945.3,72.0,2,No,8066.14,Medium,Delivered,2026-06
DEL00747,ORD003720,Hyderabad,WH-DEL,RID020,180.9,9.68,0,Yes,764.93,High,Delivered,2026-04
DEL00748,ORD000181,Chennai,WH-MUM,RID013,1244.1,51.21,0,Yes,6472.22,High,Delivered,2026-05
DEL00749,ORD001678,Chennai,WH-DEL,RID019,2007.8,72.0,0,Yes,7667.57,Low,Delivered,2026-07
DEL00750,ORD007646,Delhi,WH-DEL,RID019,13.0,3.51,0,Yes,67.36,Low,Delivered,2026-06
DEL00751,ORD000079,Ahmedabad,WH-BLR,RID016,518.1,22.62,1,No,1880.1,Medium,Delivered,2026-04
DEL00752,ORD011136,Mumbai,WH-BLR,RID002,10.6,2.76,0,Yes,52.71,Low,Delivered,2026-02
DEL00753,ORD002545,Hyderabad,WH-MUM,RID040,449.9,18.9,4,No,1906.19,Medium,Delivered,2026-02
DEL00754,ORD008595,Bengaluru,WH-BLR,RID013,5.2,1.23,4,No,19.82,Medium,Delivered,2026-06
DEL00755,ORD005596,Mumbai,WH-DEL,RID017,12.6,0.76,1,No,50.61,Medium,Delivered,2026-03
DEL00756,ORD007451,Kolkata,WH-BLR,RID011,13.3,2.92,2,No,62.26,High,Delivered,2026-06
DEL00757,ORD002088,Chennai,WH-BLR,RID009,1394.5,57.57,1,No,7091.9,Medium,Delivered,2026-02
DEL00758,ORD010696,Hyderabad,WH-DEL,RID026,477.2,22.28,1,No,2326.53,Medium,Delivered,2026-05
DEL00759,ORD010276,Hyderabad,WH-MUM,RID018,775.5,32.39,4,No,3341.11,High,Delivered Late,2026-03
DEL00760,ORD001615,Pune,WH-KOL,RID014,465.2,19.62,4,No,2354.91,Medium,Delivered,2026-05
DEL00761,ORD005187,Kolkata,WH-MUM,RID024,15.5,1.6,1,No,61.0,Medium,Delivered,2026-07
DEL00762,ORD001012,Kolkata,WH-KOL,RID017,12.4,3.25,0,Yes,61.83,High,Delivered,2026-02
DEL00763,ORD011449,Mumbai,WH-MUM,RID002,15.3,4.93,1,No,71.39,Low,Delivered,2026-05
DEL00764,ORD010158,Bengaluru,WH-BLR,RID037,4.1,1.8,0,Yes,21.9,Medium,Delivered,2026-04
DEL00765,ORD003671,Ahmedabad,WH-KOL,RID015,555.3,24.82,0,Yes,2782.14,High,Delivered,2026-04
DEL00766,ORD007895,Ahmedabad,WH-MUM,RID029,584.0,24.83,4,No,2793.84,High,Delivered,2026-02
DEL00767,ORD006153,Pune,WH-DEL,RID014,521.7,22.46,0,Yes,2107.95,Low,Delivered,2026-02
DEL00768,ORD006453,Mumbai,WH-DEL,RID002,5.3,1.04,1,No,20.81,High,Delivered Late,2026-04
DEL00769,ORD002445,Mumbai,WH-KOL,RID024,8.6,2.45,0,Yes,31.32,Medium,Delivered,2026-04
DEL00770,ORD009265,Hyderabad,WH-KOL,RID015,743.4,31.1,1,No,3037.55,High,Delivered Late,2026-03
DEL00771,ORD003310,Mumbai,WH-KOL,RID025,10.2,1.48,2,No,42.21,Low,Delivered,2026-07
DEL00772,ORD009424,Hyderabad,WH-DEL,RID021,610.4,27.58,4,No,3139.89,Low,Delivered,2026-07
DEL00773,ORD003879,Chennai,WH-KOL,RID017,1022.0,43.75,1,No,3718.35,Low,Delivered,2026-05
DEL00774,ORD002709,Chennai,WH-BLR,RID029,995.6,43.02,0,Yes,3632.16,Medium,Delivered,2026-02
DEL00775,ORD003617,Chennai,WH-MUM,RID032,2018.2,72.0,0,Yes,8830.96,High,Delivered,2026-03
DEL00776,ORD010525,Mumbai,WH-BLR,RID026,8.2,1.54,1,No,37.33,High,Delivered,2026-05
DEL00777,ORD005083,Ahmedabad,WH-MUM,RID028,230.5,11.57,1,No,949.78,Low,Delivered,2026-06
DEL00778,ORD004660,Pune,WH-KOL,RID015,374.3,17.24,0,Yes,1320.91,Low,Delivered,2026-06
DEL00779,ORD001447,Ahmedabad,WH-DEL,RID038,159.3,7.52,0,Yes,704.11,High,Delivered,2026-03
DEL00780,ORD004393,Hyderabad,WH-BLR,RID033,677.0,30.96,0,Yes,3370.69,Medium,Delivered,2026-07
DEL00781,ORD010401,Pune,WH-KOL,RID029,742.2,31.69,0,Yes,3455.7,Medium,Delivered,2026-05
DEL00782,ORD009234,Hyderabad,WH-BLR,RID036,608.2,26.5,1,No,2182.08,Low,Delivered,2026-06
DEL00783,ORD009607,Delhi,WH-KOL,RID036,9.1,2.54,0,Yes,32.32,Low,Delivered,2026-04
DEL00784,ORD001650,Mumbai,WH-KOL,RID029,5.6,2.71,0,Yes,30.17,Medium,Delivered,2026-06
DEL00785,ORD006881,Pune,WH-BLR,RID013,546.7,23.61,1,No,2959.38,High,Delivered,2026-02
DEL00786,ORD010707,Ahmedabad,WH-MUM,RID003,455.3,21.48,0,Yes,1604.15,Medium,Delivered,2026-08
DEL00787,ORD004843,Pune,WH-MUM,RID038,244.8,13.24,0,Yes,1181.9,Medium,Delivered,2026-04
DEL00788,ORD007831,Kolkata,WH-BLR,RID035,13.8,0.63,4,No,62.82,High,Delivered,2026-05
DEL00789,ORD000424,Bengaluru,WH-DEL,RID030,10.4,2.19,0,Yes,51.56,Low,Delivered,2026-05
DEL00790,ORD009720,Kolkata,WH-MUM,RID008,10.4,3.53,0,Yes,41.08,Low,Delivered,2026-03
DEL00791,ORD007003,Delhi,WH-BLR,RID013,12.1,2.94,0,Yes,45.81,Low,Delivered,2026-07
DEL00792,ORD008150,Chennai,WH-BLR,RID032,1285.4,52.33,4,No,6508.94,Low,Delivered,2026-03
DEL00793,ORD009245,Chennai,WH-DEL,RID024,1431.7,58.88,1,No,6345.5,Medium,Delivered,2026-07
DEL00794,ORD006254,Pune,WH-BLR,RID008,289.8,15.1,4,No,1152.96,Medium,Delivered,2026-05
DEL00795,ORD006424,Pune,WH-DEL,RID038,229.7,9.6,1,No,990.26,Low,Delivered,2026-03
DEL00796,ORD001093,Bengaluru,WH-BLR,RID033,6.5,2.39,0,Yes,24.88,Low,Delivered,2026-03
DEL00797,ORD000146,Kolkata,WH-DEL,RID030,12.8,2.42,0,Yes,68.8,Low,Delivered,2026-03
DEL00798,ORD005373,Delhi,WH-DEL,RID009,5.1,1.81,1,No,23.47,Medium,Delivered,2026-05
DEL00799,ORD007240,Kolkata,WH-MUM,RID027,6.1,1.93,2,No,27.26,Medium,Delivered,2026-05
DEL00800,ORD003409,Chennai,WH-BLR,RID026,1365.5,57.25,0,Yes,6681.56,Low,Delivered,2026-06
DEL00801,ORD009353,Ahmedabad,WH-KOL,RID034,575.5,25.71,4,No,2069.67,Medium,Delivered Late,2026-06
DEL00802,ORD006314,Delhi,WH-KOL,RID027,12.0,2.8,0,Yes,45.27,Low,Delivered,2026-02
DEL00803,ORD010895,Hyderabad,WH-MUM,RID011,598.4,26.56,1,No,3195.02,Medium,Delivered,2026-06
DEL00804,ORD000458,Chennai,WH-DEL,RID027,1206.5,50.12,0,Yes,5344.05,Medium,Delivered Late,2026-05
DEL00805,ORD009217,Pune,WH-DEL,RID040,643.5,29.12,1,No,3511.54,Low,Delivered,2026-05
DEL00806,ORD001632,Bengaluru,WH-MUM,RID036,12.8,3.23,1,No,57.67,Medium,Delivered,2026-03
DEL00807,ORD005443,Kolkata,WH-BLR,RID001,14.6,2.01,1,No,64.02,Medium,Delivered,2026-06
DEL00808,ORD001784,Mumbai,WH-KOL,RID005,7.3,2.79,0,Yes,28.59,Medium,Delivered,2026-06
DEL00809,ORD005074,Delhi,WH-MUM,RID038,10.2,3.46,0,Yes,45.77,Medium,Delivered,2026-04
DEL00810,ORD009121,Ahmedabad,WH-MUM,RID027,409.1,18.58,4,No,1735.94,Low,Delivered,2026-04
DEL00811,ORD005402,Pune,WH-MUM,RID020,695.5,28.86,0,Yes,2629.29,Medium,Delivered,2026-04
DEL00812,ORD010746,Pune,WH-MUM,RID027,425.0,17.18,1,No,1519.41,Medium,Delivered,2026-03
DEL00813,ORD001018,Ahmedabad,WH-BLR,RID039,152.4,8.75,1,No,760.9,Low,Delivered,2026-06
DEL00814,ORD002134,Mumbai,WH-BLR,RID040,9.3,1.29,4,No,33.33,High,Delivered,2026-05
DEL00815,ORD003993,Pune,WH-KOL,RID005,592.3,24.86,1,No,2131.26,Low,Delivered,2026-05
DEL00816,ORD004475,Bengaluru,WH-MUM,RID003,10.0,1.6,0,Yes,47.01,High,Delivered,2026-05
DEL00817,ORD003371,Pune,WH-MUM,RID036,717.4,29.72,1,No,3121.49,High,Delivered,2026-03
DEL00818,ORD000902,Hyderabad,WH-MUM,RID005,899.6,37.65,4,No,4613.04,High,Delivered,2026-04
DEL00819,ORD006937,Pune,WH-BLR,RID026,751.8,32.15,4,No,3520.78,High,Delivered,2026-06
DEL00820,ORD007020,Bengaluru,WH-MUM,RID015,16.8,1.94,1,No,62.5,Medium,Delivered,2026-04
DEL00821,ORD010273,Mumbai,WH-MUM,RID038,9.3,1.51,0,Yes,42.64,Low,RTO,2026-06
DEL00822,ORD010835,Mumbai,WH-BLR,RID007,10.0,2.04,0,Yes,50.74,Medium,Delivered,2026-02
DEL00823,ORD004692,Delhi,WH-MUM,RID001,16.6,2.44,0,Yes,80.73,High,Delivered,2026-06
DEL00824,ORD011293,Delhi,WH-DEL,RID015,7.9,2.59,4,No,37.92,Low,Delivered,2026-04
DEL00825,ORD008067,Hyderabad,WH-BLR,RID025,857.8,36.53,0,Yes,4623.93,Low,Delivered,2026-04
DEL00826,ORD007651,Ahmedabad,WH-KOL,RID033,681.3,28.02,0,Yes,3221.8,Low,Delivered,2026-07
DEL00827,ORD002036,Kolkata,WH-BLR,RID029,10.8,3.29,0,Yes,43.45,High,Delivered,2026-02
DEL00828,ORD007953,Hyderabad,WH-BLR,RID035,814.6,33.21,0,Yes,2883.75,Medium,Delivered Late,2026-07
DEL00829,ORD010302,Pune,WH-MUM,RID029,812.5,34.75,0,Yes,3555.66,High,Delivered,2026-06
DEL00830,ORD010261,Chennai,WH-MUM,RID004,962.2,40.35,2,No,4244.79,Medium,Delivered,2026-06
DEL00831,ORD007457,Mumbai,WH-KOL,RID038,5.8,3.91,0,Yes,21.09,Medium,Delivered Late,2026-03
DEL00832,ORD005770,Kolkata,WH-KOL,RID029,14.3,2.11,0,Yes,70.03,Low,Delivered,2026-02
DEL00833,ORD000501,Chennai,WH-DEL,RID008,1727.8,71.16,0,Yes,7369.96,Medium,Delivered,2026-07
DEL00834,ORD006103,Chennai,WH-MUM,RID031,2089.5,72.0,0,Yes,9166.02,Medium,Delivered,2026-06
DEL00835,ORD002786,Kolkata,WH-KOL,RID021,16.2,3.25,0,Yes,58.56,Low,Delivered,2026-03
DEL00836,ORD005103,Chennai,WH-MUM,RID002,1475.4,62.2,1,No,5564.79,Low,Delivered,2026-07
DEL00837,ORD009333,Kolkata,WH-MUM,RID028,8.0,2.59,4,No,36.06,Low,Delivered,2026-04
DEL00838,ORD002904,Ahmedabad,WH-MUM,RID040,390.0,19.91,0,Yes,1500.69,Medium,Delivered,2026-05
DEL00839,ORD003960,Kolkata,WH-KOL,RID018,10.8,2.17,0,Yes,57.31,Medium,Delivered,2026-06
DEL00840,ORD000189,Mumbai,WH-MUM,RID025,5.3,3.41,0,Yes,22.18,Low,Delivered,2026-06
DEL00841,ORD007396,Ahmedabad,WH-BLR,RID012,804.0,34.4,0,Yes,4052.73,Medium,Delivered,2026-07
DEL00842,ORD004447,Chennai,WH-MUM,RID024,1449.3,60.11,2,No,6979.16,Low,Delivered,2026-07
DEL00843,ORD010072,Kolkata,WH-MUM,RID020,12.9,1.31,1,No,48.55,Medium,Delivered,2026-04
DEL00844,ORD007431,Kolkata,WH-DEL,RID002,9.8,2.98,0,Yes,45.45,Medium,Delivered,2026-07
DEL00845,ORD003317,Chennai,WH-KOL,RID024,1188.5,49.32,4,No,5582.74,Medium,Delivered,2026-08
DEL00846,ORD005861,Pune,WH-MUM,RID024,823.8,34.93,1,No,4281.92,Medium,Delivered,2026-04
DEL00847,ORD002953,Bengaluru,WH-BLR,RID034,10.4,2.4,0,Yes,46.99,Medium,Delivered,2026-04
DEL00848,ORD007511,Kolkata,WH-KOL,RID008,8.0,2.86,1,No,32.59,High,Delivered,2026-04
DEL00849,ORD001909,Mumbai,WH-KOL,RID013,13.8,3.72,0,Yes,63.05,Low,Delivered,2026-07
DEL00850,ORD001543,Chennai,WH-MUM,RID036,1366.5,56.47,1,No,7068.2,Medium,Delivered,2026-05
DEL00851,ORD001563,Pune,WH-BLR,RID019,549.5,23.65,4,No,2088.73,Medium,Delivered,2026-05
DEL00852,ORD004789,Delhi,WH-BLR,RID032,10.5,2.67,1,No,44.46,Medium,Delivered,2026-03
DEL00853,ORD008655,Delhi,WH-BLR,RID008,17.9,1.67,4,No,81.66,Medium,Delivered,2026-07
DEL00854,ORD010033,Pune,WH-BLR,RID031,832.5,34.44,0,Yes,3833.94,Low,Delivered Late,2026-03
DEL00855,ORD010979,Kolkata,WH-MUM,RID025,4.8,2.72,0,Yes,26.0,High,Delivered,2026-04
DEL00856,ORD000247,Pune,WH-MUM,RID009,502.3,21.52,0,Yes,2713.64,Medium,Delivered,2026-07
DEL00857,ORD006418,Mumbai,WH-BLR,RID024,8.5,3.13,0,Yes,36.41,Medium,Delivered,2026-07
DEL00858,ORD000245,Pune,WH-MUM,RID034,299.8,13.89,2,No,1533.04,Medium,Delivered,2026-04
DEL00859,ORD004486,Delhi,WH-MUM,RID024,4.1,1.82,0,Yes,14.87,Low,Delivered,2026-04
DEL00860,ORD010332,Pune,WH-MUM,RID017,814.5,35.72,0,Yes,3745.96,Low,Delivered,2026-04
DEL00861,ORD010083,Bengaluru,WH-KOL,RID006,14.5,1.92,0,Yes,56.1,Low,Delivered,2026-07
DEL00862,ORD010935,Mumbai,WH-BLR,RID021,4.8,2.19,0,Yes,17.12,Low,Delivered,2026-06
DEL00863,ORD008559,Chennai,WH-MUM,RID023,1445.8,59.2,0,Yes,7714.48,Medium,Delivered,2026-06
DEL00864,ORD006511,Pune,WH-BLR,RID019,242.1,11.67,0,Yes,1315.07,High,RTO,2026-07
DEL00865,ORD004438,Delhi,WH-DEL,RID031,14.1,3.2,1,No,76.62,Medium,Delivered,2026-02
DEL00866,ORD002009,Mumbai,WH-DEL,RID033,14.5,2.73,4,No,75.75,High,Delivered Late,2026-03
DEL00867,ORD001117,Delhi,WH-MUM,RID009,15.2,2.57,1,No,58.41,Medium,Delivered,2026-06
DEL00868,ORD002668,Hyderabad,WH-DEL,RID009,648.7,27.82,0,Yes,2428.5,Low,Delivered,2026-05
DEL00869,ORD004761,Chennai,WH-DEL,RID009,1644.0,68.03,4,No,5982.19,Low,Delivered,2026-04
DEL00870,ORD003236,Kolkata,WH-KOL,RID027,11.1,2.89,1,No,49.76,Medium,Delivered,2026-05
DEL00871,ORD003526,Mumbai,WH-KOL,RID030,10.9,2.87,1,No,59.02,Low,Delivered,2026-03
DEL00872,ORD001483,Ahmedabad,WH-BLR,RID009,310.5,14.59,0,Yes,1643.04,Low,Delivered,2026-06
DEL00873,ORD000711,Mumbai,WH-BLR,RID035,4.2,1.58,1,No,20.66,High,Delivered,2026-04
DEL00874,ORD008695,Ahmedabad,WH-MUM,RID040,150.2,7.87,0,Yes,784.34,High,Delivered,2026-04
DEL00875,ORD007246,Pune,WH-KOL,RID032,309.9,13.95,1,No,1664.07,Medium,Delivered,2026-05
DEL00876,ORD003080,Bengaluru,WH-BLR,RID036,8.9,2.74,4,No,45.11,Low,Delivered,2026-06
DEL00877,ORD008774,Mumbai,WH-DEL,RID015,5.2,1.95,4,No,28.02,Medium,Delivered,2026-06
DEL00878,ORD006907,Kolkata,WH-BLR,RID010,12.0,2.25,1,No,64.69,Low,Delivered,2026-04
DEL00879,ORD006500,Mumbai,WH-KOL,RID018,17.5,4.14,0,Yes,75.22,Medium,Delivered,2026-03
DEL00880,ORD008875,Delhi,WH-BLR,RID022,11.9,2.38,1,No,42.68,Medium,Delivered,2026-03
DEL00881,ORD002823,Chennai,WH-MUM,RID021,1506.7,60.46,0,Yes,5985.7,High,Delivered,2026-04
DEL00882,ORD005330,Kolkata,WH-DEL,RID011,12.3,4.15,2,No,66.63,High,Delivered,2026-03
DEL00883,ORD004737,Kolkata,WH-DEL,RID017,7.5,2.3,0,Yes,30.04,Low,Delivered,2026-07
DEL00884,ORD000763,Ahmedabad,WH-MUM,RID001,760.8,32.12,0,Yes,2965.68,Low,Delivered,2026-06
DEL00885,ORD002879,Kolkata,WH-BLR,RID001,10.2,2.09,1,No,48.86,Medium,Delivered,2026-04
DEL00886,ORD006316,Kolkata,WH-MUM,RID028,5.8,1.9,2,No,21.32,Medium,Delivered,2026-06
DEL00887,ORD001020,Bengaluru,WH-BLR,RID014,6.7,3.5,1,No,35.21,Medium,Delivered Late,2026-04
DEL00888,ORD009257,Hyderabad,WH-MUM,RID003,360.0,15.83,2,No,1477.58,High,Delivered Late,2026-02
DEL00889,ORD001476,Pune,WH-BLR,RID033,268.1,12.16,0,Yes,1403.26,Medium,Delivered,2026-05
DEL00890,ORD009073,Bengaluru,WH-KOL,RID020,4.9,2.03,0,Yes,21.85,High,Delivered,2026-03
DEL00891,ORD004207,Kolkata,WH-MUM,RID011,5.9,0.68,0,Yes,26.39,High,Delivered,2026-03
DEL00892,ORD000683,Chennai,WH-BLR,RID040,2048.6,72.0,2,No,9362.16,Medium,Delivered,2026-06
DEL00893,ORD010065,Chennai,WH-KOL,RID032,1401.3,59.03,1,No,6154.0,High,Delivered,2026-06
DEL00894,ORD010195,Mumbai,WH-KOL,RID035,11.6,2.77,2,No,40.73,Medium,Delivered,2026-03
DEL00895,ORD002717,Hyderabad,WH-MUM,RID034,442.0,20.22,0,Yes,2279.41,High,Delivered,2026-07
DEL00896,ORD001319,Ahmedabad,WH-KOL,RID010,846.6,35.27,1,No,4081.92,Medium,Delivered,2026-07
DEL00897,ORD005618,Hyderabad,WH-MUM,RID028,722.2,29.3,0,Yes,2871.65,High,Delivered,2026-06
DEL00898,ORD007257,Ahmedabad,WH-KOL,RID037,775.3,33.65,4,No,3424.03,Medium,Delivered,2026-06
DEL00899,ORD001101,Delhi,WH-DEL,RID023,9.5,1.42,1,No,48.55,Medium,Delivered,2026-02
DEL00900,ORD008800,Kolkata,WH-MUM,RID003,13.7,1.03,1,No,74.94,Medium,Delivered Late,2026-07
DEL00901,ORD008004,Kolkata,WH-BLR,RID023,7.6,1.55,1,No,32.25,High,Delivered,2026-03
DEL00902,ORD009781,Hyderabad,WH-KOL,RID010,858.5,35.69,0,Yes,4108.16,High,Delivered,2026-06
DEL00903,ORD004852,Ahmedabad,WH-DEL,RID015,260.3,11.31,0,Yes,1280.16,Medium,Delivered,2026-05
DEL00904,ORD005881,Chennai,WH-DEL,RID027,1039.6,43.61,1,No,3861.39,High,Delivered,2026-08
DEL00905,ORD007995,Mumbai,WH-MUM,RID022,16.8,4.8,1,No,68.31,Medium,Delivered,2026-07
DEL00906,ORD009080,Kolkata,WH-KOL,RID014,12.5,2.45,0,Yes,66.76,High,Delivered,2026-02
DEL00907,ORD001820,Ahmedabad,WH-MUM,RID012,840.2,34.98,0,Yes,3688.81,High,Delivered,2026-03
DEL00908,ORD010922,Bengaluru,WH-BLR,RID038,13.8,2.61,0,Yes,55.57,High,Delivered,2026-05
DEL00909,ORD008832,Bengaluru,WH-BLR,RID028,15.3,3.54,4,No,71.04,Low,Delivered,2026-05
DEL00910,ORD001746,Hyderabad,WH-KOL,RID021,723.6,28.8,0,Yes,2876.32,Medium,Delivered Late,2026-03
DEL00911,ORD003560,Bengaluru,WH-DEL,RID021,17.7,2.29,2,No,90.25,High,Delivered,2026-04
DEL00912,ORD011420,Bengaluru,WH-KOL,RID003,17.9,2.97,0,Yes,95.76,Medium,Delivered,2026-02
DEL00913,ORD000321,Ahmedabad,WH-BLR,RID028,842.0,36.03,0,Yes,4048.62,Low,Delivered,2026-07
DEL00914,ORD007045,Chennai,WH-BLR,RID014,1412.6,58.03,0,Yes,6799.7,Medium,Delivered,2026-08
DEL00915,ORD006650,Chennai,WH-DEL,RID032,1814.9,72.0,4,No,7563.29,High,Delivered,2026-03
DEL00916,ORD003204,Ahmedabad,WH-MUM,RID011,288.1,13.72,4,No,1302.52,Medium,Delivered,2026-02
DEL00917,ORD008299,Hyderabad,WH-DEL,RID025,604.3,25.41,0,Yes,3105.3,High,Delivered,2026-05
DEL00918,ORD005717,Ahmedabad,WH-DEL,RID032,723.2,28.28,0,Yes,3331.98,Low,RTO,2026-05
DEL00919,ORD008364,Chennai,WH-BLR,RID007,1688.4,69.65,4,No,6247.17,Medium,Delivered,2026-04
DEL00920,ORD006875,Delhi,WH-BLR,RID027,8.9,2.59,2,No,40.75,High,Delivered Late,2026-04
DEL00921,ORD006638,Hyderabad,WH-MUM,RID022,829.7,34.97,0,Yes,3047.91,Low,Delivered,2026-05
DEL00922,ORD007098,Bengaluru,WH-MUM,RID007,5.4,3.89,0,Yes,22.68,Medium,Delivered,2026-07
DEL00923,ORD004334,Bengaluru,WH-DEL,RID029,12.1,2.94,0,Yes,65.31,Low,Delivered,2026-05
DEL00924,ORD004638,Hyderabad,WH-KOL,RID025,559.6,24.51,0,Yes,2453.63,Medium,Delivered,2026-03
DEL00925,ORD003121,Delhi,WH-MUM,RID022,4.2,3.64,4,No,22.29,Medium,Delivered,2026-04
DEL00926,ORD009004,Bengaluru,WH-MUM,RID005,16.1,4.48,1,No,71.56,High,Delivered,2026-03
DEL00927,ORD010987,Pune,WH-MUM,RID001,818.4,35.61,4,No,3510.09,High,Delivered,2026-05
DEL00928,ORD002938,Bengaluru,WH-MUM,RID010,14.9,2.15,0,Yes,68.76,High,Delivered,2026-06
DEL00929,ORD003300,Kolkata,WH-DEL,RID015,15.6,3.05,0,Yes,73.94,High,RTO,2026-06
DEL00930,ORD009767,Chennai,WH-KOL,RID005,1890.1,72.0,1,No,9315.09,Medium,Delivered,2026-05
DEL00931,ORD000935,Pune,WH-KOL,RID029,724.3,28.59,2,No,2935.68,High,Delivered,2026-03
DEL00932,ORD003166,Mumbai,WH-MUM,RID011,11.7,1.29,1,No,43.64,High,Delivered,2026-02
DEL00933,ORD004592,Kolkata,WH-MUM,RID005,12.2,3.05,4,No,54.31,Medium,Delivered,2026-06
DEL00934,ORD002945,Chennai,WH-BLR,RID002,1813.8,72.0,0,Yes,8669.58,Low,Delivered,2026-04
DEL00935,ORD001591,Pune,WH-BLR,RID024,767.6,33.22,4,No,2921.46,Low,Delivered,2026-06
DEL00936,ORD006202,Hyderabad,WH-KOL,RID026,479.9,21.87,0,Yes,1709.77,Medium,Delivered Late,2026-05
DEL00937,ORD000284,Delhi,WH-MUM,RID006,14.6,1.69,4,No,73.28,Medium,Delivered,2026-04
DEL00938,ORD001796,Mumbai,WH-MUM,RID021,5.3,2.01,0,Yes,23.07,Low,Delivered,2026-02
DEL00939,ORD002463,Pune,WH-KOL,RID029,709.6,30.52,1,No,3445.2,Medium,Delivered,2026-06
DEL00940,ORD001897,Ahmedabad,WH-BLR,RID026,423.2,19.77,2,No,1488.73,Medium,Delivered,2026-02
DEL00941,ORD006995,Hyderabad,WH-DEL,RID023,190.0,10.44,4,No,981.2,Low,Delivered,2026-08
DEL00942,ORD002477,Ahmedabad,WH-MUM,RID016,222.3,9.27,2,No,1182.47,Medium,Delivered,2026-05
DEL00943,ORD010909,Ahmedabad,WH-KOL,RID038,342.9,13.59,1,No,1279.9,Medium,Delivered,2026-02
DEL00944,ORD006972,Chennai,WH-KOL,RID003,2050.9,72.0,4,No,7784.96,High,RTO,2026-03
DEL00945,ORD007113,Mumbai,WH-MUM,RID001,10.7,3.57,1,No,49.1,High,Delivered,2026-02
DEL00946,ORD010608,Bengaluru,WH-BLR,RID033,7.5,1.74,2,No,28.71,High,Delivered,2026-05
DEL00947,ORD008137,Chennai,WH-DEL,RID014,1772.7,72.0,2,No,7132.22,Medium,Delivered,2026-03
DEL00948,ORD005645,Kolkata,WH-BLR,RID016,12.3,1.19,0,Yes,63.08,High,Delivered,2026-08
DEL00949,ORD010319,Bengaluru,WH-KOL,RID016,9.7,1.37,0,Yes,48.5,Medium,Delivered,2026-04
DEL00950,ORD000305,Kolkata,WH-KOL,RID036,9.7,1.71,0,Yes,52.43,Medium,Delivered,2026-02
DEL00951,ORD003814,Mumbai,WH-KOL,RID024,10.0,1.43,1,No,52.82,Medium,Delivered,2026-05
DEL00952,ORD007856,Pune,WH-DEL,RID016,417.3,17.83,1,No,1712.58,High,Delivered,2026-05
DEL00953,ORD003340,Mumbai,WH-BLR,RID038,15.6,2.86,0,Yes,85.35,Low,Delivered,2026-07
DEL00954,ORD000285,Pune,WH-MUM,RID026,443.3,19.76,0,Yes,1934.33,Medium,Delivered,2026-03
DEL00955,ORD004571,Mumbai,WH-MUM,RID031,7.3,1.28,0,Yes,33.58,Medium,Delivered,2026-06
DEL00956,ORD002821,Ahmedabad,WH-KOL,RID038,285.4,13.49,2,No,1206.05,Low,Delivered,2026-06
DEL00957,ORD007111,Hyderabad,WH-MUM,RID032,219.0,10.1,1,No,1019.89,Medium,Delivered,2026-06
DEL00958,ORD004068,Bengaluru,WH-BLR,RID036,14.5,3.3,1,No,65.3,Medium,Delivered,2026-04
DEL00959,ORD007480,Kolkata,WH-KOL,RID010,16.1,2.93,0,Yes,65.89,Medium,Delivered Late,2026-06
DEL00960,ORD001993,Delhi,WH-KOL,RID021,10.0,2.92,4,No,45.42,Low,RTO,2026-03
DEL00961,ORD005301,Ahmedabad,WH-MUM,RID008,330.8,15.29,0,Yes,1628.02,High,Delivered,2026-04
DEL00962,ORD010402,Bengaluru,WH-BLR,RID002,10.9,2.3,1,No,49.23,Medium,Delivered Late,2026-02
DEL00963,ORD004918,Chennai,WH-MUM,RID017,1895.5,72.0,0,Yes,9796.4,Low,Delivered,2026-07
DEL00964,ORD006335,Kolkata,WH-KOL,RID010,14.0,5.2,1,No,73.63,Medium,Delivered,2026-07
DEL00965,ORD005670,Ahmedabad,WH-MUM,RID013,498.3,21.42,0,Yes,2156.06,Medium,Delivered,2026-06
DEL00966,ORD000790,Bengaluru,WH-BLR,RID032,13.3,3.18,4,No,66.7,Low,Delivered,2026-03
DEL00967,ORD007892,Kolkata,WH-BLR,RID031,15.0,3.24,0,Yes,80.07,Medium,Delivered,2026-02
DEL00968,ORD001866,Bengaluru,WH-DEL,RID014,16.1,5.0,0,Yes,80.78,Low,Delivered,2026-03
DEL00969,ORD007243,Hyderabad,WH-DEL,RID019,180.1,10.4,0,Yes,800.37,Medium,Delivered,2026-05
DEL00970,ORD001724,Pune,WH-BLR,RID026,828.8,33.38,0,Yes,4072.31,High,Delivered,2026-02
DEL00971,ORD002403,Chennai,WH-MUM,RID031,1434.6,59.04,0,Yes,6225.63,Low,Delivered,2026-03
DEL00972,ORD005339,Mumbai,WH-MUM,RID033,12.7,0.5,0,Yes,52.7,High,Delivered,2026-02
DEL00973,ORD003614,Kolkata,WH-MUM,RID005,8.2,2.69,1,No,38.98,Low,Delivered,2026-06
DEL00974,ORD011505,Kolkata,WH-KOL,RID037,4.1,2.42,0,Yes,14.86,Medium,Delivered,2026-03
DEL00975,ORD010235,Ahmedabad,WH-MUM,RID036,276.1,12.73,0,Yes,1058.25,Medium,Delivered,2026-03
DEL00976,ORD003448,Hyderabad,WH-MUM,RID023,501.3,22.34,0,Yes,2317.7,Low,Delivered,2026-06
DEL00977,ORD005417,Delhi,WH-BLR,RID021,6.1,2.97,2,No,26.33,Medium,Delivered,2026-06
DEL00978,ORD009715,Mumbai,WH-DEL,RID035,9.9,1.85,4,No,38.28,Medium,Delivered,2026-07
DEL00979,ORD005113,Delhi,WH-MUM,RID040,13.4,1.5,1,No,72.05,High,Delivered,2026-04
DEL00980,ORD010429,Chennai,WH-DEL,RID010,1215.3,50.04,0,Yes,6676.98,Medium,Delivered,2026-03
DEL00981,ORD009345,Hyderabad,WH-MUM,RID020,288.8,14.03,2,No,1235.54,Low,Delivered,2026-03
DEL00982,ORD002710,Bengaluru,WH-BLR,RID012,11.7,2.46,0,Yes,57.5,Low,Delivered,2026-07
DEL00983,ORD000373,Chennai,WH-KOL,RID010,1269.6,53.64,0,Yes,6508.75,Medium,Delivered,2026-03
DEL00984,ORD007218,Pune,WH-KOL,RID008,520.4,21.5,1,No,2085.06,High,Delivered,2026-03
DEL00985,ORD002526,Ahmedabad,WH-BLR,RID007,376.4,17.94,0,Yes,1490.26,Low,RTO,2026-02
DEL00986,ORD008042,Ahmedabad,WH-MUM,RID023,572.5,26.17,0,Yes,2751.02,High,Delivered,2026-05
DEL00987,ORD009305,Bengaluru,WH-BLR,RID026,13.8,4.48,0,Yes,58.36,Low,Delivered,2026-07
DEL00988,ORD010283,Mumbai,WH-BLR,RID022,15.9,2.93,0,Yes,65.26,Medium,Delivered,2026-04
DEL00989,ORD000185,Chennai,WH-MUM,RID032,1295.8,53.98,0,Yes,6507.39,High,Delivered,2026-04
DEL00990,ORD006727,Bengaluru,WH-DEL,RID020,15.5,3.39,2,No,80.91,High,Delivered,2026-02
DEL00991,ORD009687,Delhi,WH-DEL,RID037,12.9,2.48,0,Yes,46.89,Low,Delivered,2026-05
DEL00992,ORD010133,Delhi,WH-BLR,RID013,8.7,1.52,4,No,37.17,High,Delivered,2026-04
DEL00993,ORD004942,Delhi,WH-BLR,RID007,11.4,1.01,1,No,59.19,Medium,Delivered,2026-05
DEL00994,ORD003926,Hyderabad,WH-BLR,RID017,517.0,21.94,2,No,2567.57,High,Delivered,2026-04
DEL00995,ORD008173,Bengaluru,WH-MUM,RID008,4.9,3.64,1,No,26.38,High,Delivered Late,2026-02
DEL00996,ORD000052,Pune,WH-KOL,RID032,601.3,26.36,0,Yes,2778.33,Medium,Delivered,2026-06
DEL00997,ORD005216,Delhi,WH-MUM,RID018,13.3,1.13,0,Yes,67.15,High,Delivered,2026-04
DEL00998,ORD009907,Delhi,WH-DEL,RID006,9.6,2.44,2,No,38.15,Medium,Delivered,2026-07
DEL00999,ORD001548,Ahmedabad,WH-MUM,RID010,845.2,36.31,0,Yes,3201.15,Medium,Delivered,2026-06
DEL01000,ORD011469,Kolkata,WH-KOL,RID010,9.0,3.31,1,No,33.2,Medium,Delivered,2026-03
DEL01001,ORD006379,Pune,WH-BLR,RID033,315.8,13.85,1,No,1660.96,Low,Delivered Late,2026-02
DEL01002,ORD006471,Bengaluru,WH-MUM,RID012,8.5,2.23,2,No,41.33,Medium,Delivered,2026-03
DEL01003,ORD004724,Pune,WH-DEL,RID014,896.7,36.23,0,Yes,3863.11,Medium,Delivered,2026-02
DEL01004,ORD005890,Kolkata,WH-MUM,RID033,13.0,3.03,2,No,64.93,Medium,Delivered,2026-05
DEL01005,ORD009646,Bengaluru,WH-BLR,RID017,9.0,0.5,0,Yes,47.02,High,RTO,2026-07
DEL01006,ORD008667,Hyderabad,WH-KOL,RID009,528.3,22.85,0,Yes,2594.55,Medium,Delivered,2026-07
DEL01007,ORD005797,Delhi,WH-BLR,RID001,11.7,1.88,0,Yes,41.76,Medium,Delivered,2026-07
DEL01008,ORD000510,Kolkata,WH-MUM,RID008,11.6,4.17,1,No,47.16,Medium,Delivered,2026-02
DEL01009,ORD000400,Ahmedabad,WH-MUM,RID002,293.4,15.06,0,Yes,1074.3,Medium,Delivered,2026-06
DEL01010,ORD005394,Hyderabad,WH-KOL,RID029,373.1,15.97,0,Yes,1852.02,Medium,Delivered,2026-03
DEL01011,ORD008705,Chennai,WH-BLR,RID024,1445.3,59.52,0,Yes,7685.59,Medium,Delivered,2026-07
DEL01012,ORD000961,Bengaluru,WH-BLR,RID028,5.9,0.5,1,No,26.26,Low,Delivered,2026-04
DEL01013,ORD001006,Bengaluru,WH-KOL,RID035,13.6,1.57,4,No,63.44,Medium,Delivered,2026-07
DEL01014,ORD005914,Hyderabad,WH-KOL,RID021,382.1,16.22,0,Yes,1906.0,High,Delivered,2026-02
DEL01015,ORD007103,Hyderabad,WH-BLR,RID018,712.9,30.84,4,No,2498.78,Low,Delivered,2026-08
DEL01016,ORD001600,Chennai,WH-BLR,RID036,969.1,41.37,0,Yes,4111.79,Medium,Delivered,2026-03
DEL01017,ORD004532,Hyderabad,WH-MUM,RID036,692.7,28.63,1,No,2594.4,Low,Delivered,2026-03
DEL01018,ORD002961,Mumbai,WH-KOL,RID020,16.4,3.96,0,Yes,74.67,Medium,Delivered,2026-06
DEL01019,ORD000694,Pune,WH-MUM,RID002,663.4,30.46,1,No,2482.32,High,Delivered,2026-03
DEL01020,ORD001517,Hyderabad,WH-MUM,RID028,515.4,21.95,2,No,2767.27,Medium,Delivered,2026-07
DEL01021,ORD000114,Bengaluru,WH-KOL,RID036,4.3,1.42,2,No,19.49,Low,RTO,2026-03
DEL01022,ORD009860,Chennai,WH-BLR,RID012,1940.1,72.0,0,Yes,10251.54,Medium,Delivered,2026-07
DEL01023,ORD008483,Chennai,WH-MUM,RID024,919.6,38.61,1,No,4228.58,High,Delivered,2026-02
DEL01024,ORD004890,Mumbai,WH-KOL,RID018,4.5,2.16,4,No,23.14,Medium,Delivered,2026-05
DEL01025,ORD002677,Chennai,WH-DEL,RID014,1756.9,72.0,0,Yes,6663.57,Medium,Delivered,2026-06
DEL01026,ORD011049,Pune,WH-BLR,RID005,244.7,12.24,0,Yes,991.21,Low,Delivered,2026-07
DEL01027,ORD010269,Hyderabad,WH-KOL,RID005,191.2,12.14,0,Yes,684.03,Medium,Delivered,2026-06
DEL01028,ORD005788,Chennai,WH-KOL,RID011,1855.2,72.0,1,No,10193.27,Medium,Delivered,2026-02
DEL01029,ORD008430,Chennai,WH-BLR,RID010,1431.3,59.72,0,Yes,5121.85,Medium,Delivered,2026-06
DEL01030,ORD005042,Hyderabad,WH-BLR,RID036,855.3,34.91,0,Yes,3002.19,High,Delivered,2026-03
DEL01031,ORD006694,Ahmedabad,WH-KOL,RID034,537.0,21.53,1,No,2419.25,Medium,Delivered,2026-02
DEL01032,ORD011159,Ahmedabad,WH-MUM,RID006,229.5,12.28,0,Yes,1225.51,High,Delivered Late,2026-05
DEL01033,ORD003563,Mumbai,WH-BLR,RID040,9.7,1.87,0,Yes,46.82,High,Delivered,2026-07
DEL01034,ORD010596,Bengaluru,WH-MUM,RID036,8.7,2.99,0,Yes,33.09,Medium,Delivered,2026-06
DEL01035,ORD000175,Chennai,WH-MUM,RID003,1425.1,59.51,0,Yes,6176.25,Low,Delivered,2026-05
DEL01036,ORD006344,Delhi,WH-MUM,RID015,15.7,3.38,4,No,67.31,High,Delivered,2026-04
DEL01037,ORD001868,Kolkata,WH-MUM,RID007,7.0,1.78,1,No,36.96,Low,Delivered,2026-07
DEL01038,ORD011340,Chennai,WH-KOL,RID029,1300.4,54.61,2,No,5607.1,Medium,Delivered,2026-04
DEL01039,ORD010891,Pune,WH-MUM,RID015,214.5,12.26,0,Yes,850.51,Low,Delivered,2026-05
DEL01040,ORD000861,Chennai,WH-KOL,RID008,1622.2,67.05,4,No,6596.5,High,Delivered,2026-06
DEL01041,ORD000135,Mumbai,WH-BLR,RID040,17.8,3.78,2,No,92.47,Low,Delivered,2026-05
DEL01042,ORD001823,Bengaluru,WH-KOL,RID013,8.7,1.97,0,Yes,40.01,Low,Delivered Late,2026-04
DEL01043,ORD004405,Pune,WH-MUM,RID006,760.9,32.21,2,No,2766.61,Medium,Delivered,2026-04
DEL01044,ORD010191,Mumbai,WH-DEL,RID013,5.7,3.54,0,Yes,28.36,High,Delivered Late,2026-02
DEL01045,ORD002774,Delhi,WH-KOL,RID038,17.8,2.2,0,Yes,95.02,Low,Delivered,2026-03
DEL01046,ORD008848,Ahmedabad,WH-BLR,RID007,169.3,8.34,1,No,900.07,Low,Delivered,2026-05
DEL01047,ORD008807,Kolkata,WH-BLR,RID013,13.5,2.03,0,Yes,54.99,Low,Delivered,2026-07
DEL01048,ORD007807,Chennai,WH-BLR,RID009,1533.4,62.44,2,No,6255.2,Medium,Delivered,2026-07
DEL01049,ORD007489,Mumbai,WH-BLR,RID019,13.2,3.1,2,No,60.19,Medium,Delivered,2026-02
DEL01050,ORD003836,Pune,WH-BLR,RID009,776.0,32.93,0,Yes,3131.43,Medium,Delivered Late,2026-04
DEL01051,ORD005180,Hyderabad,WH-DEL,RID012,152.2,8.44,0,Yes,747.12,Medium,Delivered Late,2026-04
DEL01052,ORD004976,Delhi,WH-MUM,RID032,7.1,1.38,4,No,35.95,Low,Delivered,2026-04
DEL01053,ORD005238,Pune,WH-KOL,RID029,684.1,28.79,2,No,3536.36,Low,Delivered,2026-05
DEL01054,ORD000974,Mumbai,WH-DEL,RID035,11.8,3.13,4,No,57.63,Medium,Delivered,2026-05
DEL01055,ORD001270,Bengaluru,WH-DEL,RID003,8.7,1.81,2,No,45.2,Medium,Delivered,2026-08
DEL01056,ORD005485,Kolkata,WH-DEL,RID031,7.4,2.98,0,Yes,38.11,High,Delivered,2026-03
DEL01057,ORD000414,Bengaluru,WH-BLR,RID034,8.2,2.22,0,Yes,31.43,Medium,Delivered,2026-05
DEL01058,ORD002436,Kolkata,WH-BLR,RID028,15.5,2.94,1,No,80.08,Medium,Delivered,2026-03
DEL01059,ORD008585,Pune,WH-MUM,RID020,679.6,31.42,4,No,2910.55,Low,Delivered,2026-07
DEL01060,ORD003305,Delhi,WH-KOL,RID035,5.5,3.06,4,No,20.86,High,Delivered,2026-07
DEL01061,ORD004046,Ahmedabad,WH-DEL,RID005,589.4,26.96,0,Yes,2919.82,High,Delivered,2026-04
DEL01062,ORD004138,Mumbai,WH-BLR,RID022,14.5,1.59,0,Yes,70.24,Low,Delivered,2026-04
DEL01063,ORD002912,Mumbai,WH-MUM,RID011,15.8,3.07,2,No,81.32,Medium,Delivered,2026-02
DEL01064,ORD003547,Chennai,WH-MUM,RID018,1368.7,58.26,0,Yes,5050.88,High,Delivered,2026-06
DEL01065,ORD004423,Kolkata,WH-BLR,RID005,13.7,3.13,1,No,73.08,High,Delivered,2026-06
DEL01066,ORD007392,Ahmedabad,WH-MUM,RID010,773.5,32.8,0,Yes,3078.31,Medium,Delivered Late,2026-04
DEL01067,ORD004679,Chennai,WH-DEL,RID023,1128.1,46.94,0,Yes,4140.53,Medium,Delivered Late,2026-04
DEL01068,ORD006205,Bengaluru,WH-DEL,RID018,18.0,1.88,4,No,81.53,Low,Delivered,2026-03
DEL01069,ORD003005,Delhi,WH-KOL,RID038,11.7,2.14,0,Yes,50.74,High,Delivered,2026-02
DEL01070,ORD004184,Mumbai,WH-BLR,RID034,5.1,1.57,1,No,20.72,Medium,RTO,2026-04
DEL01071,ORD010414,Chennai,WH-KOL,RID010,1190.5,48.93,4,No,6307.58,High,Delivered,2026-02
DEL01072,ORD000946,Hyderabad,WH-BLR,RID039,314.8,15.17,0,Yes,1121.17,High,Delivered,2026-05
DEL01073,ORD006545,Delhi,WH-MUM,RID038,8.3,1.92,2,No,42.95,Medium,Delivered,2026-03
DEL01074,ORD000808,Hyderabad,WH-KOL,RID003,659.5,28.96,1,No,2437.66,Low,Delivered,2026-04
DEL01075,ORD010192,Kolkata,WH-MUM,RID011,14.4,2.66,0,Yes,74.03,Medium,Delivered,2026-04
DEL01076,ORD004994,Chennai,WH-BLR,RID031,1128.4,49.25,0,Yes,4516.33,High,Delivered,2026-03
DEL01077,ORD008403,Kolkata,WH-KOL,RID007,14.5,2.38,0,Yes,57.24,High,Delivered,2026-06
DEL01078,ORD003767,Hyderabad,WH-KOL,RID029,461.1,21.06,0,Yes,1954.65,Medium,Delivered,2026-02
DEL01079,ORD010742,Ahmedabad,WH-MUM,RID035,812.7,33.85,0,Yes,3622.16,Medium,Delivered,2026-02
DEL01080,ORD006024,Pune,WH-MUM,RID022,878.7,36.81,4,No,3408.98,Medium,RTO,2026-03
DEL01081,ORD010058,Chennai,WH-MUM,RID022,1178.7,49.08,0,Yes,6301.28,Medium,Delivered,2026-04
DEL01082,ORD009205,Hyderabad,WH-BLR,RID025,418.2,18.96,1,No,1715.74,Medium,Delivered,2026-05
DEL01083,ORD010686,Hyderabad,WH-KOL,RID014,513.5,22.45,0,Yes,1993.98,Low,Delivered,2026-04
DEL01084,ORD004778,Bengaluru,WH-DEL,RID027,6.8,1.5,0,Yes,34.95,Medium,Delivered,2026-07
DEL01085,ORD007251,Delhi,WH-KOL,RID028,14.4,3.41,0,Yes,58.64,Medium,Delivered,2026-07
DEL01086,ORD009155,Delhi,WH-BLR,RID010,12.2,2.98,1,No,64.85,Low,Delivered,2026-05
DEL01087,ORD005747,Delhi,WH-MUM,RID019,15.4,3.64,0,Yes,79.67,Low,Delivered,2026-03
DEL01088,ORD007305,Mumbai,WH-BLR,RID017,13.7,2.57,1,No,57.23,Medium,Delivered,2026-03
DEL01089,ORD004145,Pune,WH-MUM,RID003,723.5,32.31,2,No,3741.98,Medium,Delivered,2026-04
DEL01090,ORD005987,Kolkata,WH-MUM,RID020,11.8,2.32,0,Yes,51.98,High,Delivered,2026-03
DEL01091,ORD005447,Mumbai,WH-MUM,RID027,10.3,0.95,0,Yes,40.62,Low,Delivered,2026-05
DEL01092,ORD011218,Ahmedabad,WH-MUM,RID021,538.2,23.66,1,No,2111.71,Medium,Delivered Late,2026-07
DEL01093,ORD000487,Kolkata,WH-MUM,RID028,6.1,0.5,1,No,25.37,Medium,Delivered,2026-06
DEL01094,ORD007801,Pune,WH-MUM,RID015,565.7,24.86,0,Yes,2962.87,High,Delivered,2026-05
DEL01095,ORD000243,Ahmedabad,WH-MUM,RID020,596.8,26.15,0,Yes,2943.11,Medium,Delivered,2026-03
DEL01096,ORD001258,Delhi,WH-KOL,RID002,16.9,0.61,1,No,81.26,Medium,Delivered Late,2026-05
DEL01097,ORD007463,Pune,WH-KOL,RID023,499.3,20.03,2,No,2217.68,Low,Delivered,2026-07
DEL01098,ORD005342,Mumbai,WH-BLR,RID023,7.7,1.29,0,Yes,39.18,Medium,Delivered,2026-05
DEL01099,ORD010640,Chennai,WH-KOL,RID001,2002.5,72.0,1,No,8418.81,Medium,Delivered,2026-08
DEL01100,ORD004799,Delhi,WH-BLR,RID014,10.9,1.13,0,Yes,41.86,Medium,Delivered,2026-04
DEL01101,ORD002714,Chennai,WH-KOL,RID011,950.4,41.28,0,Yes,3468.82,Low,Delivered,2026-07
DEL01102,ORD011442,Hyderabad,WH-BLR,RID039,790.9,32.5,1,No,4157.16,Medium,Delivered,2026-03
DEL01103,ORD008459,Ahmedabad,WH-MUM,RID008,635.4,28.27,0,Yes,2233.97,Low,Delivered,2026-05
DEL01104,ORD003731,Ahmedabad,WH-BLR,RID034,562.8,22.46,0,Yes,3077.62,High,Delivered,2026-03
DEL01105,ORD009177,Ahmedabad,WH-BLR,RID033,240.8,13.0,0,Yes,1324.24,Low,Delivered,2026-05
DEL01106,ORD004861,Mumbai,WH-BLR,RID008,16.3,3.44,0,Yes,65.14,Low,Delivered,2026-07
DEL01107,ORD004381,Mumbai,WH-DEL,RID008,11.5,0.79,2,No,59.95,Medium,Delivered,2026-05
DEL01108,ORD008457,Mumbai,WH-MUM,RID032,9.9,2.49,1,No,43.42,Medium,Delivered,2026-05
DEL01109,ORD009945,Chennai,WH-BLR,RID031,1865.6,72.0,0,Yes,9914.61,High,Delivered,2026-05
DEL01110,ORD003239,Chennai,WH-MUM,RID024,1060.4,45.89,0,Yes,4520.93,High,Delivered,2026-07
DEL01111,ORD006013,Ahmedabad,WH-MUM,RID024,468.5,19.23,0,Yes,2123.99,Low,Delivered,2026-03
DEL01112,ORD000449,Hyderabad,WH-KOL,RID024,611.8,28.16,0,Yes,3049.55,Medium,Delivered,2026-06
DEL01113,ORD006783,Ahmedabad,WH-MUM,RID016,683.0,29.08,2,No,3239.22,High,Delivered,2026-06
DEL01114,ORD000471,Ahmedabad,WH-MUM,RID023,849.4,38.23,0,Yes,3328.54,Medium,Delivered,2026-06
DEL01115,ORD010280,Ahmedabad,WH-BLR,RID030,399.1,19.6,0,Yes,1712.72,Low,Delivered,2026-07
DEL01116,ORD003051,Kolkata,WH-MUM,RID039,14.5,0.5,0,Yes,64.68,Medium,Delivered,2026-02
DEL01117,ORD005790,Pune,WH-BLR,RID018,300.6,14.69,0,Yes,1493.01,Low,Delivered,2026-03
DEL01118,ORD003352,Delhi,WH-MUM,RID017,17.0,2.49,1,No,60.82,Medium,Delivered,2026-06
DEL01119,ORD006572,Chennai,WH-MUM,RID030,1847.9,72.0,2,No,10067.56,Medium,Delivered,2026-08
DEL01120,ORD011336,Chennai,WH-DEL,RID036,1888.3,72.0,1,No,8213.1,Low,Delivered,2026-05
DEL01121,ORD008529,Delhi,WH-BLR,RID033,5.8,2.54,1,No,24.99,Medium,Delivered,2026-05
DEL01122,ORD001116,Hyderabad,WH-BLR,RID033,290.9,14.35,0,Yes,1524.4,Low,Delivered,2026-04
DEL01123,ORD006243,Bengaluru,WH-KOL,RID012,16.1,1.64,0,Yes,72.03,High,Delivered,2026-07
DEL01124,ORD011071,Pune,WH-MUM,RID002,290.7,11.78,0,Yes,1361.98,Low,Delivered,2026-04
DEL01125,ORD005519,Chennai,WH-BLR,RID033,950.1,40.64,1,No,4679.97,High,Delivered,2026-04
DEL01126,ORD001599,Ahmedabad,WH-MUM,RID018,555.7,24.53,0,Yes,2275.35,Low,Delivered,2026-04
DEL01127,ORD005438,Delhi,WH-BLR,RID020,12.0,3.68,1,No,65.53,Medium,Delivered Late,2026-03
DEL01128,ORD007348,Kolkata,WH-DEL,RID028,15.5,3.2,2,No,79.8,Medium,Delivered,2026-04
DEL01129,ORD001083,Pune,WH-MUM,RID029,837.8,35.05,4,No,4278.19,High,Delivered,2026-04
DEL01130,ORD004126,Bengaluru,WH-KOL,RID039,5.8,2.55,1,No,21.34,Low,Delivered,2026-07
DEL01131,ORD009692,Ahmedabad,WH-BLR,RID039,832.1,36.65,1,No,3700.57,Low,Delivered,2026-07
DEL01132,ORD005810,Mumbai,WH-DEL,RID035,16.6,2.86,0,Yes,74.47,Medium,RTO,2026-03
DEL01133,ORD001356,Ahmedabad,WH-DEL,RID008,561.5,22.38,0,Yes,2042.02,Medium,Delivered,2026-05
DEL01134,ORD005436,Kolkata,WH-KOL,RID028,8.5,3.78,4,No,41.99,High,Delivered,2026-04
DEL01135,ORD000403,Hyderabad,WH-MUM,RID028,201.0,8.99,1,No,845.71,Medium,Delivered,2026-03
DEL01136,ORD000850,Chennai,WH-BLR,RID020,1345.6,55.23,1,No,5768.99,Medium,Delivered,2026-02
DEL01137,ORD005746,Delhi,WH-BLR,RID039,12.2,1.44,1,No,58.19,High,Delivered,2026-03
DEL01138,ORD008650,Pune,WH-BLR,RID034,559.2,24.56,0,Yes,2652.71,Medium,Delivered,2026-04
DEL01139,ORD007394,Chennai,WH-DEL,RID004,1505.2,61.82,1,No,7809.04,Low,Delivered,2026-02
DEL01140,ORD004698,Delhi,WH-MUM,RID016,9.1,3.02,0,Yes,48.04,Low,Delivered,2026-05
DEL01141,ORD003697,Kolkata,WH-MUM,RID017,14.1,3.45,2,No,63.55,Medium,Delivered,2026-05
DEL01142,ORD009896,Pune,WH-BLR,RID009,351.1,14.45,1,No,1788.31,Medium,Delivered,2026-05
DEL01143,ORD009934,Chennai,WH-MUM,RID009,1264.9,50.4,4,No,6018.96,Low,Delivered,2026-02
DEL01144,ORD009210,Ahmedabad,WH-MUM,RID035,581.6,24.65,0,Yes,2270.94,Medium,Delivered,2026-06
DEL01145,ORD002813,Pune,WH-BLR,RID028,821.3,35.77,0,Yes,2902.96,Low,Delivered,2026-07
DEL01146,ORD010493,Chennai,WH-BLR,RID022,983.4,41.7,1,No,3649.07,Medium,Delivered,2026-03
DEL01147,ORD005886,Kolkata,WH-KOL,RID002,17.1,3.43,1,No,70.55,High,Delivered,2026-07
DEL01148,ORD008465,Ahmedabad,WH-MUM,RID037,870.6,35.58,4,No,3773.54,Medium,Delivered,2026-05
DEL01149,ORD011510,Kolkata,WH-DEL,RID039,17.8,1.48,4,No,85.35,Low,Delivered,2026-03
DEL01150,ORD009258,Ahmedabad,WH-MUM,RID024,511.2,23.18,4,No,2273.56,Medium,Delivered,2026-06
DEL01151,ORD006788,Kolkata,WH-BLR,RID008,16.7,1.52,0,Yes,89.12,Medium,Delivered,2026-04
DEL01152,ORD006090,Ahmedabad,WH-MUM,RID034,481.5,21.58,1,No,1820.83,High,Delivered,2026-05
DEL01153,ORD001607,Pune,WH-KOL,RID031,358.2,14.73,2,No,1316.69,Medium,Delivered,2026-06
DEL01154,ORD009595,Pune,WH-MUM,RID006,599.3,25.75,0,Yes,3220.42,Medium,Delivered Late,2026-03
DEL01155,ORD002258,Ahmedabad,WH-MUM,RID040,612.5,25.76,2,No,2357.26,Medium,Delivered,2026-08
DEL01156,ORD008262,Pune,WH-DEL,RID037,605.3,26.8,1,No,3059.05,Medium,Delivered,2026-03
DEL01157,ORD008651,Bengaluru,WH-BLR,RID017,9.8,0.73,1,No,42.82,High,Delivered Late,2026-06
DEL01158,ORD009581,Delhi,WH-MUM,RID018,12.5,3.4,2,No,49.8,Medium,Delivered Late,2026-04
DEL01159,ORD007785,Bengaluru,WH-BLR,RID024,15.4,2.72,0,Yes,60.95,Medium,Delivered Late,2026-07
DEL01160,ORD010661,Bengaluru,WH-BLR,RID033,9.8,3.25,0,Yes,51.75,Medium,Delivered,2026-08
DEL01161,ORD000577,Ahmedabad,WH-KOL,RID035,552.0,23.3,0,Yes,2559.78,Medium,Delivered,2026-05
DEL01162,ORD010973,Bengaluru,WH-DEL,RID035,6.0,3.05,2,No,30.25,Medium,Delivered,2026-02
DEL01163,ORD006462,Kolkata,WH-KOL,RID009,11.6,1.89,0,Yes,53.24,Low,RTO,2026-04
DEL01164,ORD000324,Bengaluru,WH-KOL,RID015,4.7,3.61,1,No,17.22,High,Delivered,2026-04
DEL01165,ORD004940,Bengaluru,WH-BLR,RID028,9.9,0.76,2,No,41.49,High,Delivered,2026-03
DEL01166,ORD011142,Mumbai,WH-MUM,RID038,13.3,0.91,0,Yes,60.83,High,Delivered,2026-05
DEL01167,ORD002124,Kolkata,WH-KOL,RID037,13.7,2.47,4,No,61.69,High,Delivered,2026-05
DEL01168,ORD004169,Delhi,WH-MUM,RID004,17.5,2.85,2,No,88.71,High,Delivered,2026-04
DEL01169,ORD001470,Ahmedabad,WH-BLR,RID006,238.9,11.74,0,Yes,1191.13,Low,Delivered,2026-05
DEL01170,ORD007859,Hyderabad,WH-DEL,RID030,778.2,33.72,1,No,3732.51,Low,Delivered,2026-07
DEL01171,ORD003484,Mumbai,WH-MUM,RID024,4.7,0.78,0,Yes,25.0,Low,RTO,2026-04
DEL01172,ORD009834,Hyderabad,WH-MUM,RID001,305.9,15.96,0,Yes,1669.44,Low,Delivered,2026-05
DEL01173,ORD004179,Pune,WH-BLR,RID037,341.8,15.57,2,No,1231.53,Medium,Delivered,2026-03
DEL01174,ORD009351,Delhi,WH-BLR,RID010,16.2,3.4,0,Yes,87.29,Medium,Delivered,2026-07
DEL01175,ORD011338,Delhi,WH-MUM,RID040,13.6,2.61,1,No,57.52,Medium,Delivered,2026-03
DEL01176,ORD010122,Bengaluru,WH-MUM,RID012,11.2,3.41,0,Yes,56.46,High,Delivered,2026-03
DEL01177,ORD009506,Mumbai,WH-KOL,RID023,14.7,6.23,1,No,70.83,Low,Delivered,2026-05
DEL01178,ORD008083,Mumbai,WH-BLR,RID019,6.3,1.24,0,Yes,26.52,Medium,Delivered,2026-04
DEL01179,ORD005033,Pune,WH-DEL,RID020,660.2,28.5,0,Yes,3413.61,Medium,Delivered,2026-05
DEL01180,ORD007083,Bengaluru,WH-MUM,RID021,11.9,2.29,0,Yes,43.72,Medium,Delivered,2026-07
DEL01181,ORD003199,Kolkata,WH-KOL,RID009,9.3,3.67,0,Yes,36.86,Medium,Delivered,2026-07
DEL01182,ORD005459,Ahmedabad,WH-KOL,RID024,274.4,13.66,0,Yes,1390.26,Medium,Delivered,2026-07
DEL01183,ORD003077,Bengaluru,WH-DEL,RID016,6.2,3.27,2,No,28.11,Medium,Delivered,2026-05
DEL01184,ORD002586,Hyderabad,WH-MUM,RID016,852.5,35.67,0,Yes,3155.12,Medium,Delivered,2026-06
DEL01185,ORD001865,Chennai,WH-KOL,RID030,1736.9,72.0,0,Yes,8304.01,Medium,Delivered,2026-06
DEL01186,ORD000287,Chennai,WH-BLR,RID020,2019.2,72.0,0,Yes,8708.61,High,Delivered,2026-07
DEL01187,ORD007672,Bengaluru,WH-KOL,RID024,10.3,1.86,1,No,37.43,High,Delivered,2026-04
DEL01188,ORD011438,Bengaluru,WH-KOL,RID019,6.3,3.37,0,Yes,22.67,Medium,Delivered,2026-03
DEL01189,ORD004073,Mumbai,WH-DEL,RID034,7.4,3.23,0,Yes,27.5,Medium,Delivered,2026-04
DEL01190,ORD007049,Hyderabad,WH-DEL,RID009,660.0,29.44,4,No,2768.52,Medium,Delivered,2026-07
DEL01191,ORD000702,Kolkata,WH-MUM,RID016,7.6,1.44,0,Yes,35.52,Medium,Delivered,2026-03
DEL01192,ORD005656,Hyderabad,WH-KOL,RID019,639.4,28.31,1,No,3125.85,Medium,Delivered,2026-07
DEL01193,ORD002233,Ahmedabad,WH-DEL,RID027,676.5,28.07,0,Yes,3257.53,High,Delivered,2026-06
DEL01194,ORD003515,Hyderabad,WH-KOL,RID018,877.8,37.17,0,Yes,3264.09,Low,Delivered,2026-04
DEL01195,ORD011359,Pune,WH-BLR,RID008,392.1,18.5,1,No,1998.6,Medium,Delivered,2026-02
DEL01196,ORD003911,Hyderabad,WH-KOL,RID040,505.4,22.57,0,Yes,2577.33,Medium,Delivered,2026-06
DEL01197,ORD001235,Kolkata,WH-MUM,RID004,16.8,3.88,0,Yes,69.96,Medium,Delivered,2026-02
DEL01198,ORD000895,Ahmedabad,WH-KOL,RID027,857.6,34.75,1,No,4311.49,Low,Delivered,2026-02
DEL01199,ORD007228,Mumbai,WH-MUM,RID006,16.4,2.22,1,No,63.88,Medium,Delivered,2026-02
DEL01200,ORD007007,Kolkata,WH-BLR,RID018,17.2,1.38,1,No,65.54,Low,Delivered,2026-03
DEL01201,ORD006684,Mumbai,WH-MUM,RID032,12.9,2.12,4,No,58.05,High,Delivered,2026-06
DEL01202,ORD006867,Chennai,WH-MUM,RID007,2021.1,72.0,4,No,7465.12,Medium,Delivered,2026-04
DEL01203,ORD004265,Bengaluru,WH-MUM,RID040,13.8,2.58,0,Yes,64.05,Low,Delivered,2026-07
DEL01204,ORD005382,Pune,WH-MUM,RID032,258.5,13.21,0,Yes,1182.93,Medium,Delivered,2026-07
DEL01205,ORD009432,Kolkata,WH-MUM,RID040,11.4,3.39,0,Yes,42.71,Medium,Delivered,2026-04
DEL01206,ORD005661,Delhi,WH-DEL,RID011,13.6,2.04,4,No,65.9,Medium,Delivered,2026-02
DEL01207,ORD005349,Delhi,WH-MUM,RID034,5.2,2.66,0,Yes,23.42,Medium,Delivered,2026-04
DEL01208,ORD004824,Bengaluru,WH-BLR,RID017,11.7,4.14,0,Yes,42.93,High,Delivered,2026-03
DEL01209,ORD007385,Chennai,WH-DEL,RID037,901.6,39.68,1,No,4235.87,Medium,Delivered,2026-07
DEL01210,ORD000250,Kolkata,WH-BLR,RID011,16.8,2.7,1,No,73.13,Medium,Delivered,2026-05
DEL01211,ORD006334,Delhi,WH-BLR,RID028,6.0,2.81,2,No,28.06,Medium,Delivered,2026-03
DEL01212,ORD009551,Delhi,WH-BLR,RID005,12.9,2.49,0,Yes,60.91,Medium,Delivered,2026-07
DEL01213,ORD007770,Pune,WH-DEL,RID019,212.6,8.19,4,No,914.05,Medium,Delivered,2026-05
DEL01214,ORD010726,Delhi,WH-BLR,RID015,16.8,1.41,0,Yes,63.09,Low,Delivered,2026-04
DEL01215,ORD002256,Kolkata,WH-BLR,RID035,13.0,2.02,1,No,61.87,Low,Delivered,2026-07
DEL01216,ORD007088,Hyderabad,WH-KOL,RID026,171.5,8.42,4,No,939.8,Low,Delivered,2026-07
DEL01217,ORD009850,Hyderabad,WH-KOL,RID005,288.3,13.14,1,No,1287.94,Medium,Delivered,2026-05
DEL01218,ORD010951,Ahmedabad,WH-MUM,RID039,603.0,25.38,0,Yes,3064.38,High,Delivered,2026-03
DEL01219,ORD001219,Ahmedabad,WH-BLR,RID007,728.1,31.08,0,Yes,3885.86,Medium,Delivered,2026-05
DEL01220,ORD010561,Bengaluru,WH-KOL,RID004,10.2,2.17,4,No,48.72,Medium,Delivered,2026-07
DEL01221,ORD010731,Hyderabad,WH-MUM,RID018,411.2,17.73,4,No,1605.52,Medium,Delivered,2026-04
DEL01222,ORD005236,Pune,WH-BLR,RID036,340.1,14.97,2,No,1644.49,High,Delivered,2026-04
DEL01223,ORD002873,Pune,WH-BLR,RID028,539.6,22.9,1,No,2227.41,Medium,Delivered,2026-02
DEL01224,ORD000472,Mumbai,WH-KOL,RID038,14.8,3.72,0,Yes,57.23,High,Delivered Late,2026-06
DEL01225,ORD002262,Hyderabad,WH-KOL,RID030,628.6,27.67,2,No,3024.92,Low,Delivered,2026-03
DEL01226,ORD007492,Delhi,WH-BLR,RID039,6.9,1.85,2,No,33.82,Low,Delivered,2026-03
DEL01227,ORD003000,Mumbai,WH-DEL,RID024,7.5,3.04,2,No,39.99,Low,Delivered,2026-03
DEL01228,ORD005295,Ahmedabad,WH-BLR,RID034,182.6,8.84,0,Yes,897.52,Medium,Delivered,2026-05
DEL01229,ORD002989,Delhi,WH-KOL,RID023,4.9,1.96,4,No,22.24,Medium,Delivered,2026-06
DEL01230,ORD006021,Kolkata,WH-BLR,RID004,4.2,1.89,0,Yes,20.08,Low,Delivered,2026-05
DEL01231,ORD010927,Chennai,WH-MUM,RID018,1472.5,62.04,4,No,8033.37,High,Delivered,2026-06
DEL01232,ORD005125,Hyderabad,WH-BLR,RID009,390.2,17.88,4,No,1838.82,High,Delivered,2026-04
DEL01233,ORD007323,Hyderabad,WH-MUM,RID019,582.5,24.89,0,Yes,2562.08,Medium,Delivered,2026-03
DEL01234,ORD007649,Ahmedabad,WH-MUM,RID020,228.1,12.47,1,No,1078.25,Medium,Delivered,2026-02
DEL01235,ORD007678,Pune,WH-BLR,RID011,842.7,35.53,1,No,4178.78,High,Delivered,2026-05
DEL01236,ORD001535,Pune,WH-MUM,RID016,658.3,27.27,4,No,3453.5,High,Delivered,2026-05
DEL01237,ORD002527,Mumbai,WH-MUM,RID030,14.3,1.89,1,No,55.73,High,Delivered,2026-05
DEL01238,ORD005669,Hyderabad,WH-BLR,RID004,867.3,35.11,0,Yes,3236.32,Low,Delivered,2026-04
DEL01239,ORD005727,Ahmedabad,WH-MUM,RID003,744.3,31.06,0,Yes,3307.82,Medium,Delivered,2026-02
DEL01240,ORD000223,Bengaluru,WH-KOL,RID014,11.9,2.03,0,Yes,59.58,Low,Delivered,2026-04
DEL01241,ORD002911,Hyderabad,WH-MUM,RID040,476.9,19.95,0,Yes,1757.91,Medium,Delivered,2026-03
DEL01242,ORD004295,Chennai,WH-KOL,RID032,2038.7,72.0,1,No,10813.19,Medium,Delivered,2026-07
DEL01243,ORD008539,Ahmedabad,WH-BLR,RID014,859.2,35.32,0,Yes,4646.96,High,Delivered,2026-03
DEL01244,ORD008616,Pune,WH-MUM,RID035,293.2,14.66,0,Yes,1607.22,Low,Delivered Late,2026-08
DEL01245,ORD008878,Ahmedabad,WH-BLR,RID020,303.6,12.52,2,No,1448.16,Low,Delivered,2026-03
DEL01246,ORD006535,Hyderabad,WH-DEL,RID024,501.3,20.79,1,No,2492.54,Medium,Delivered Late,2026-07
DEL01247,ORD001407,Ahmedabad,WH-KOL,RID021,573.2,24.98,4,No,2426.71,Medium,Delivered Late,2026-04
DEL01248,ORD002397,Delhi,WH-BLR,RID001,4.1,0.54,1,No,21.86,High,Delivered,2026-03
DEL01249,ORD009016,Kolkata,WH-BLR,RID012,10.3,2.55,1,No,38.34,High,Delivered,2026-07
DEL01250,ORD011013,Kolkata,WH-MUM,RID005,4.3,1.0,0,Yes,17.93,Medium,Delivered,2026-05
DEL01251,ORD008628,Pune,WH-BLR,RID024,346.2,16.28,4,No,1865.49,Low,Delivered,2026-07
DEL01252,ORD001763,Hyderabad,WH-KOL,RID017,362.0,15.86,1,No,1644.37,Low,Delivered,2026-02
DEL01253,ORD010487,Kolkata,WH-MUM,RID038,5.1,1.73,4,No,25.16,High,Delivered,2026-02
DEL01254,ORD010412,Kolkata,WH-MUM,RID012,5.1,2.89,1,No,23.16,Medium,Delivered,2026-04
DEL01255,ORD004355,Bengaluru,WH-KOL,RID010,6.2,2.28,0,Yes,21.75,Low,Delivered,2026-04
DEL01256,ORD009029,Hyderabad,WH-DEL,RID005,787.2,31.8,0,Yes,3150.0,Medium,Delivered,2026-05
DEL01257,ORD002269,Hyderabad,WH-BLR,RID040,866.3,36.72,0,Yes,3398.13,Medium,Delivered,2026-04
DEL01258,ORD001034,Hyderabad,WH-DEL,RID001,705.9,29.98,4,No,2726.65,High,Delivered,2026-05
DEL01259,ORD008517,Chennai,WH-KOL,RID020,1948.4,72.0,1,No,8539.93,Medium,Delivered,2026-02
DEL01260,ORD002754,Chennai,WH-BLR,RID024,1774.4,72.0,0,Yes,8938.05,High,Delivered,2026-04
DEL01261,ORD008447,Bengaluru,WH-BLR,RID001,13.7,1.65,0,Yes,60.98,Low,Delivered,2026-04
DEL01262,ORD002369,Chennai,WH-KOL,RID011,1055.7,44.44,0,Yes,5448.2,Medium,Delivered,2026-06
DEL01263,ORD005021,Hyderabad,WH-MUM,RID009,741.4,31.0,1,No,3016.24,High,Delivered,2026-07
DEL01264,ORD006460,Kolkata,WH-MUM,RID018,15.2,4.39,0,Yes,63.86,Medium,Delivered,2026-03
DEL01265,ORD011121,Chennai,WH-BLR,RID022,1965.0,72.0,1,No,10111.86,Low,Delivered,2026-05
DEL01266,ORD006775,Bengaluru,WH-MUM,RID019,15.2,2.54,1,No,75.37,Medium,Delivered,2026-06
DEL01267,ORD006733,Mumbai,WH-MUM,RID012,10.6,3.25,0,Yes,37.89,Low,Delivered,2026-03
DEL01268,ORD008847,Ahmedabad,WH-DEL,RID013,576.8,24.81,0,Yes,2591.62,Medium,Delivered,2026-06
DEL01269,ORD009642,Ahmedabad,WH-BLR,RID026,274.1,12.52,0,Yes,988.11,Medium,Delivered,2026-04
DEL01270,ORD001272,Bengaluru,WH-MUM,RID003,11.9,2.48,0,Yes,60.08,High,Delivered,2026-04
DEL01271,ORD008977,Mumbai,WH-MUM,RID034,12.4,1.56,0,Yes,55.21,Medium,Delivered,2026-04
DEL01272,ORD009070,Hyderabad,WH-DEL,RID001,751.1,31.17,1,No,3598.0,Medium,Delivered,2026-07
DEL01273,ORD010688,Bengaluru,WH-MUM,RID008,11.0,4.44,0,Yes,47.2,Medium,Delivered,2026-04
DEL01274,ORD007800,Kolkata,WH-MUM,RID039,9.3,2.31,0,Yes,33.15,Medium,Delivered,2026-06
DEL01275,ORD002323,Chennai,WH-MUM,RID039,1713.9,71.07,0,Yes,6511.49,High,RTO,2026-06
DEL01276,ORD001705,Bengaluru,WH-KOL,RID017,7.8,3.03,1,No,30.89,Medium,Delivered,2026-06
DEL01277,ORD003652,Bengaluru,WH-KOL,RID012,11.4,1.57,4,No,40.92,High,Delivered,2026-03
DEL01278,ORD005767,Mumbai,WH-KOL,RID025,7.5,0.9,0,Yes,31.04,Medium,Delivered,2026-07
DEL01279,ORD000635,Chennai,WH-MUM,RID035,1089.3,47.16,0,Yes,4477.05,Medium,Delivered Late,2026-03
DEL01280,ORD002246,Kolkata,WH-BLR,RID040,13.3,2.74,0,Yes,67.41,High,Delivered,2026-04
DEL01281,ORD003948,Chennai,WH-MUM,RID020,1635.1,67.41,2,No,6634.3,High,Delivered,2026-04
DEL01282,ORD009190,Chennai,WH-MUM,RID004,1864.7,72.0,2,No,9826.1,Medium,Delivered Late,2026-05
DEL01283,ORD006340,Chennai,WH-MUM,RID010,1175.8,49.44,0,Yes,4721.95,Medium,Delivered,2026-04
DEL01284,ORD005990,Delhi,WH-MUM,RID018,16.8,3.68,0,Yes,71.9,Low,Delivered,2026-05
DEL01285,ORD009169,Hyderabad,WH-MUM,RID010,868.7,37.61,0,Yes,3395.49,High,Delivered,2026-02
DEL01286,ORD009740,Bengaluru,WH-MUM,RID017,10.8,2.42,2,No,52.89,Low,Delivered,2026-03
DEL01287,ORD003295,Pune,WH-BLR,RID005,795.4,33.82,2,No,3119.46,Medium,Delivered,2026-08
DEL01288,ORD007749,Bengaluru,WH-MUM,RID005,10.0,3.75,0,Yes,41.2,Medium,RTO,2026-07
DEL01289,ORD008107,Hyderabad,WH-KOL,RID036,491.2,20.1,0,Yes,2466.65,Medium,Delivered,2026-03
DEL01290,ORD001328,Ahmedabad,WH-BLR,RID030,468.8,20.85,0,Yes,2173.03,Low,Delivered,2026-02
DEL01291,ORD001337,Chennai,WH-BLR,RID012,1563.2,63.36,4,No,6780.45,Low,Delivered,2026-05
DEL01292,ORD004444,Hyderabad,WH-DEL,RID019,746.2,30.19,1,No,4012.74,Medium,Delivered,2026-04
DEL01293,ORD010650,Delhi,WH-KOL,RID017,12.6,1.76,0,Yes,53.63,Medium,Delivered,2026-04
DEL01294,ORD002819,Chennai,WH-MUM,RID022,1962.1,72.0,1,No,9502.78,Medium,Delivered,2026-05
DEL01295,ORD004749,Ahmedabad,WH-BLR,RID004,206.1,10.81,1,No,1025.05,Low,Delivered,2026-02
DEL01296,ORD008618,Chennai,WH-BLR,RID003,1052.2,42.17,1,No,5589.4,Low,Delivered,2026-07
DEL01297,ORD003759,Pune,WH-MUM,RID006,412.3,19.68,0,Yes,1743.85,Medium,Delivered,2026-05
DEL01298,ORD003895,Hyderabad,WH-DEL,RID023,898.7,37.57,1,No,3750.08,Low,Delivered,2026-02
DEL01299,ORD003444,Chennai,WH-BLR,RID014,1996.8,72.0,1,No,7266.74,Medium,Delivered,2026-05
DEL01300,ORD006270,Kolkata,WH-KOL,RID037,10.1,1.75,0,Yes,38.87,Low,Delivered,2026-03
DEL01301,ORD001507,Bengaluru,WH-BLR,RID026,8.9,1.61,0,Yes,36.98,Medium,Delivered,2026-03
DEL01302,ORD009491,Pune,WH-BLR,RID021,395.4,17.43,0,Yes,1631.02,Low,Delivered Late,2026-03
DEL01303,ORD005060,Kolkata,WH-BLR,RID030,14.2,2.14,2,No,51.5,Medium,Delivered,2026-06
DEL01304,ORD002959,Hyderabad,WH-BLR,RID024,878.4,36.78,0,Yes,3259.28,Low,Delivered,2026-04
DEL01305,ORD004594,Mumbai,WH-DEL,RID008,14.0,1.74,4,No,56.76,Low,Delivered,2026-03
DEL01306,ORD000918,Pune,WH-BLR,RID018,431.8,19.17,1,No,1774.82,High,Delivered,2026-05
DEL01307,ORD008336,Hyderabad,WH-MUM,RID036,353.6,16.38,1,No,1258.51,Medium,Delivered,2026-05
DEL01308,ORD002333,Delhi,WH-MUM,RID028,8.6,2.79,0,Yes,40.38,Medium,Delivered,2026-04
DEL01309,ORD003134,Delhi,WH-MUM,RID015,16.9,3.88,0,Yes,67.32,Medium,RTO,2026-05
DEL01310,ORD004022,Mumbai,WH-DEL,RID007,8.2,2.44,0,Yes,35.61,Low,Delivered Late,2026-07
DEL01311,ORD008570,Mumbai,WH-MUM,RID030,9.4,3.0,0,Yes,46.57,High,Delivered,2026-03
DEL01312,ORD001368,Pune,WH-BLR,RID034,317.3,16.11,0,Yes,1258.71,Medium,Delivered,2026-07
DEL01313,ORD009392,Hyderabad,WH-BLR,RID005,563.2,23.76,1,No,2734.89,Low,Delivered Late,2026-06
DEL01314,ORD004721,Bengaluru,WH-MUM,RID037,8.7,2.97,0,Yes,45.03,High,Delivered,2026-04
DEL01315,ORD000686,Delhi,WH-BLR,RID022,9.3,1.66,0,Yes,50.63,High,Delivered,2026-03
DEL01316,ORD007329,Ahmedabad,WH-KOL,RID024,679.1,28.48,2,No,3141.49,Medium,Delivered,2026-04
DEL01317,ORD009924,Mumbai,WH-BLR,RID036,14.6,2.65,0,Yes,62.49,Medium,Delivered,2026-05
DEL01318,ORD009371,Bengaluru,WH-KOL,RID030,6.2,0.5,0,Yes,26.04,Medium,Delivered,2026-07
DEL01319,ORD001934,Mumbai,WH-DEL,RID021,16.9,2.4,0,Yes,71.29,High,Delivered,2026-03
DEL01320,ORD010599,Pune,WH-MUM,RID039,310.4,13.64,0,Yes,1262.68,Medium,Delivered,2026-04
DEL01321,ORD008786,Kolkata,WH-BLR,RID019,9.4,0.9,4,No,43.13,Medium,Delivered,2026-06
DEL01322,ORD000814,Pune,WH-BLR,RID039,606.1,26.91,2,No,2381.05,High,Delivered,2026-02
DEL01323,ORD010625,Ahmedabad,WH-BLR,RID021,887.2,36.75,1,No,3426.14,Medium,Delivered,2026-05
DEL01324,ORD003116,Hyderabad,WH-MUM,RID003,248.4,12.44,2,No,907.44,Medium,Delivered,2026-02
DEL01325,ORD000767,Delhi,WH-DEL,RID013,7.9,3.07,0,Yes,38.96,Low,Delivered,2026-02
DEL01326,ORD000938,Mumbai,WH-DEL,RID030,7.1,3.13,1,No,32.76,Medium,Delivered,2026-02
DEL01327,ORD006054,Ahmedabad,WH-KOL,RID007,340.4,17.96,0,Yes,1624.21,Medium,Delivered,2026-02
DEL01328,ORD000653,Hyderabad,WH-MUM,RID019,428.5,18.51,0,Yes,2212.27,High,Delivered,2026-02
DEL01329,ORD004908,Kolkata,WH-MUM,RID024,11.9,1.29,1,No,59.09,High,Delivered,2026-06
DEL01330,ORD006769,Ahmedabad,WH-DEL,RID015,586.8,27.61,0,Yes,2596.26,Low,Delivered,2026-02
DEL01331,ORD010970,Pune,WH-DEL,RID025,401.6,17.77,1,No,1563.8,Medium,Delivered,2026-03
DEL01332,ORD007560,Ahmedabad,WH-KOL,RID022,537.1,23.28,1,No,1947.14,Low,Delivered,2026-07
DEL01333,ORD003086,Ahmedabad,WH-BLR,RID004,372.7,17.78,0,Yes,1690.79,Medium,Delivered Late,2026-04
DEL01334,ORD008352,Delhi,WH-MUM,RID035,15.7,2.59,1,No,60.33,High,Delivered,2026-04
DEL01335,ORD009840,Ahmedabad,WH-BLR,RID019,479.0,20.94,0,Yes,2271.74,Low,Delivered,2026-04
DEL01336,ORD002409,Delhi,WH-DEL,RID006,17.2,3.58,0,Yes,74.41,Low,Delivered,2026-06
DEL01337,ORD004110,Bengaluru,WH-BLR,RID006,16.3,1.38,4,No,64.42,Medium,Delivered,2026-05
DEL01338,ORD003877,Delhi,WH-BLR,RID016,15.2,1.44,0,Yes,72.06,Low,Delivered,2026-05
DEL01339,ORD010646,Mumbai,WH-MUM,RID031,13.2,2.51,1,No,64.71,Medium,Delivered,2026-08
DEL01340,ORD000650,Mumbai,WH-BLR,RID027,11.7,0.56,0,Yes,50.07,High,Delivered,2026-04
DEL01341,ORD003714,Kolkata,WH-DEL,RID026,9.4,0.67,4,No,39.85,Medium,Delivered Late,2026-04
DEL01342,ORD008195,Kolkata,WH-MUM,RID040,12.5,4.16,0,Yes,52.03,Low,Delivered,2026-06
DEL01343,ORD005134,Hyderabad,WH-KOL,RID036,514.6,20.99,0,Yes,1920.44,Medium,Delivered,2026-02
DEL01344,ORD009201,Ahmedabad,WH-DEL,RID005,430.5,18.69,2,No,2209.65,Low,Delivered,2026-03
DEL01345,ORD000912,Hyderabad,WH-KOL,RID030,606.0,27.02,4,No,2371.87,High,Delivered,2026-04
DEL01346,ORD005512,Chennai,WH-BLR,RID021,1974.3,72.0,1,No,7860.65,Medium,Delivered,2026-04
DEL01347,ORD005156,Kolkata,WH-DEL,RID027,6.6,2.66,4,No,25.41,Medium,Delivered,2026-06
DEL01348,ORD010096,Delhi,WH-BLR,RID035,7.5,1.77,1,No,38.07,Medium,Delivered,2026-02
DEL01349,ORD008115,Ahmedabad,WH-MUM,RID026,298.3,13.06,0,Yes,1318.7,High,Delivered,2026-05
DEL01350,ORD006388,Chennai,WH-BLR,RID027,1749.2,71.66,0,Yes,6129.1,High,Delivered,2026-02
DEL01351,ORD002871,Kolkata,WH-MUM,RID021,16.6,2.94,0,Yes,65.56,Medium,Delivered,2026-07
DEL01352,ORD004061,Mumbai,WH-MUM,RID013,6.9,0.9,0,Yes,27.79,Low,Delivered Late,2026-06
DEL01353,ORD008307,Bengaluru,WH-BLR,RID034,16.4,3.23,1,No,63.19,Medium,Delivered Late,2026-05
DEL01354,ORD007864,Mumbai,WH-MUM,RID002,14.1,2.57,4,No,61.11,Medium,Delivered,2026-05
DEL01355,ORD007012,Ahmedabad,WH-BLR,RID018,572.7,24.24,0,Yes,3020.02,Medium,Delivered,2026-07
DEL01356,ORD001392,Chennai,WH-MUM,RID028,1753.6,72.0,4,No,6162.8,Low,Delivered Late,2026-07
DEL01357,ORD003428,Pune,WH-MUM,RID023,762.8,33.84,0,Yes,2906.83,High,Delivered Late,2026-04
DEL01358,ORD005165,Kolkata,WH-BLR,RID026,4.7,2.33,1,No,19.61,Low,Delivered,2026-02
DEL01359,ORD006421,Ahmedabad,WH-BLR,RID032,187.4,9.59,0,Yes,818.49,Low,Delivered,2026-05
DEL01360,ORD009239,Chennai,WH-MUM,RID018,1021.7,42.46,1,No,3940.24,Medium,Delivered,2026-06
DEL01361,ORD002678,Ahmedabad,WH-MUM,RID034,222.9,9.24,0,Yes,1001.95,Medium,Delivered,2026-04
DEL01362,ORD001758,Pune,WH-KOL,RID024,260.9,11.54,0,Yes,1114.21,High,Delivered,2026-04
DEL01363,ORD010603,Delhi,WH-KOL,RID020,12.2,2.44,2,No,65.16,High,Delivered Late,2026-05
DEL01364,ORD008886,Pune,WH-DEL,RID011,506.8,20.86,1,No,1797.38,Low,Delivered,2026-05
DEL01365,ORD000838,Delhi,WH-MUM,RID035,10.8,1.77,4,No,57.56,Medium,Delivered,2026-04
DEL01366,ORD003282,Kolkata,WH-BLR,RID029,9.5,1.23,1,No,46.84,Low,Delivered,2026-05
DEL01367,ORD010157,Kolkata,WH-BLR,RID023,11.9,2.55,4,No,45.47,High,Delivered,2026-04
DEL01368,ORD008219,Kolkata,WH-MUM,RID034,16.9,3.3,1,No,75.46,Medium,Delivered,2026-03
DEL01369,ORD001825,Pune,WH-DEL,RID017,747.7,32.57,4,No,3950.29,High,Delivered,2026-07
DEL01370,ORD007450,Bengaluru,WH-KOL,RID023,13.1,3.95,1,No,51.91,Medium,Delivered,2026-05
DEL01371,ORD005130,Hyderabad,WH-MUM,RID039,157.7,7.06,1,No,716.47,Medium,RTO,2026-05
DEL01372,ORD005034,Kolkata,WH-BLR,RID039,12.3,3.38,0,Yes,64.1,High,Delivered,2026-04
DEL01373,ORD006696,Bengaluru,WH-BLR,RID028,6.2,2.5,4,No,22.93,Low,Delivered Late,2026-02
DEL01374,ORD006614,Hyderabad,WH-BLR,RID037,745.1,32.18,0,Yes,3566.16,Medium,Delivered,2026-07
DEL01375,ORD006061,Chennai,WH-KOL,RID014,1330.2,56.7,0,Yes,5133.67,Low,RTO,2026-03
DEL01376,ORD010007,Ahmedabad,WH-DEL,RID034,172.2,7.13,1,No,621.79,High,Delivered,2026-03
DEL01377,ORD006567,Kolkata,WH-BLR,RID014,7.0,2.12,2,No,35.66,Medium,Delivered,2026-06
DEL01378,ORD006538,Kolkata,WH-MUM,RID016,14.3,2.09,1,No,68.15,Low,Delivered,2026-04
DEL01379,ORD003009,Delhi,WH-BLR,RID038,13.5,1.57,0,Yes,70.5,Medium,Delivered,2026-06
DEL01380,ORD001864,Kolkata,WH-BLR,RID036,9.0,2.16,0,Yes,49.03,High,Delivered,2026-07
DEL01381,ORD007410,Delhi,WH-BLR,RID014,15.3,3.0,1,No,58.73,Low,Delivered,2026-07
DEL01382,ORD011441,Kolkata,WH-MUM,RID028,17.2,2.66,0,Yes,68.83,Low,Delivered,2026-02
DEL01383,ORD011296,Bengaluru,WH-MUM,RID023,12.9,0.79,0,Yes,45.82,Medium,Delivered,2026-04
DEL01384,ORD005144,Mumbai,WH-BLR,RID036,15.9,2.39,0,Yes,74.58,Medium,Delivered,2026-07
DEL01385,ORD005505,Hyderabad,WH-BLR,RID011,896.1,36.67,1,No,3794.44,Medium,Delivered,2026-02
DEL01386,ORD003378,Bengaluru,WH-MUM,RID027,4.5,1.28,0,Yes,16.84,Low,Delivered,2026-02
DEL01387,ORD010760,Ahmedabad,WH-MUM,RID028,563.4,23.6,0,Yes,2260.08,Medium,Delivered,2026-05
DEL01388,ORD005393,Bengaluru,WH-BLR,RID031,10.3,4.14,0,Yes,48.95,Medium,Delivered,2026-06
DEL01389,ORD008632,Kolkata,WH-KOL,RID022,12.2,2.02,0,Yes,49.67,Medium,Delivered,2026-05
DEL01390,ORD009189,Ahmedabad,WH-MUM,RID035,469.1,20.27,0,Yes,1997.63,High,Delivered,2026-03
DEL01391,ORD002751,Ahmedabad,WH-BLR,RID017,558.8,24.33,0,Yes,2027.47,Low,Delivered,2026-05
DEL01392,ORD002994,Chennai,WH-MUM,RID036,1435.7,58.79,2,No,5600.44,High,Delivered,2026-07
DEL01393,ORD002508,Bengaluru,WH-MUM,RID031,12.2,3.47,1,No,54.43,Medium,Delivered,2026-04
DEL01394,ORD004622,Pune,WH-KOL,RID025,354.7,16.79,1,No,1606.35,Low,Delivered,2026-06
DEL01395,ORD003266,Hyderabad,WH-BLR,RID009,643.4,28.11,0,Yes,2560.87,Medium,Delivered,2026-03
DEL01396,ORD006415,Kolkata,WH-MUM,RID019,7.5,2.22,1,No,38.88,Medium,Delivered,2026-04
DEL01397,ORD010456,Pune,WH-BLR,RID035,196.4,10.47,4,No,1066.99,Low,Delivered,2026-06
DEL01398,ORD010998,Mumbai,WH-BLR,RID022,7.7,2.15,0,Yes,38.78,Medium,Delivered Late,2026-07
DEL01399,ORD001741,Ahmedabad,WH-DEL,RID003,868.6,37.56,0,Yes,3043.55,Medium,Delivered Late,2026-03
DEL01400,ORD003188,Pune,WH-MUM,RID029,859.6,36.63,0,Yes,3807.04,High,Delivered,2026-02
DEL01401,ORD004788,Bengaluru,WH-BLR,RID006,5.6,1.61,2,No,21.54,High,Delivered,2026-07
DEL01402,ORD010393,Kolkata,WH-BLR,RID007,9.2,2.3,0,Yes,45.16,High,Delivered,2026-07
DEL01403,ORD007389,Chennai,WH-MUM,RID023,977.7,41.87,1,No,3602.26,Medium,Delivered,2026-06
DEL01404,ORD010259,Pune,WH-MUM,RID002,566.8,24.79,0,Yes,2147.27,Low,Delivered,2026-06
DEL01405,ORD007038,Bengaluru,WH-MUM,RID019,6.6,1.42,0,Yes,24.09,Medium,Delivered,2026-04
DEL01406,ORD006458,Bengaluru,WH-KOL,RID014,7.1,4.28,0,Yes,32.33,Low,Delivered,2026-07
DEL01407,ORD010056,Kolkata,WH-MUM,RID018,5.1,1.76,0,Yes,19.1,High,Delivered,2026-02
DEL01408,ORD005056,Delhi,WH-KOL,RID005,7.0,2.32,1,No,34.09,Medium,Delivered,2026-04
DEL01409,ORD007944,Pune,WH-DEL,RID040,500.2,21.96,0,Yes,1848.48,High,Delivered,2026-05
DEL01410,ORD008058,Delhi,WH-KOL,RID004,16.3,4.71,0,Yes,69.61,Low,Delivered,2026-03
DEL01411,ORD008222,Hyderabad,WH-MUM,RID011,195.2,9.68,1,No,1021.82,Low,Delivered,2026-05
DEL01412,ORD003521,Ahmedabad,WH-KOL,RID033,224.6,11.83,1,No,929.61,Low,Delivered,2026-03
DEL01413,ORD001357,Bengaluru,WH-BLR,RID026,16.1,3.51,1,No,73.59,Medium,Delivered,2026-08
DEL01414,ORD009690,Bengaluru,WH-DEL,RID015,17.1,1.51,0,Yes,78.88,High,Delivered Late,2026-03
DEL01415,ORD001895,Delhi,WH-MUM,RID024,10.6,4.04,1,No,49.68,High,RTO,2026-05
DEL01416,ORD005920,Delhi,WH-KOL,RID021,14.9,2.77,1,No,60.55,Medium,Delivered,2026-07
DEL01417,ORD001156,Chennai,WH-BLR,RID010,1448.4,59.96,1,No,5581.62,Medium,Delivered,2026-06
DEL01418,ORD004792,Pune,WH-KOL,RID018,437.1,19.82,4,No,2266.08,Low,Delivered,2026-03
DEL01419,ORD011298,Hyderabad,WH-MUM,RID023,300.5,16.18,0,Yes,1625.86,Low,Delivered,2026-06
DEL01420,ORD002133,Hyderabad,WH-BLR,RID014,655.9,28.25,0,Yes,3499.69,Medium,Delivered,2026-07
DEL01421,ORD009076,Chennai,WH-BLR,RID040,1798.2,72.0,0,Yes,6513.01,High,Delivered,2026-04
DEL01422,ORD002621,Bengaluru,WH-BLR,RID009,7.1,3.1,0,Yes,27.84,Low,Delivered,2026-05
DEL01423,ORD006745,Mumbai,WH-MUM,RID007,11.1,2.72,0,Yes,53.69,Low,Delivered,2026-05
DEL01424,ORD001236,Hyderabad,WH-MUM,RID015,157.9,9.47,1,No,606.07,Medium,Delivered,2026-05
DEL01425,ORD009937,Mumbai,WH-DEL,RID008,15.0,3.04,0,Yes,78.08,Medium,Delivered,2026-05
DEL01426,ORD009970,Chennai,WH-MUM,RID010,1443.0,60.88,0,Yes,7485.98,Low,Delivered,2026-05
DEL01427,ORD007453,Bengaluru,WH-MUM,RID012,8.2,2.98,1,No,31.77,Medium,Delivered,2026-07
DEL01428,ORD009604,Mumbai,WH-KOL,RID009,10.7,2.6,1,No,53.36,Low,Delivered,2026-03
DEL01429,ORD008756,Ahmedabad,WH-KOL,RID022,477.2,22.17,4,No,1998.59,Medium,Delivered,2026-02
DEL01430,ORD002811,Bengaluru,WH-MUM,RID037,7.7,3.12,0,Yes,38.18,High,Delivered,2026-05
DEL01431,ORD001282,Mumbai,WH-BLR,RID019,7.6,2.17,0,Yes,35.98,Medium,Delivered,2026-05
DEL01432,ORD005483,Delhi,WH-MUM,RID018,6.2,1.56,0,Yes,24.26,High,Delivered,2026-05
DEL01433,ORD001477,Bengaluru,WH-DEL,RID031,4.1,2.38,1,No,20.05,High,Delivered Late,2026-06
DEL01434,ORD005929,Hyderabad,WH-KOL,RID025,251.2,13.28,0,Yes,1049.75,Low,Delivered,2026-02
DEL01435,ORD007633,Chennai,WH-MUM,RID037,1499.4,60.96,1,No,6702.63,Medium,Delivered,2026-08
DEL01436,ORD003918,Hyderabad,WH-MUM,RID024,390.2,17.47,0,Yes,1576.14,Low,Delivered Late,2026-04
DEL01437,ORD011379,Hyderabad,WH-KOL,RID029,489.9,21.55,0,Yes,1733.01,Medium,Delivered,2026-04
DEL01438,ORD010138,Ahmedabad,WH-MUM,RID029,325.1,16.04,0,Yes,1402.56,High,Delivered,2026-03
DEL01439,ORD009074,Bengaluru,WH-MUM,RID023,13.7,1.46,1,No,48.64,Low,Delivered,2026-05
DEL01440,ORD004570,Pune,WH-BLR,RID013,582.5,26.34,0,Yes,2266.98,High,Delivered,2026-07
DEL01441,ORD007382,Ahmedabad,WH-DEL,RID005,265.5,11.97,0,Yes,1410.14,High,Delivered,2026-02
DEL01442,ORD008597,Pune,WH-BLR,RID002,553.6,24.2,0,Yes,2910.54,High,Delivered,2026-07
DEL01443,ORD007368,Pune,WH-DEL,RID009,277.2,13.95,0,Yes,1251.76,High,Delivered,2026-03
DEL01444,ORD005327,Kolkata,WH-BLR,RID007,16.0,4.18,0,Yes,73.76,Low,Delivered,2026-05
DEL01445,ORD001666,Mumbai,WH-MUM,RID031,7.3,3.47,0,Yes,33.56,Low,Delivered,2026-07
DEL01446,ORD007896,Delhi,WH-BLR,RID035,9.4,1.84,4,No,48.07,Low,Delivered,2026-07
DEL01447,ORD010254,Pune,WH-BLR,RID025,826.7,34.15,1,No,3805.02,High,Delivered,2026-05
DEL01448,ORD011465,Pune,WH-BLR,RID006,475.2,22.91,0,Yes,2199.75,Medium,Delivered,2026-06
DEL01449,ORD000119,Bengaluru,WH-MUM,RID001,13.5,1.29,2,No,62.11,High,Delivered,2026-03
DEL01450,ORD002462,Pune,WH-MUM,RID038,605.2,27.94,1,No,2706.9,Medium,Delivered,2026-06
DEL01451,ORD002877,Mumbai,WH-KOL,RID026,6.7,3.25,0,Yes,30.91,High,Delivered,2026-06
DEL01452,ORD001722,Bengaluru,WH-BLR,RID026,8.0,3.22,0,Yes,42.85,Low,Delivered,2026-02
DEL01453,ORD008946,Bengaluru,WH-KOL,RID018,12.7,3.27,0,Yes,52.18,Low,Delivered,2026-02
DEL01454,ORD005835,Pune,WH-BLR,RID029,693.7,28.86,1,No,3730.21,Low,Delivered,2026-02
DEL01455,ORD002584,Pune,WH-DEL,RID034,572.9,24.61,0,Yes,2640.33,Medium,Delivered,2026-04
DEL01456,ORD002643,Bengaluru,WH-BLR,RID016,14.0,4.46,1,No,59.22,Medium,Delivered,2026-02
DEL01457,ORD007050,Kolkata,WH-BLR,RID016,4.2,0.94,4,No,15.71,Low,Delivered,2026-05
DEL01458,ORD006709,Bengaluru,WH-BLR,RID026,9.5,3.94,0,Yes,51.8,Medium,Delivered,2026-07
DEL01459,ORD008090,Pune,WH-KOL,RID021,620.8,28.65,0,Yes,2727.56,Low,Delivered,2026-02
DEL01460,ORD010085,Ahmedabad,WH-KOL,RID014,446.2,18.98,4,No,2262.28,High,Delivered,2026-02
DEL01461,ORD006728,Mumbai,WH-MUM,RID025,6.4,3.23,2,No,30.61,Low,Delivered,2026-04
DEL01462,ORD007589,Pune,WH-KOL,RID037,586.9,27.37,1,No,2193.39,Medium,Delivered,2026-04
DEL01463,ORD009708,Pune,WH-BLR,RID025,616.2,28.62,4,No,2341.86,Low,Delivered,2026-07
DEL01464,ORD010612,Ahmedabad,WH-MUM,RID029,481.1,19.21,0,Yes,2397.22,High,Delivered,2026-05
DEL01465,ORD003393,Hyderabad,WH-DEL,RID039,726.5,32.15,0,Yes,3330.26,Medium,Delivered,2026-07
DEL01466,ORD004602,Kolkata,WH-DEL,RID037,4.3,2.51,0,Yes,17.75,Medium,Delivered,2026-07
DEL01467,ORD003179,Chennai,WH-KOL,RID019,1625.4,68.4,2,No,6402.2,High,Delivered,2026-06
DEL01468,ORD009362,Pune,WH-DEL,RID011,620.6,27.36,1,No,3294.54,Medium,Delivered,2026-02
DEL01469,ORD001335,Hyderabad,WH-DEL,RID033,620.9,26.98,2,No,2412.29,Medium,Delivered,2026-07
DEL01470,ORD002307,Ahmedabad,WH-MUM,RID023,528.5,25.32,0,Yes,2828.94,Medium,Delivered,2026-05
DEL01471,ORD003812,Ahmedabad,WH-MUM,RID033,874.2,37.25,0,Yes,4275.59,High,Delivered,2026-07
DEL01472,ORD008401,Chennai,WH-KOL,RID028,1383.6,59.37,0,Yes,5654.47,Medium,Delivered Late,2026-04
DEL01473,ORD007884,Delhi,WH-KOL,RID032,6.3,3.04,4,No,29.47,Low,Delivered,2026-04
DEL01474,ORD004681,Mumbai,WH-MUM,RID033,10.3,1.43,0,Yes,50.02,Medium,Delivered,2026-07
DEL01475,ORD005667,Bengaluru,WH-MUM,RID002,18.0,3.25,0,Yes,75.71,Low,Delivered Late,2026-03
DEL01476,ORD000040,Mumbai,WH-MUM,RID014,5.6,3.9,1,No,27.13,High,Delivered,2026-04
DEL01477,ORD006892,Pune,WH-DEL,RID019,519.2,21.9,0,Yes,2291.53,Medium,Delivered,2026-07
DEL01478,ORD006593,Delhi,WH-DEL,RID007,16.1,2.96,0,Yes,63.3,Medium,Delivered Late,2026-05
DEL01479,ORD010465,Delhi,WH-BLR,RID030,6.6,0.5,1,No,34.83,Medium,Delivered,2026-04
DEL01480,ORD007351,Bengaluru,WH-KOL,RID036,8.3,1.47,2,No,32.33,Medium,Delivered,2026-07
DEL01481,ORD003934,Pune,WH-MUM,RID018,662.2,27.22,0,Yes,3302.44,High,Delivered,2026-06
DEL01482,ORD007623,Hyderabad,WH-MUM,RID018,316.3,13.5,1,No,1381.05,High,Delivered,2026-06
DEL01483,ORD002000,Hyderabad,WH-MUM,RID023,422.8,20.21,4,No,1778.49,Medium,Delivered,2026-04
DEL01484,ORD009261,Delhi,WH-BLR,RID010,16.3,2.24,0,Yes,60.5,Low,Delivered,2026-03
DEL01485,ORD010013,Mumbai,WH-BLR,RID038,14.7,2.14,0,Yes,69.04,Medium,Delivered,2026-04
DEL01486,ORD004434,Chennai,WH-BLR,RID015,992.7,40.98,0,Yes,4679.68,Low,Delivered,2026-06
DEL01487,ORD011255,Ahmedabad,WH-DEL,RID027,873.4,37.63,1,No,4484.0,Medium,Delivered Late,2026-05
DEL01488,ORD001525,Kolkata,WH-MUM,RID035,8.4,4.05,1,No,45.86,High,Delivered,2026-02
DEL01489,ORD009252,Chennai,WH-MUM,RID036,1435.1,60.05,0,Yes,5039.47,Medium,Delivered,2026-03
DEL01490,ORD009485,Hyderabad,WH-KOL,RID007,514.7,23.41,1,No,2455.29,Low,Delivered,2026-04
DEL01491,ORD011355,Kolkata,WH-MUM,RID022,10.6,3.54,1,No,41.07,Low,Delivered,2026-07
DEL01492,ORD011341,Bengaluru,WH-KOL,RID022,12.8,2.73,0,Yes,64.02,Low,Delivered,2026-03
DEL01493,ORD001496,Bengaluru,WH-BLR,RID004,4.9,0.52,0,Yes,24.1,Low,Delivered,2026-02
DEL01494,ORD011072,Pune,WH-MUM,RID026,660.6,29.62,0,Yes,2382.41,Medium,Delivered,2026-06
DEL01495,ORD004699,Delhi,WH-MUM,RID028,6.2,2.0,0,Yes,22.19,High,Delivered,2026-07
DEL01496,ORD008063,Mumbai,WH-KOL,RID022,9.1,0.56,1,No,49.49,Low,Delivered,2026-05
DEL01497,ORD009619,Mumbai,WH-KOL,RID021,13.1,3.08,0,Yes,46.12,Medium,Delivered,2026-06
DEL01498,ORD010758,Chennai,WH-KOL,RID021,934.8,41.47,0,Yes,3807.75,Medium,Delivered,2026-05
DEL01499,ORD005003,Hyderabad,WH-MUM,RID027,756.7,33.57,0,Yes,3834.28,Low,Delivered,2026-05
DEL01500,ORD009294,Hyderabad,WH-MUM,RID015,893.7,36.25,1,No,4062.13,Medium,Delivered Late,2026-08
DEL01501,ORD004838,Pune,WH-DEL,RID028,423.4,18.85,0,Yes,1685.15,Medium,Delivered Late,2026-08
DEL01502,ORD011497,Kolkata,WH-BLR,RID013,12.8,1.87,0,Yes,70.0,High,Delivered,2026-05
DEL01503,ORD003947,Delhi,WH-BLR,RID028,4.0,0.89,1,No,19.53,Low,Delivered,2026-07
DEL01504,ORD008289,Kolkata,WH-BLR,RID040,8.2,2.2,1,No,35.85,Low,Delivered,2026-04
DEL01505,ORD007980,Mumbai,WH-MUM,RID032,5.0,2.04,0,Yes,26.2,Low,Delivered,2026-03
DEL01506,ORD009148,Delhi,WH-MUM,RID031,12.5,1.35,0,Yes,64.56,Medium,Delivered,2026-06
DEL01507,ORD007282,Mumbai,WH-MUM,RID037,14.3,2.17,0,Yes,64.05,Medium,Delivered,2026-04
DEL01508,ORD008298,Ahmedabad,WH-KOL,RID012,153.0,7.86,1,No,761.65,Medium,Delivered,2026-06
DEL01509,ORD009648,Pune,WH-BLR,RID028,593.4,24.77,0,Yes,2395.98,Medium,Delivered,2026-02
DEL01510,ORD006063,Ahmedabad,WH-KOL,RID004,440.0,17.79,2,No,1647.71,High,Delivered,2026-05
DEL01511,ORD004015,Ahmedabad,WH-MUM,RID020,789.0,32.75,2,No,3119.42,High,Delivered,2026-04
DEL01512,ORD007632,Bengaluru,WH-MUM,RID038,13.2,0.89,1,No,68.43,Low,Delivered,2026-04
DEL01513,ORD007064,Mumbai,WH-KOL,RID025,15.5,2.94,0,Yes,60.55,Medium,Delivered,2026-02
DEL01514,ORD002166,Kolkata,WH-DEL,RID038,9.8,2.38,1,No,34.95,Low,Delivered,2026-06
DEL01515,ORD002952,Kolkata,WH-MUM,RID026,9.6,3.64,2,No,44.02,Medium,Delivered,2026-05
DEL01516,ORD002673,Kolkata,WH-KOL,RID012,4.3,0.5,2,No,16.79,Medium,Delivered,2026-04
DEL01517,ORD000928,Pune,WH-BLR,RID011,231.8,12.59,0,Yes,1010.06,Medium,Delivered,2026-06
DEL01518,ORD000180,Chennai,WH-KOL,RID031,1689.2,68.32,2,No,9088.89,Low,Delivered,2026-03
DEL01519,ORD006681,Bengaluru,WH-KOL,RID023,13.0,2.44,4,No,64.94,Low,RTO,2026-03
DEL01520,ORD009925,Hyderabad,WH-DEL,RID025,208.3,9.99,4,No,776.96,Medium,Delivered,2026-03
DEL01521,ORD001028,Ahmedabad,WH-KOL,RID034,451.8,18.72,0,Yes,2384.08,Low,Delivered,2026-02
DEL01522,ORD011046,Pune,WH-KOL,RID023,256.7,12.53,4,No,912.11,Medium,Delivered,2026-06
DEL01523,ORD005005,Bengaluru,WH-DEL,RID007,7.2,2.34,1,No,30.48,High,Delivered,2026-03
DEL01524,ORD007399,Pune,WH-KOL,RID016,243.7,13.71,0,Yes,1130.54,Medium,Delivered,2026-05
DEL01525,ORD010251,Kolkata,WH-DEL,RID007,12.2,2.62,0,Yes,58.57,High,Delivered,2026-05
DEL01526,ORD004722,Chennai,WH-BLR,RID019,1703.6,69.82,1,No,9121.7,Low,Delivered,2026-03
DEL01527,ORD004817,Bengaluru,WH-BLR,RID031,14.6,1.82,0,Yes,63.63,High,RTO,2026-02
DEL01528,ORD010064,Hyderabad,WH-KOL,RID033,813.8,33.87,2,No,3546.43,Medium,Delivered,2026-04
DEL01529,ORD010888,Mumbai,WH-MUM,RID039,16.0,0.5,0,Yes,76.67,Low,Delivered,2026-05
DEL01530,ORD010380,Pune,WH-MUM,RID012,627.2,26.46,2,No,2219.7,High,Delivered,2026-03
DEL01531,ORD010256,Pune,WH-MUM,RID024,842.1,36.16,1,No,4082.63,Medium,Delivered,2026-06
DEL01532,ORD008335,Bengaluru,WH-BLR,RID025,11.6,1.64,0,Yes,49.38,Low,Delivered,2026-03
DEL01533,ORD009918,Hyderabad,WH-MUM,RID013,234.9,12.38,0,Yes,918.8,Medium,Delivered,2026-06
DEL01534,ORD009829,Pune,WH-MUM,RID040,778.5,33.11,0,Yes,3085.86,Medium,Delivered,2026-07
DEL01535,ORD008856,Kolkata,WH-BLR,RID030,9.0,3.09,1,No,33.47,Medium,Delivered Late,2026-02
DEL01536,ORD000270,Ahmedabad,WH-KOL,RID013,438.1,19.22,1,No,1833.21,Medium,Delivered,2026-06
DEL01537,ORD008160,Mumbai,WH-BLR,RID034,7.4,1.52,1,No,35.62,High,Delivered,2026-04
DEL01538,ORD002927,Hyderabad,WH-BLR,RID015,274.9,14.27,0,Yes,1411.57,High,Delivered,2026-02
DEL01539,ORD010755,Pune,WH-MUM,RID006,800.9,33.99,0,Yes,3261.16,Low,Delivered,2026-04
DEL01540,ORD010220,Kolkata,WH-MUM,RID025,9.3,3.51,0,Yes,41.74,Low,Delivered,2026-02
DEL01541,ORD002344,Chennai,WH-BLR,RID018,1276.6,52.64,1,No,5957.29,High,Delivered,2026-02
DEL01542,ORD001501,Ahmedabad,WH-MUM,RID034,315.4,10.94,0,Yes,1427.57,Medium,Delivered,2026-07
DEL01543,ORD000409,Mumbai,WH-MUM,RID031,17.2,4.42,0,Yes,91.58,Medium,Delivered,2026-02
DEL01544,ORD007516,Mumbai,WH-MUM,RID002,7.1,1.38,0,Yes,33.64,Medium,Delivered,2026-03
DEL01545,ORD000623,Chennai,WH-KOL,RID024,1886.1,72.0,1,No,10125.24,Medium,Delivered,2026-07
DEL01546,ORD005557,Chennai,WH-DEL,RID021,1602.6,66.88,1,No,8015.67,High,Delivered,2026-02
DEL01547,ORD011191,Chennai,WH-BLR,RID035,1986.8,72.0,0,Yes,7515.98,High,Delivered,2026-07
DEL01548,ORD001046,Ahmedabad,WH-BLR,RID010,754.6,33.16,0,Yes,2854.07,High,Delivered,2026-06
DEL01549,ORD007312,Delhi,WH-KOL,RID009,12.7,2.57,1,No,64.72,Medium,Delivered,2026-05
DEL01550,ORD005647,Ahmedabad,WH-DEL,RID005,811.5,34.72,1,No,4276.51,High,Delivered Late,2026-05
DEL01551,ORD002284,Pune,WH-DEL,RID038,265.2,13.05,0,Yes,1322.48,Medium,Delivered,2026-07
DEL01552,ORD003110,Kolkata,WH-DEL,RID035,13.4,1.43,2,No,53.68,Low,Delivered,2026-05
DEL01553,ORD003491,Delhi,WH-KOL,RID024,9.3,1.27,1,No,41.38,Medium,Delivered,2026-03
DEL01554,ORD001133,Pune,WH-BLR,RID017,597.4,26.8,1,No,2392.42,Medium,Delivered Late,2026-05
DEL01555,ORD009958,Kolkata,WH-BLR,RID011,14.0,1.93,0,Yes,56.19,High,Delivered,2026-04
DEL01556,ORD008885,Bengaluru,WH-BLR,RID016,16.7,2.39,0,Yes,86.87,Medium,Delivered,2026-05
DEL01557,ORD002075,Kolkata,WH-KOL,RID029,5.4,2.36,0,Yes,29.26,Medium,Delivered,2026-02
DEL01558,ORD001142,Bengaluru,WH-BLR,RID022,13.4,3.23,2,No,55.87,High,Delivered,2026-06
DEL01559,ORD008537,Delhi,WH-BLR,RID031,14.7,0.91,0,Yes,56.48,High,Delivered,2026-03
DEL01560,ORD007881,Delhi,WH-MUM,RID030,8.1,2.8,1,No,30.02,Medium,Delivered,2026-06
DEL01561,ORD008763,Pune,WH-KOL,RID015,700.5,31.07,1,No,2879.0,Low,Delivered,2026-05
DEL01562,ORD004999,Delhi,WH-BLR,RID037,5.0,2.66,0,Yes,23.8,High,Delivered,2026-06
DEL01563,ORD005807,Delhi,WH-MUM,RID020,11.1,3.81,0,Yes,46.5,Medium,Delivered,2026-05
DEL01564,ORD011294,Delhi,WH-MUM,RID026,16.6,2.36,2,No,89.47,Medium,Delivered,2026-07
DEL01565,ORD002702,Chennai,WH-KOL,RID025,1766.6,71.13,0,Yes,6591.98,Low,Delivered,2026-04
DEL01566,ORD004316,Hyderabad,WH-KOL,RID021,561.6,25.01,2,No,2470.78,Medium,Delivered,2026-06
DEL01567,ORD007417,Delhi,WH-DEL,RID038,15.3,2.63,0,Yes,74.26,Medium,Delivered,2026-04
DEL01568,ORD003476,Delhi,WH-DEL,RID029,4.7,4.05,2,No,20.19,Low,Delivered,2026-06
DEL01569,ORD005365,Kolkata,WH-MUM,RID024,4.8,2.46,2,No,23.62,Medium,Delivered,2026-04
DEL01570,ORD004921,Hyderabad,WH-MUM,RID010,168.6,9.62,0,Yes,742.43,Medium,Delivered,2026-03
DEL01571,ORD001777,Bengaluru,WH-DEL,RID009,7.5,1.98,0,Yes,37.83,Low,Delivered,2026-05
DEL01572,ORD008842,Pune,WH-DEL,RID014,560.0,24.45,2,No,2268.09,Medium,Delivered,2026-08
DEL01573,ORD005076,Ahmedabad,WH-KOL,RID040,732.8,32.55,4,No,3839.53,Medium,Delivered,2026-06
DEL01574,ORD000817,Kolkata,WH-BLR,RID010,11.2,3.1,1,No,43.16,High,Delivered,2026-06
DEL01575,ORD003650,Mumbai,WH-KOL,RID035,7.8,5.15,0,Yes,31.0,Low,Delivered,2026-03
DEL01576,ORD007040,Chennai,WH-BLR,RID020,1375.7,57.98,0,Yes,5490.73,Medium,Delivered,2026-05
DEL01577,ORD004170,Kolkata,WH-BLR,RID013,13.5,2.62,0,Yes,49.29,Medium,Delivered Late,2026-05
DEL01578,ORD008311,Delhi,WH-BLR,RID009,7.6,2.59,2,No,32.02,Low,Delivered,2026-03
DEL01579,ORD003579,Mumbai,WH-BLR,RID006,10.0,3.1,1,No,51.07,Medium,Delivered,2026-03
DEL01580,ORD007138,Ahmedabad,WH-MUM,RID001,278.9,14.55,4,No,1364.66,Low,Delivered,2026-03
DEL01581,ORD011103,Ahmedabad,WH-MUM,RID034,361.6,16.31,0,Yes,1956.93,Medium,Delivered,2026-06
DEL01582,ORD001719,Bengaluru,WH-KOL,RID036,4.7,0.5,0,Yes,20.72,High,Delivered,2026-05
DEL01583,ORD003789,Delhi,WH-BLR,RID006,11.9,3.32,0,Yes,53.76,Low,Delivered,2026-07
DEL01584,ORD004194,Kolkata,WH-BLR,RID009,6.3,3.36,1,No,23.91,Low,Delivered,2026-03
DEL01585,ORD011193,Hyderabad,WH-BLR,RID015,217.0,10.29,1,No,859.38,High,Delivered,2026-04
DEL01586,ORD008180,Delhi,WH-BLR,RID024,7.5,3.75,4,No,39.97,Low,Delivered,2026-07
DEL01587,ORD009833,Ahmedabad,WH-MUM,RID039,393.8,18.65,0,Yes,2164.35,Medium,RTO,2026-03
DEL01588,ORD005428,Mumbai,WH-MUM,RID012,15.0,2.93,0,Yes,73.24,Medium,Delivered,2026-03
DEL01589,ORD009634,Kolkata,WH-DEL,RID007,13.4,2.09,0,Yes,55.39,Medium,Delivered,2026-05
DEL01590,ORD006663,Ahmedabad,WH-MUM,RID003,580.8,24.37,2,No,3040.36,High,Delivered,2026-02
DEL01591,ORD007115,Bengaluru,WH-BLR,RID026,17.6,3.34,0,Yes,85.09,Medium,Delivered,2026-04
DEL01592,ORD008391,Chennai,WH-BLR,RID001,1598.4,66.32,2,No,6376.53,Low,Delivered,2026-05
DEL01593,ORD000145,Kolkata,WH-MUM,RID015,15.3,2.34,1,No,68.01,Medium,Delivered,2026-06
DEL01594,ORD003883,Chennai,WH-DEL,RID020,1916.0,72.0,1,No,8565.64,Low,Delivered Late,2026-03
DEL01595,ORD002598,Chennai,WH-BLR,RID027,1613.4,67.18,1,No,8723.9,Medium,Delivered,2026-07
DEL01596,ORD003389,Ahmedabad,WH-BLR,RID007,552.3,24.78,0,Yes,1935.49,Medium,Delivered,2026-07
DEL01597,ORD008950,Mumbai,WH-KOL,RID017,17.7,2.96,4,No,63.34,Medium,Delivered,2026-03
DEL01598,ORD007235,Hyderabad,WH-MUM,RID019,284.9,13.32,0,Yes,1049.8,High,Delivered,2026-06
DEL01599,ORD002692,Bengaluru,WH-BLR,RID037,8.5,1.33,1,No,44.07,Low,Delivered,2026-05
DEL01600,ORD000116,Ahmedabad,WH-KOL,RID016,486.9,22.2,0,Yes,1856.63,Medium,Delivered,2026-05
DEL01601,ORD009952,Mumbai,WH-DEL,RID036,16.6,4.53,1,No,65.34,Low,Delivered,2026-02
DEL01602,ORD003120,Ahmedabad,WH-DEL,RID002,329.8,14.34,0,Yes,1358.08,Low,Delivered,2026-07
DEL01603,ORD010394,Bengaluru,WH-MUM,RID009,17.4,1.93,0,Yes,69.34,Low,Delivered,2026-05
DEL01604,ORD009920,Delhi,WH-BLR,RID021,15.0,2.24,0,Yes,79.71,High,RTO,2026-02
DEL01605,ORD006893,Mumbai,WH-MUM,RID040,5.7,3.53,0,Yes,31.03,Medium,Delivered,2026-03
DEL01606,ORD001505,Bengaluru,WH-BLR,RID030,16.8,4.16,1,No,70.91,High,Delivered,2026-06
DEL01607,ORD003800,Ahmedabad,WH-BLR,RID027,894.4,37.73,4,No,4148.0,Low,Delivered,2026-08
DEL01608,ORD000994,Bengaluru,WH-MUM,RID002,7.7,2.31,1,No,31.48,Medium,Delivered,2026-05
DEL01609,ORD009459,Delhi,WH-MUM,RID018,12.7,2.57,1,No,68.77,Medium,Delivered,2026-05
DEL01610,ORD001834,Ahmedabad,WH-BLR,RID036,472.7,19.49,0,Yes,1988.38,High,Delivered,2026-06
DEL01611,ORD000082,Pune,WH-MUM,RID006,553.6,22.57,4,No,2978.87,Low,Delivered,2026-03
DEL01612,ORD004098,Bengaluru,WH-MUM,RID022,4.6,2.6,1,No,17.53,Medium,Delivered,2026-07
DEL01613,ORD009989,Delhi,WH-MUM,RID026,15.7,4.68,0,Yes,64.78,High,Delivered,2026-02
DEL01614,ORD006886,Hyderabad,WH-DEL,RID009,253.9,14.73,2,No,909.52,Medium,Delivered,2026-04
DEL01615,ORD006932,Ahmedabad,WH-DEL,RID019,508.9,22.13,2,No,2259.34,Low,Delivered,2026-03
DEL01616,ORD010579,Mumbai,WH-DEL,RID015,16.0,1.84,4,No,56.71,High,Delivered,2026-08
DEL01617,ORD000853,Pune,WH-BLR,RID035,274.0,11.95,0,Yes,1044.8,Medium,Delivered,2026-02
DEL01618,ORD010680,Bengaluru,WH-KOL,RID017,14.3,4.79,4,No,60.8,Medium,Delivered,2026-06
DEL01619,ORD002684,Ahmedabad,WH-KOL,RID024,371.0,15.71,0,Yes,1990.73,Medium,Delivered,2026-07
DEL01620,ORD003105,Ahmedabad,WH-BLR,RID013,472.3,20.91,0,Yes,1851.32,Low,Delivered,2026-03
DEL01621,ORD007533,Kolkata,WH-DEL,RID018,15.9,3.69,0,Yes,57.83,High,Delivered,2026-05
DEL01622,ORD011525,Mumbai,WH-BLR,RID025,4.1,2.17,0,Yes,20.54,Low,Delivered,2026-05
DEL01623,ORD008464,Bengaluru,WH-BLR,RID035,15.7,4.14,0,Yes,76.02,High,Delivered,2026-02
DEL01624,ORD004971,Kolkata,WH-MUM,RID034,4.0,0.79,2,No,21.4,Medium,Delivered,2026-06
DEL01625,ORD002341,Delhi,WH-DEL,RID006,5.8,1.51,0,Yes,30.13,Medium,Delivered,2026-04
DEL01626,ORD009406,Hyderabad,WH-BLR,RID007,502.3,21.6,0,Yes,2687.21,High,Delivered,2026-07
DEL01627,ORD011151,Kolkata,WH-BLR,RID014,9.9,2.26,2,No,49.4,High,Delivered,2026-06
DEL01628,ORD011402,Bengaluru,WH-DEL,RID027,9.9,3.45,2,No,51.94,Low,Delivered,2026-03
DEL01629,ORD002765,Mumbai,WH-MUM,RID019,8.6,0.5,0,Yes,42.7,High,Delivered,2026-06
DEL01630,ORD006715,Chennai,WH-BLR,RID007,994.6,41.61,1,No,4584.95,Low,Delivered,2026-04
DEL01631,ORD008355,Mumbai,WH-MUM,RID015,6.8,2.68,4,No,24.79,Low,Delivered,2026-04
DEL01632,ORD009973,Hyderabad,WH-BLR,RID023,313.8,15.45,4,No,1398.05,Medium,Delivered,2026-06
DEL01633,ORD008478,Delhi,WH-BLR,RID019,11.7,1.89,1,No,58.03,Low,Delivered,2026-04
DEL01634,ORD011113,Pune,WH-KOL,RID015,849.0,35.87,0,Yes,3740.47,Medium,Delivered Late,2026-05
DEL01635,ORD007326,Ahmedabad,WH-MUM,RID017,846.7,36.06,4,No,4498.85,Medium,Delivered,2026-06
DEL01636,ORD000253,Kolkata,WH-KOL,RID028,15.8,3.26,2,No,84.61,Low,Delivered,2026-04
DEL01637,ORD003057,Mumbai,WH-DEL,RID017,10.2,4.08,4,No,43.43,Low,Delivered,2026-02
DEL01638,ORD003030,Pune,WH-KOL,RID025,345.7,15.79,2,No,1605.25,High,Delivered,2026-07
DEL01639,ORD008086,Ahmedabad,WH-DEL,RID027,574.9,25.61,2,No,2339.12,Medium,Delivered,2026-06
DEL01640,ORD003059,Pune,WH-MUM,RID023,801.4,32.08,0,Yes,3712.71,High,Delivered,2026-04
DEL01641,ORD005733,Chennai,WH-BLR,RID023,1178.4,48.91,0,Yes,4481.04,High,Delivered,2026-03
DEL01642,ORD005397,Chennai,WH-MUM,RID010,1085.6,46.14,1,No,5274.92,Medium,Delivered,2026-07
DEL01643,ORD004342,Mumbai,WH-KOL,RID008,15.2,3.75,1,No,83.56,Low,Delivered,2026-06
DEL01644,ORD003328,Hyderabad,WH-BLR,RID030,214.1,8.86,0,Yes,884.39,Low,Delivered,2026-03
DEL01645,ORD007592,Mumbai,WH-BLR,RID032,15.7,2.56,1,No,57.88,Medium,Delivered,2026-08
DEL01646,ORD008128,Kolkata,WH-MUM,RID026,16.9,2.19,0,Yes,59.61,Low,Delivered,2026-07
DEL01647,ORD001170,Pune,WH-KOL,RID036,548.3,25.15,1,No,2574.11,Low,Delivered Late,2026-07
DEL01648,ORD007925,Chennai,WH-BLR,RID024,1380.9,55.69,0,Yes,7019.54,Low,Delivered,2026-07
DEL01649,ORD009818,Chennai,WH-KOL,RID004,1716.7,71.28,0,Yes,6329.22,Low,Delivered,2026-06
DEL01650,ORD010264,Ahmedabad,WH-KOL,RID034,649.1,28.36,0,Yes,2936.14,High,Delivered,2026-05
DEL01651,ORD005197,Pune,WH-BLR,RID040,789.4,34.35,1,No,3720.69,High,Delivered,2026-05
DEL01652,ORD011096,Ahmedabad,WH-MUM,RID031,730.4,31.36,0,Yes,3661.67,Medium,Delivered,2026-06
DEL01653,ORD003426,Hyderabad,WH-DEL,RID031,815.7,35.19,0,Yes,3962.67,Medium,Delivered,2026-06
DEL01654,ORD009361,Pune,WH-DEL,RID036,566.8,25.46,0,Yes,2953.52,Medium,Delivered,2026-05
DEL01655,ORD007659,Delhi,WH-BLR,RID018,9.6,1.77,0,Yes,50.62,Medium,Delivered,2026-03
DEL01656,ORD005877,Delhi,WH-MUM,RID001,16.0,2.5,0,Yes,64.36,Medium,Delivered,2026-07
DEL01657,ORD002152,Kolkata,WH-MUM,RID032,12.4,3.38,1,No,50.79,Low,Delivered,2026-03
DEL01658,ORD005171,Bengaluru,WH-KOL,RID018,13.0,2.76,0,Yes,47.19,Medium,Delivered,2026-02
DEL01659,ORD010211,Pune,WH-DEL,RID011,831.6,33.25,0,Yes,4533.14,Low,RTO,2026-04
DEL01660,ORD000149,Hyderabad,WH-MUM,RID025,164.8,7.07,2,No,805.26,Medium,Delivered,2026-07
DEL01661,ORD000051,Hyderabad,WH-DEL,RID009,454.1,21.62,1,No,2464.3,High,Delivered,2026-07
DEL01662,ORD010106,Chennai,WH-BLR,RID039,1251.4,51.61,2,No,4423.47,Medium,Delivered,2026-04
DEL01663,ORD009272,Ahmedabad,WH-MUM,RID003,437.5,17.31,1,No,1889.6,Low,Delivered,2026-02
DEL01664,ORD010879,Delhi,WH-BLR,RID020,13.1,2.0,1,No,71.82,Medium,Delivered Late,2026-08
DEL01665,ORD002789,Ahmedabad,WH-MUM,RID030,682.6,30.12,1,No,3168.09,Medium,Delivered,2026-07
DEL01666,ORD009511,Hyderabad,WH-MUM,RID010,496.0,21.29,0,Yes,2452.05,High,Delivered,2026-06
DEL01667,ORD000771,Bengaluru,WH-MUM,RID029,16.0,4.04,0,Yes,84.93,Low,Delivered,2026-05
DEL01668,ORD004156,Delhi,WH-MUM,RID003,8.4,1.29,4,No,35.03,Low,Delivered,2026-06
DEL01669,ORD007144,Mumbai,WH-BLR,RID006,13.1,3.02,1,No,54.51,Medium,Delivered,2026-06
DEL01670,ORD011214,Hyderabad,WH-DEL,RID023,503.4,22.99,4,No,2658.52,Medium,Delivered,2026-05
DEL01671,ORD000158,Ahmedabad,WH-MUM,RID014,716.0,30.94,0,Yes,3466.67,Medium,Delivered,2026-06
DEL01672,ORD011304,Ahmedabad,WH-MUM,RID015,532.0,23.96,0,Yes,2284.12,Low,Delivered,2026-06
DEL01673,ORD004530,Chennai,WH-MUM,RID029,1867.4,72.0,0,Yes,6830.43,Low,Delivered,2026-05
DEL01674,ORD000376,Bengaluru,WH-MUM,RID034,16.6,3.25,0,Yes,81.22,Medium,Delivered,2026-03
DEL01675,ORD005525,Delhi,WH-MUM,RID011,14.5,0.75,1,No,73.04,Medium,Delivered,2026-07
DEL01676,ORD009661,Kolkata,WH-KOL,RID024,4.7,2.15,1,No,17.09,Medium,Delivered,2026-03
DEL01677,ORD001908,Mumbai,WH-BLR,RID020,9.3,2.89,2,No,40.88,Medium,Delivered,2026-03
DEL01678,ORD010411,Kolkata,WH-KOL,RID007,16.7,3.91,4,No,67.99,High,Delivered,2026-03
DEL01679,ORD004579,Bengaluru,WH-KOL,RID003,9.9,2.79,0,Yes,48.78,Low,Delivered,2026-06
DEL01680,ORD005865,Mumbai,WH-MUM,RID029,14.8,2.89,2,No,80.4,Low,RTO,2026-07
DEL01681,ORD008859,Bengaluru,WH-MUM,RID012,16.0,3.36,0,Yes,62.93,Low,Delivered,2026-04
DEL01682,ORD001256,Mumbai,WH-MUM,RID019,17.9,3.06,0,Yes,69.46,Medium,Delivered,2026-02
DEL01683,ORD002609,Chennai,WH-KOL,RID008,1937.7,72.0,4,No,7243.35,High,Delivered,2026-06
DEL01684,ORD004997,Ahmedabad,WH-BLR,RID008,382.1,18.46,0,Yes,2021.28,Medium,Delivered,2026-03
DEL01685,ORD008404,Kolkata,WH-BLR,RID040,9.4,1.65,0,Yes,44.51,High,Delivered,2026-02
DEL01686,ORD004076,Pune,WH-MUM,RID033,631.9,25.67,4,No,2870.39,High,Delivered,2026-03
DEL01687,ORD000587,Delhi,WH-MUM,RID030,13.6,2.86,2,No,62.38,Low,Delivered,2026-03
DEL01688,ORD005544,Mumbai,WH-MUM,RID009,7.5,1.59,0,Yes,33.41,Medium,Delivered Late,2026-04
DEL01689,ORD003122,Delhi,WH-MUM,RID023,17.3,2.85,0,Yes,92.73,Medium,Delivered,2026-07
DEL01690,ORD005257,Mumbai,WH-MUM,RID038,11.1,1.03,0,Yes,54.73,High,Delivered,2026-04
DEL01691,ORD006565,Mumbai,WH-MUM,RID006,7.2,2.42,2,No,35.45,Medium,Delivered,2026-03
DEL01692,ORD009746,Ahmedabad,WH-BLR,RID010,332.2,14.93,0,Yes,1214.38,High,Delivered,2026-03
DEL01693,ORD006670,Bengaluru,WH-DEL,RID023,15.4,2.47,0,Yes,84.38,High,Delivered,2026-07
DEL01694,ORD010118,Pune,WH-DEL,RID035,379.0,17.3,0,Yes,1704.95,Medium,Delivered,2026-03
DEL01695,ORD001654,Ahmedabad,WH-KOL,RID028,264.8,12.37,4,No,936.71,Medium,Delivered,2026-05
DEL01696,ORD004720,Delhi,WH-DEL,RID010,12.9,1.8,1,No,65.64,Low,RTO,2026-06
DEL01697,ORD009101,Ahmedabad,WH-BLR,RID005,897.3,36.65,2,No,4422.47,Medium,Delivered Late,2026-06
DEL01698,ORD000314,Bengaluru,WH-KOL,RID038,8.3,2.79,0,Yes,40.55,Medium,Delivered,2026-03
DEL01699,ORD007420,Ahmedabad,WH-MUM,RID026,393.3,17.03,1,No,1684.37,Low,Delivered,2026-04
DEL01700,ORD008731,Delhi,WH-BLR,RID026,14.0,1.02,4,No,63.54,Low,Delivered,2026-04
DEL01701,ORD002060,Pune,WH-KOL,RID031,345.9,15.35,0,Yes,1703.4,Medium,Delivered,2026-04
DEL01702,ORD003383,Ahmedabad,WH-KOL,RID021,756.9,31.59,0,Yes,2653.15,Low,Delivered,2026-04
DEL01703,ORD003717,Delhi,WH-MUM,RID022,13.3,1.97,1,No,54.5,Low,Delivered,2026-04
DEL01704,ORD004211,Pune,WH-BLR,RID033,776.5,34.01,1,No,4060.81,Medium,Delivered,2026-04
DEL01705,ORD003919,Delhi,WH-MUM,RID021,4.1,1.22,1,No,15.78,Medium,RTO,2026-05
DEL01706,ORD006468,Kolkata,WH-DEL,RID032,10.8,4.17,0,Yes,45.44,Medium,Delivered,2026-02
DEL01707,ORD002924,Kolkata,WH-DEL,RID013,17.1,2.67,2,No,62.72,Low,Delivered,2026-04
DEL01708,ORD002794,Mumbai,WH-MUM,RID002,9.5,1.96,1,No,38.26,Low,Delivered,2026-02
DEL01709,ORD004118,Ahmedabad,WH-BLR,RID016,297.2,15.14,0,Yes,1311.72,Medium,Delivered,2026-07
DEL01710,ORD005046,Chennai,WH-KOL,RID004,2068.0,72.0,4,No,10878.51,Medium,Delivered,2026-06
DEL01711,ORD005476,Delhi,WH-KOL,RID032,12.9,2.03,4,No,62.77,High,Delivered,2026-06
DEL01712,ORD000383,Kolkata,WH-BLR,RID026,15.6,2.42,0,Yes,72.45,Low,Delivered,2026-05
DEL01713,ORD000371,Delhi,WH-MUM,RID011,13.1,6.24,1,No,65.54,Low,Delivered,2026-04
DEL01714,ORD007248,Ahmedabad,WH-MUM,RID026,872.7,34.19,4,No,4070.31,Low,Delivered,2026-02
DEL01715,ORD002356,Ahmedabad,WH-MUM,RID032,555.0,24.21,4,No,2040.07,Low,Delivered,2026-04
DEL01716,ORD006609,Hyderabad,WH-MUM,RID006,566.5,25.77,0,Yes,2649.21,Medium,Delivered,2026-05
DEL01717,ORD006476,Delhi,WH-BLR,RID012,15.1,3.03,4,No,76.58,Medium,Delivered,2026-02
DEL01718,ORD011434,Ahmedabad,WH-KOL,RID020,405.9,18.66,0,Yes,2066.79,High,Delivered,2026-03
DEL01719,ORD004331,Hyderabad,WH-MUM,RID032,444.1,20.6,4,No,1718.88,Medium,Delivered,2026-07
DEL01720,ORD006261,Chennai,WH-MUM,RID038,1921.2,72.0,0,Yes,9159.29,Medium,Delivered,2026-04
DEL01721,ORD010931,Chennai,WH-MUM,RID029,2023.5,72.0,1,No,7851.67,Medium,Delivered,2026-04
DEL01722,ORD006087,Kolkata,WH-BLR,RID006,11.9,3.29,2,No,43.85,High,Delivered,2026-07
DEL01723,ORD003003,Delhi,WH-BLR,RID038,9.0,2.47,2,No,32.77,Low,Delivered,2026-02
DEL01724,ORD001460,Hyderabad,WH-KOL,RID022,251.1,12.35,0,Yes,1145.56,Medium,Delivered,2026-05
DEL01725,ORD002974,Kolkata,WH-BLR,RID014,17.1,1.74,4,No,62.18,Low,Delivered,2026-06
DEL01726,ORD003326,Mumbai,WH-BLR,RID006,17.0,2.0,0,Yes,59.83,Medium,Delivered,2026-05
DEL01727,ORD010802,Hyderabad,WH-BLR,RID003,712.6,29.96,1,No,3199.84,Medium,Delivered,2026-07
DEL01728,ORD011370,Delhi,WH-KOL,RID033,16.5,1.83,0,Yes,86.55,Medium,RTO,2026-07
DEL01729,ORD006778,Pune,WH-KOL,RID012,438.2,18.42,1,No,2271.05,Medium,Delivered,2026-05
DEL01730,ORD000397,Kolkata,WH-BLR,RID008,12.4,3.39,1,No,54.7,Low,Delivered,2026-07
DEL01731,ORD004181,Kolkata,WH-MUM,RID009,5.6,1.51,4,No,20.76,High,Delivered,2026-05
DEL01732,ORD010470,Hyderabad,WH-BLR,RID011,366.1,15.53,4,No,1671.05,Medium,Delivered,2026-03
DEL01733,ORD000043,Bengaluru,WH-MUM,RID009,9.0,2.55,1,No,34.24,Medium,Delivered,2026-04
DEL01734,ORD003524,Hyderabad,WH-BLR,RID036,564.2,23.66,0,Yes,2118.21,Medium,Delivered,2026-04
DEL01735,ORD005304,Pune,WH-BLR,RID029,236.9,12.07,0,Yes,894.49,Medium,Delivered,2026-05
DEL01736,ORD000784,Delhi,WH-DEL,RID006,7.9,2.63,0,Yes,36.31,Medium,Delivered,2026-02
DEL01737,ORD005653,Bengaluru,WH-MUM,RID001,8.6,2.78,0,Yes,33.85,Low,Delivered,2026-07
DEL01738,ORD002697,Hyderabad,WH-KOL,RID040,181.3,8.35,0,Yes,787.3,Medium,Delivered,2026-04
DEL01739,ORD006032,Delhi,WH-MUM,RID017,8.1,1.8,1,No,36.58,High,Delivered,2026-02
DEL01740,ORD001045,Chennai,WH-MUM,RID020,1892.9,72.0,2,No,10294.59,High,Delivered,2026-03
DEL01741,ORD008996,Pune,WH-MUM,RID008,221.7,9.27,4,No,816.11,Medium,Delivered,2026-03
DEL01742,ORD003762,Bengaluru,WH-MUM,RID040,4.2,2.5,0,Yes,17.69,Low,Delivered,2026-02
DEL01743,ORD006308,Delhi,WH-KOL,RID039,16.6,2.69,1,No,88.3,Medium,Delivered,2026-02
DEL01744,ORD011464,Kolkata,WH-BLR,RID009,5.1,3.48,0,Yes,21.9,High,Delivered,2026-06
DEL01745,ORD005821,Ahmedabad,WH-KOL,RID001,800.4,32.42,4,No,3716.34,Low,Delivered,2026-06
DEL01746,ORD008053,Pune,WH-MUM,RID017,319.4,14.27,4,No,1635.85,Low,Delivered,2026-04
DEL01747,ORD002616,Bengaluru,WH-MUM,RID036,10.5,2.55,0,Yes,52.26,Medium,Delivered,2026-04
DEL01748,ORD003306,Kolkata,WH-KOL,RID019,9.3,3.65,2,No,45.16,Medium,Delivered,2026-03
DEL01749,ORD008793,Kolkata,WH-BLR,RID027,4.8,2.96,4,No,18.77,Low,Delivered,2026-05
DEL01750,ORD001131,Kolkata,WH-MUM,RID018,10.2,1.77,1,No,49.24,Medium,RTO,2026-02
DEL01751,ORD010205,Kolkata,WH-MUM,RID028,12.9,2.7,0,Yes,65.36,Medium,Delivered,2026-02
DEL01752,ORD010144,Chennai,WH-DEL,RID002,1388.7,58.44,0,Yes,5995.81,Medium,Delivered,2026-03
DEL01753,ORD007061,Hyderabad,WH-BLR,RID003,528.5,23.97,0,Yes,2800.24,Medium,Delivered,2026-05
DEL01754,ORD002406,Pune,WH-BLR,RID034,717.3,31.9,2,No,3322.08,Medium,Delivered,2026-03
DEL01755,ORD005856,Ahmedabad,WH-KOL,RID027,473.2,19.83,1,No,2400.22,Low,Delivered,2026-05
DEL01756,ORD006583,Pune,WH-MUM,RID021,882.0,39.17,0,Yes,3279.06,High,Delivered,2026-06
DEL01757,ORD009944,Mumbai,WH-BLR,RID017,7.9,1.41,1,No,30.55,High,Delivered,2026-05
DEL01758,ORD010501,Pune,WH-DEL,RID028,838.1,35.75,4,No,4380.26,Low,Delivered,2026-04
DEL01759,ORD011535,Chennai,WH-MUM,RID025,1395.1,57.24,0,Yes,5011.71,Medium,RTO,2026-04
DEL01760,ORD003890,Mumbai,WH-BLR,RID020,15.6,2.56,1,No,56.54,Low,Delivered,2026-04
DEL01761,ORD007740,Delhi,WH-DEL,RID010,17.8,2.39,0,Yes,96.01,Medium,Delivered,2026-02
DEL01762,ORD000123,Delhi,WH-MUM,RID039,7.1,4.0,1,No,25.4,High,Delivered,2026-04
DEL01763,ORD006689,Pune,WH-BLR,RID011,649.2,26.72,4,No,3043.39,Medium,Delivered,2026-05
DEL01764,ORD000470,Kolkata,WH-BLR,RID012,9.7,0.58,0,Yes,44.31,Low,Delivered,2026-04
DEL01765,ORD010025,Chennai,WH-MUM,RID008,1531.6,62.23,1,No,7075.85,Low,Delivered,2026-08
DEL01766,ORD002117,Kolkata,WH-KOL,RID020,12.9,1.48,0,Yes,61.76,High,Delivered,2026-07
DEL01767,ORD005641,Pune,WH-BLR,RID022,842.6,36.22,4,No,3080.43,Low,Delivered,2026-07
DEL01768,ORD011217,Bengaluru,WH-BLR,RID019,15.0,2.41,0,Yes,77.15,High,Delivered,2026-02
DEL01769,ORD001959,Ahmedabad,WH-KOL,RID012,528.3,23.48,0,Yes,2503.2,Low,Delivered,2026-07
DEL01770,ORD002365,Delhi,WH-BLR,RID018,12.4,2.78,1,No,60.9,Low,Delivered,2026-06
DEL01771,ORD005823,Pune,WH-MUM,RID007,660.9,27.6,0,Yes,3224.13,Medium,Delivered,2026-02
DEL01772,ORD010177,Hyderabad,WH-BLR,RID021,788.6,32.86,0,Yes,3501.37,Medium,Delivered,2026-03
DEL01773,ORD007883,Mumbai,WH-BLR,RID020,7.9,1.19,2,No,28.88,High,Delivered,2026-05
DEL01774,ORD005910,Kolkata,WH-BLR,RID021,10.7,3.13,1,No,47.36,Low,Delivered,2026-04
DEL01775,ORD009769,Chennai,WH-BLR,RID038,2033.5,72.0,2,No,9771.08,Medium,Delivered,2026-06
DEL01776,ORD001704,Delhi,WH-DEL,RID025,14.5,0.5,4,No,65.11,Low,Delivered Late,2026-05
DEL01777,ORD007343,Delhi,WH-BLR,RID036,10.3,1.64,0,Yes,36.16,High,Delivered,2026-04
DEL01778,ORD010912,Ahmedabad,WH-KOL,RID038,811.1,35.88,0,Yes,4366.92,Medium,Delivered Late,2026-06
DEL01779,ORD007850,Hyderabad,WH-BLR,RID039,497.1,20.99,4,No,1747.23,Low,RTO,2026-08
DEL01780,ORD004633,Pune,WH-KOL,RID033,771.8,32.65,0,Yes,3022.59,Low,Delivered,2026-02
DEL01781,ORD004514,Chennai,WH-BLR,RID025,1935.3,72.0,0,Yes,10243.19,High,Delivered,2026-03
DEL01782,ORD006142,Ahmedabad,WH-KOL,RID015,560.1,22.92,0,Yes,2063.19,High,Delivered,2026-02
DEL01783,ORD008125,Hyderabad,WH-BLR,RID019,683.3,28.42,0,Yes,3322.39,Medium,Delivered,2026-05
DEL01784,ORD007291,Delhi,WH-MUM,RID020,4.1,2.62,1,No,19.05,Low,Delivered,2026-02
DEL01785,ORD003369,Hyderabad,WH-MUM,RID030,234.9,9.58,1,No,853.09,High,Delivered,2026-02
DEL01786,ORD010715,Pune,WH-BLR,RID027,640.2,29.16,1,No,2914.53,Low,Delivered,2026-05
DEL01787,ORD001822,Kolkata,WH-BLR,RID020,15.1,0.88,4,No,67.74,High,Delivered,2026-08
DEL01788,ORD005468,Delhi,WH-MUM,RID023,5.2,1.36,0,Yes,26.71,High,Delivered,2026-05
DEL01789,ORD002894,Kolkata,WH-DEL,RID030,9.0,1.19,0,Yes,32.56,Medium,Delivered,2026-03
DEL01790,ORD007595,Hyderabad,WH-MUM,RID015,545.0,23.19,0,Yes,2286.8,Medium,RTO,2026-06
DEL01791,ORD007790,Bengaluru,WH-MUM,RID015,10.0,3.97,1,No,50.28,Low,Delivered,2026-04
DEL01792,ORD009117,Bengaluru,WH-DEL,RID039,5.8,1.84,2,No,28.84,Medium,Delivered,2026-03
DEL01793,ORD008429,Mumbai,WH-MUM,RID037,5.9,1.73,0,Yes,27.08,Medium,Delivered,2026-05
DEL01794,ORD009786,Mumbai,WH-BLR,RID033,7.1,2.87,0,Yes,37.72,Medium,Delivered,2026-05
DEL01795,ORD008271,Pune,WH-BLR,RID001,360.8,15.45,1,No,1973.4,Medium,Delivered,2026-04
DEL01796,ORD001376,Hyderabad,WH-MUM,RID039,699.0,29.99,0,Yes,2850.98,Medium,Delivered,2026-06
DEL01797,ORD006176,Ahmedabad,WH-DEL,RID026,227.3,12.5,1,No,893.02,Medium,Delivered,2026-07
DEL01798,ORD001457,Kolkata,WH-BLR,RID009,17.9,3.38,1,No,74.76,Low,Delivered,2026-05
DEL01799,ORD010068,Hyderabad,WH-KOL,RID023,882.0,37.58,0,Yes,4842.41,Low,Delivered,2026-05
DEL01800,ORD010548,Mumbai,WH-MUM,RID031,9.2,2.62,2,No,33.98,High,Delivered Late,2026-04
DEL01801,ORD001419,Mumbai,WH-KOL,RID040,4.3,1.57,0,Yes,19.77,Low,Delivered,2026-04
DEL01802,ORD007250,Pune,WH-BLR,RID003,442.0,18.33,1,No,1584.74,Low,Delivered,2026-06
DEL01803,ORD008170,Mumbai,WH-MUM,RID015,16.7,3.31,0,Yes,62.18,Medium,Delivered,2026-07
DEL01804,ORD010691,Bengaluru,WH-KOL,RID031,11.4,2.36,4,No,52.98,Medium,Delivered,2026-03
DEL01805,ORD002372,Delhi,WH-BLR,RID004,4.8,2.85,2,No,23.56,High,Delivered,2026-07
DEL01806,ORD000773,Pune,WH-BLR,RID005,331.1,16.84,0,Yes,1751.43,Low,Delivered,2026-07
DEL01807,ORD005225,Mumbai,WH-BLR,RID004,9.6,3.79,0,Yes,43.1,Medium,Delivered,2026-04
DEL01808,ORD004496,Ahmedabad,WH-MUM,RID014,869.6,36.77,1,No,4135.5,Medium,Delivered,2026-04
DEL01809,ORD001004,Delhi,WH-KOL,RID030,14.4,2.77,1,No,75.37,Low,Delivered,2026-02
DEL01810,ORD009115,Pune,WH-KOL,RID033,592.8,24.67,0,Yes,2196.89,Low,Delivered Late,2026-02
DEL01811,ORD007229,Ahmedabad,WH-MUM,RID002,452.6,19.4,0,Yes,2295.06,High,Delivered,2026-02
DEL01812,ORD005069,Ahmedabad,WH-BLR,RID032,292.1,13.23,0,Yes,1047.63,Low,RTO,2026-05
DEL01813,ORD010200,Hyderabad,WH-MUM,RID029,829.7,35.55,0,Yes,3101.72,Medium,Delivered Late,2026-05
DEL01814,ORD009193,Hyderabad,WH-DEL,RID002,588.1,25.2,0,Yes,2194.73,Low,Delivered,2026-07
DEL01815,ORD004168,Ahmedabad,WH-BLR,RID025,639.4,27.75,1,No,2928.07,High,Delivered,2026-06
DEL01816,ORD009510,Bengaluru,WH-MUM,RID038,7.0,1.95,4,No,36.98,Low,Delivered,2026-05
DEL01817,ORD001165,Bengaluru,WH-DEL,RID013,14.9,1.82,2,No,55.22,Low,Delivered,2026-03
DEL01818,ORD010024,Chennai,WH-MUM,RID039,1837.5,72.0,1,No,8871.58,Low,Delivered,2026-04
DEL01819,ORD004992,Kolkata,WH-BLR,RID008,15.5,2.89,1,No,80.36,High,Delivered,2026-06
DEL01820,ORD008272,Delhi,WH-KOL,RID010,16.7,1.96,0,Yes,71.19,Medium,Delivered,2026-04
DEL01821,ORD001326,Delhi,WH-KOL,RID029,7.3,2.64,0,Yes,26.78,High,Delivered,2026-07
DEL01822,ORD005577,Chennai,WH-BLR,RID039,1846.7,72.0,0,Yes,8149.6,Low,Delivered,2026-06
DEL01823,ORD010836,Mumbai,WH-BLR,RID039,6.2,3.12,1,No,23.16,Low,Delivered,2026-05
DEL01824,ORD001775,Pune,WH-BLR,RID005,822.6,36.45,1,No,3653.38,Medium,Delivered Late,2026-05
DEL01825,ORD001146,Hyderabad,WH-MUM,RID037,871.3,36.34,0,Yes,4470.55,High,Delivered,2026-07
DEL01826,ORD000544,Ahmedabad,WH-BLR,RID020,267.7,12.97,2,No,1417.13,Medium,Delivered,2026-04
DEL01827,ORD007177,Delhi,WH-KOL,RID033,7.1,2.79,4,No,33.62,Low,Delivered,2026-05
DEL01828,ORD011343,Chennai,WH-KOL,RID036,1421.0,58.69,0,Yes,6038.99,High,Delivered,2026-05
DEL01829,ORD008144,Ahmedabad,WH-DEL,RID004,664.0,27.71,1,No,2925.95,High,Delivered,2026-05
DEL01830,ORD009942,Delhi,WH-BLR,RID007,13.0,2.61,0,Yes,52.77,High,Delivered,2026-04
DEL01831,ORD009246,Ahmedabad,WH-DEL,RID015,728.0,31.76,0,Yes,2589.65,Low,Delivered,2026-04
DEL01832,ORD000075,Hyderabad,WH-MUM,RID039,849.0,34.45,2,No,4269.87,Medium,Delivered,2026-03
DEL01833,ORD011064,Ahmedabad,WH-KOL,RID038,376.4,16.77,0,Yes,1539.68,Low,Delivered,2026-07
DEL01834,ORD001347,Bengaluru,WH-MUM,RID023,12.2,3.5,4,No,51.04,Low,Delivered,2026-04
DEL01835,ORD000990,Chennai,WH-MUM,RID033,1978.4,72.0,1,No,9309.04,Medium,Delivered,2026-04
DEL01836,ORD009653,Ahmedabad,WH-KOL,RID040,328.0,13.79,0,Yes,1556.36,Low,Delivered,2026-03
DEL01837,ORD007808,Pune,WH-KOL,RID014,747.7,30.35,2,No,3116.71,Low,Delivered,2026-03
DEL01838,ORD000727,Bengaluru,WH-MUM,RID032,6.8,3.36,0,Yes,26.48,Medium,Delivered,2026-05
DEL01839,ORD006477,Hyderabad,WH-DEL,RID021,763.2,30.64,0,Yes,2833.94,Medium,Delivered,2026-05
DEL01840,ORD010689,Chennai,WH-KOL,RID023,1449.4,59.21,1,No,7678.32,Medium,Delivered,2026-07
DEL01841,ORD005259,Ahmedabad,WH-BLR,RID011,309.0,15.19,0,Yes,1101.3,Low,Delivered,2026-02
DEL01842,ORD006352,Delhi,WH-MUM,RID038,17.1,3.97,0,Yes,92.81,High,Delivered,2026-04
DEL01843,ORD002532,Pune,WH-KOL,RID027,627.1,26.03,0,Yes,2521.99,Medium,Delivered,2026-05
DEL01844,ORD001768,Mumbai,WH-BLR,RID019,13.6,2.81,0,Yes,56.81,Low,Delivered,2026-07
DEL01845,ORD001826,Bengaluru,WH-KOL,RID028,13.0,3.66,1,No,58.34,Medium,Delivered,2026-04
DEL01846,ORD003823,Hyderabad,WH-BLR,RID004,734.5,31.0,1,No,3580.6,High,Delivered,2026-03
DEL01847,ORD008928,Ahmedabad,WH-DEL,RID039,629.3,26.68,0,Yes,2317.15,High,Delivered,2026-06
DEL01848,ORD005985,Pune,WH-MUM,RID014,191.0,11.32,0,Yes,979.44,Low,Delivered,2026-06
DEL01849,ORD007503,Hyderabad,WH-MUM,RID001,300.6,13.86,4,No,1489.41,High,Delivered,2026-05
DEL01850,ORD010750,Mumbai,WH-DEL,RID036,9.9,0.5,0,Yes,44.92,Low,Delivered,2026-05
DEL01851,ORD007943,Hyderabad,WH-BLR,RID011,304.9,14.33,0,Yes,1391.9,Medium,Delivered,2026-06
DEL01852,ORD007929,Kolkata,WH-DEL,RID030,12.6,3.05,2,No,44.54,High,Delivered,2026-04
DEL01853,ORD002749,Pune,WH-MUM,RID019,293.5,14.81,4,No,1294.59,High,Delivered,2026-05
DEL01854,ORD008688,Pune,WH-BLR,RID014,803.6,34.85,0,Yes,3342.79,Low,Delivered,2026-03
DEL01855,ORD000789,Pune,WH-MUM,RID027,350.1,16.41,4,No,1501.8,Low,Delivered,2026-05
DEL01856,ORD008955,Chennai,WH-BLR,RID016,978.5,40.3,0,Yes,5302.11,Medium,Delivered,2026-04
DEL01857,ORD004054,Hyderabad,WH-MUM,RID033,778.4,34.69,4,No,4075.48,High,Delivered,2026-06
DEL01858,ORD009142,Chennai,WH-MUM,RID021,2095.3,72.0,4,No,9636.32,High,Delivered,2026-04
DEL01859,ORD003487,Bengaluru,WH-BLR,RID004,10.7,3.25,0,Yes,43.07,High,Delivered,2026-02
DEL01860,ORD011021,Chennai,WH-MUM,RID007,1067.6,45.57,1,No,4339.33,Low,Delivered,2026-04
DEL01861,ORD004796,Bengaluru,WH-BLR,RID021,11.5,3.07,0,Yes,56.86,Low,Delivered,2026-04
DEL01862,ORD008898,Bengaluru,WH-BLR,RID020,5.8,1.85,4,No,30.94,High,Delivered Late,2026-05
DEL01863,ORD005833,Mumbai,WH-MUM,RID033,7.7,3.73,0,Yes,28.36,Medium,Delivered Late,2026-03
DEL01864,ORD008515,Kolkata,WH-BLR,RID015,8.3,2.43,1,No,44.12,Medium,Delivered Late,2026-04
DEL01865,ORD006860,Kolkata,WH-BLR,RID006,16.3,2.94,4,No,74.26,Low,Delivered,2026-05
DEL01866,ORD010371,Bengaluru,WH-MUM,RID008,12.2,3.3,1,No,43.19,Medium,Delivered,2026-04
DEL01867,ORD011416,Hyderabad,WH-BLR,RID018,282.6,13.22,1,No,1025.27,High,Delivered,2026-06
DEL01868,ORD005480,Delhi,WH-BLR,RID040,8.2,3.39,4,No,41.38,High,Delivered,2026-07
DEL01869,ORD007725,Chennai,WH-MUM,RID012,1358.6,56.69,0,Yes,6329.18,High,Delivered,2026-05
DEL01870,ORD006657,Ahmedabad,WH-KOL,RID008,803.2,33.75,4,No,3319.41,Medium,Delivered,2026-03
DEL01871,ORD002094,Delhi,WH-BLR,RID011,9.0,2.91,1,No,43.64,Low,Delivered,2026-05
DEL01872,ORD011224,Ahmedabad,WH-KOL,RID033,401.9,17.08,0,Yes,1973.63,High,Delivered,2026-02
DEL01873,ORD003400,Kolkata,WH-BLR,RID012,15.1,2.77,2,No,82.35,Low,Delivered,2026-04
DEL01874,ORD000953,Kolkata,WH-BLR,RID019,13.8,2.34,0,Yes,57.7,High,Delivered,2026-06
DEL01875,ORD004424,Chennai,WH-MUM,RID004,1396.9,58.61,1,No,6850.16,Low,Delivered,2026-02
DEL01876,ORD002659,Delhi,WH-MUM,RID032,8.4,3.1,1,No,38.97,High,Delivered,2026-05
DEL01877,ORD000852,Hyderabad,WH-DEL,RID005,597.1,25.29,1,No,3003.66,Low,RTO,2026-07
DEL01878,ORD006502,Mumbai,WH-KOL,RID025,17.5,1.9,1,No,94.6,Low,Delivered,2026-02
DEL01879,ORD005222,Hyderabad,WH-KOL,RID038,263.8,13.94,2,No,940.57,Low,Delivered,2026-06
DEL01880,ORD002308,Delhi,WH-KOL,RID031,17.8,4.36,4,No,77.45,Medium,Delivered,2026-03
DEL01881,ORD010479,Mumbai,WH-KOL,RID032,7.1,4.89,1,No,27.76,High,Delivered,2026-03
DEL01882,ORD011378,Mumbai,WH-KOL,RID039,16.6,2.28,0,Yes,78.24,Medium,Delivered,2026-03
DEL01883,ORD009868,Bengaluru,WH-BLR,RID007,17.2,2.11,1,No,87.61,Low,Delivered Late,2026-05
DEL01884,ORD008199,Bengaluru,WH-BLR,RID024,5.8,1.21,1,No,30.67,Low,Delivered,2026-04
DEL01885,ORD001350,Ahmedabad,WH-MUM,RID022,376.9,16.9,1,No,1916.15,Low,Delivered,2026-07
DEL01886,ORD003336,Pune,WH-MUM,RID031,287.7,11.99,0,Yes,1399.65,High,Delivered,2026-07
DEL01887,ORD008461,Chennai,WH-BLR,RID031,1103.7,45.71,0,Yes,4397.74,Medium,Delivered,2026-07
DEL01888,ORD009874,Hyderabad,WH-MUM,RID010,634.1,27.47,2,No,3154.23,High,Delivered,2026-04
DEL01889,ORD001154,Mumbai,WH-BLR,RID013,9.2,0.7,1,No,38.81,Low,Delivered,2026-05
DEL01890,ORD004509,Bengaluru,WH-MUM,RID020,14.8,2.72,1,No,65.32,High,Delivered,2026-05
DEL01891,ORD007794,Bengaluru,WH-MUM,RID003,6.4,3.33,0,Yes,33.14,Low,Delivered,2026-05
DEL01892,ORD008420,Ahmedabad,WH-MUM,RID038,342.5,16.06,1,No,1589.98,Low,Delivered,2026-02
DEL01893,ORD009888,Mumbai,WH-MUM,RID020,10.6,3.22,0,Yes,51.2,Medium,Delivered,2026-07
DEL01894,ORD010278,Ahmedabad,WH-DEL,RID023,432.2,18.48,1,No,2289.88,Low,Delivered,2026-03
DEL01895,ORD002189,Mumbai,WH-KOL,RID035,16.0,1.07,0,Yes,66.7,Medium,Delivered,2026-05
DEL01896,ORD000166,Mumbai,WH-MUM,RID038,10.7,3.51,1,No,41.85,High,Delivered,2026-03
DEL01897,ORD010285,Mumbai,WH-BLR,RID012,12.9,2.82,1,No,64.22,Medium,Delivered,2026-04
DEL01898,ORD005932,Mumbai,WH-MUM,RID026,9.6,2.22,0,Yes,44.38,Medium,Delivered,2026-03
DEL01899,ORD003432,Bengaluru,WH-MUM,RID023,17.3,2.66,0,Yes,83.33,Medium,Delivered,2026-07
DEL01900,ORD000044,Mumbai,WH-KOL,RID028,5.8,1.17,1,No,31.59,Medium,Delivered,2026-02
DEL01901,ORD009137,Mumbai,WH-MUM,RID007,8.4,2.65,1,No,45.32,Low,Delivered,2026-02
DEL01902,ORD011119,Kolkata,WH-BLR,RID007,6.3,2.54,2,No,25.17,Medium,Delivered,2026-03
DEL01903,ORD000955,Ahmedabad,WH-DEL,RID007,271.5,13.13,2,No,1207.28,Medium,Delivered,2026-05
DEL01904,ORD005062,Chennai,WH-KOL,RID005,1278.0,52.67,0,Yes,5572.47,Medium,Delivered,2026-04
DEL01905,ORD006263,Delhi,WH-KOL,RID031,10.6,2.83,0,Yes,54.93,Medium,Delivered,2026-05
DEL01906,ORD002603,Mumbai,WH-BLR,RID028,5.5,2.54,0,Yes,21.88,Medium,Delivered,2026-02
DEL01907,ORD008930,Mumbai,WH-MUM,RID010,11.1,2.73,4,No,40.45,Medium,Delivered,2026-05
DEL01908,ORD007603,Hyderabad,WH-DEL,RID020,577.2,25.04,2,No,2898.11,Low,Delivered,2026-03
DEL01909,ORD006877,Chennai,WH-DEL,RID014,1107.7,46.23,0,Yes,5975.89,High,Delivered,2026-07
DEL01910,ORD006678,Ahmedabad,WH-BLR,RID027,260.2,12.13,4,No,967.36,Low,Delivered,2026-05
DEL01911,ORD010718,Pune,WH-KOL,RID037,221.5,10.95,0,Yes,782.18,High,Delivered Late,2026-08
DEL01912,ORD001455,Chennai,WH-BLR,RID021,907.5,36.83,2,No,4617.3,Medium,Delivered,2026-03
DEL01913,ORD006757,Bengaluru,WH-BLR,RID026,14.5,2.61,4,No,76.33,Medium,Delivered,2026-03
DEL01914,ORD009088,Bengaluru,WH-BLR,RID023,7.1,2.07,0,Yes,31.39,Low,Delivered,2026-02
DEL01915,ORD010881,Ahmedabad,WH-MUM,RID020,660.4,30.03,0,Yes,3056.3,Medium,RTO,2026-05
DEL01916,ORD011168,Ahmedabad,WH-MUM,RID025,499.4,20.89,0,Yes,2248.13,Low,Delivered,2026-04
DEL01917,ORD000061,Ahmedabad,WH-DEL,RID021,613.7,25.24,1,No,3012.95,High,Delivered,2026-05
DEL01918,ORD008290,Delhi,WH-KOL,RID001,14.0,1.88,0,Yes,68.19,Medium,Delivered,2026-03
DEL01919,ORD005639,Mumbai,WH-DEL,RID010,10.5,2.68,0,Yes,37.96,Medium,Delivered,2026-04
DEL01920,ORD000663,Mumbai,WH-MUM,RID018,11.9,2.23,1,No,52.84,Medium,Delivered Late,2026-06
DEL01921,ORD006751,Chennai,WH-MUM,RID019,1556.6,62.53,4,No,6214.18,High,Delivered,2026-03
DEL01922,ORD010475,Pune,WH-MUM,RID006,820.5,33.51,1,No,3411.65,Medium,Delivered,2026-07
DEL01923,ORD005077,Hyderabad,WH-KOL,RID029,370.5,17.93,0,Yes,1652.05,High,Delivered,2026-02
DEL01924,ORD004361,Kolkata,WH-KOL,RID006,5.9,4.2,0,Yes,24.5,Low,Delivered,2026-06
DEL01925,ORD000621,Hyderabad,WH-MUM,RID023,567.3,25.24,4,No,2158.4,Medium,Delivered Late,2026-05
DEL01926,ORD010148,Chennai,WH-BLR,RID015,1874.4,72.0,0,Yes,7817.34,Low,RTO,2026-07
DEL01927,ORD001867,Ahmedabad,WH-MUM,RID029,598.6,26.15,1,No,3024.79,High,Delivered,2026-03
DEL01928,ORD004604,Mumbai,WH-MUM,RID017,7.4,1.52,1,No,35.12,Medium,Delivered,2026-07
DEL01929,ORD003811,Hyderabad,WH-BLR,RID030,197.7,11.2,1,No,798.01,Medium,Delivered,2026-05
DEL01930,ORD011005,Ahmedabad,WH-DEL,RID024,727.8,32.68,0,Yes,3768.74,High,Delivered,2026-06
DEL01931,ORD003866,Delhi,WH-BLR,RID013,14.2,1.83,4,No,75.82,High,Delivered,2026-07
DEL01932,ORD004080,Bengaluru,WH-DEL,RID038,13.5,3.02,0,Yes,54.3,Low,Delivered,2026-07
DEL01933,ORD002592,Mumbai,WH-MUM,RID027,11.7,2.01,1,No,58.85,Low,Delivered,2026-04
DEL01934,ORD004978,Chennai,WH-BLR,RID001,1182.8,49.88,1,No,4220.67,Medium,Delivered,2026-07
DEL01935,ORD000297,Pune,WH-KOL,RID022,183.1,9.01,0,Yes,989.8,High,Delivered,2026-07
DEL01936,ORD000412,Mumbai,WH-KOL,RID030,14.0,1.81,0,Yes,50.84,Low,Delivered,2026-05
DEL01937,ORD001127,Delhi,WH-MUM,RID014,6.6,2.5,0,Yes,34.78,Medium,Delivered,2026-06
DEL01938,ORD001852,Delhi,WH-DEL,RID031,18.0,1.34,0,Yes,82.38,Low,Delivered,2026-07
DEL01939,ORD003734,Pune,WH-KOL,RID015,650.6,28.0,0,Yes,2704.74,High,Delivered,2026-07
DEL01940,ORD008550,Hyderabad,WH-DEL,RID023,574.6,24.74,0,Yes,3140.78,High,Delivered,2026-07
DEL01941,ORD005314,Ahmedabad,WH-BLR,RID040,319.3,15.39,0,Yes,1611.49,Medium,Delivered,2026-07
DEL01942,ORD011524,Ahmedabad,WH-BLR,RID001,795.3,34.02,2,No,3952.03,Low,Delivered,2026-03
DEL01943,ORD006828,Ahmedabad,WH-MUM,RID033,350.7,16.06,4,No,1709.6,Medium,Delivered,2026-04
DEL01944,ORD004059,Bengaluru,WH-KOL,RID009,11.0,3.33,0,Yes,52.94,Medium,Delivered,2026-05
DEL01945,ORD004641,Hyderabad,WH-MUM,RID028,590.6,26.41,0,Yes,2812.92,Medium,Delivered,2026-07
DEL01946,ORD009335,Mumbai,WH-MUM,RID001,4.6,3.03,0,Yes,23.58,Low,Delivered,2026-06
DEL01947,ORD010930,Delhi,WH-MUM,RID027,6.0,1.2,1,No,23.63,High,Delivered,2026-06
DEL01948,ORD008887,Mumbai,WH-MUM,RID023,14.4,3.24,2,No,53.76,Medium,Delivered,2026-05
DEL01949,ORD003975,Delhi,WH-KOL,RID039,16.0,4.18,0,Yes,73.03,Medium,Delivered,2026-06
DEL01950,ORD003405,Hyderabad,WH-BLR,RID011,182.0,7.63,1,No,963.95,Low,Delivered Late,2026-04
DEL01951,ORD007654,Chennai,WH-MUM,RID006,939.6,38.34,1,No,4417.79,High,Delivered,2026-08
DEL01952,ORD002746,Mumbai,WH-MUM,RID013,16.9,4.5,2,No,79.82,High,Delivered,2026-06
DEL01953,ORD010511,Bengaluru,WH-KOL,RID009,6.2,2.67,1,No,31.32,High,Delivered,2026-04
DEL01954,ORD000642,Kolkata,WH-MUM,RID035,8.2,1.71,1,No,39.94,High,Delivered,2026-02
DEL01955,ORD001571,Kolkata,WH-MUM,RID034,5.6,0.98,2,No,21.31,Low,Delivered,2026-06
DEL01956,ORD007978,Kolkata,WH-BLR,RID001,9.5,1.73,0,Yes,37.57,Low,Delivered,2026-05
DEL01957,ORD000516,Ahmedabad,WH-BLR,RID032,758.1,30.26,0,Yes,3176.34,High,Delivered,2026-04
DEL01958,ORD005320,Hyderabad,WH-BLR,RID036,871.2,37.18,1,No,4529.72,Low,Delivered,2026-05
DEL01959,ORD008397,Delhi,WH-BLR,RID036,10.9,3.33,1,No,53.15,Low,Delivered,2026-06
DEL01960,ORD009997,Pune,WH-BLR,RID034,194.3,11.14,0,Yes,955.36,Medium,Delivered,2026-06
DEL01961,ORD002760,Delhi,WH-DEL,RID035,5.1,0.5,0,Yes,20.56,High,Delivered,2026-05
DEL01962,ORD007150,Pune,WH-BLR,RID024,224.7,11.55,0,Yes,1084.77,High,Delivered,2026-06
DEL01963,ORD007819,Chennai,WH-MUM,RID006,971.9,40.95,0,Yes,4692.43,Medium,RTO,2026-02
DEL01964,ORD000791,Pune,WH-MUM,RID002,704.7,30.94,0,Yes,3561.07,Medium,Delivered,2026-05
DEL01965,ORD001367,Mumbai,WH-MUM,RID007,6.1,0.5,4,No,33.1,Low,Delivered,2026-05
DEL01966,ORD008582,Hyderabad,WH-MUM,RID027,640.0,27.57,0,Yes,3367.48,Medium,Delivered,2026-03
DEL01967,ORD000128,Kolkata,WH-KOL,RID011,9.0,1.27,0,Yes,43.38,Medium,Delivered,2026-07
DEL01968,ORD009176,Ahmedabad,WH-MUM,RID031,355.1,15.12,0,Yes,1653.01,Medium,Delivered,2026-04
DEL01969,ORD011067,Bengaluru,WH-KOL,RID013,7.5,4.11,1,No,40.5,High,Delivered,2026-08
DEL01970,ORD007683,Pune,WH-MUM,RID007,617.4,28.36,0,Yes,2630.71,High,Delivered,2026-02
DEL01971,ORD008410,Hyderabad,WH-MUM,RID007,634.7,27.58,2,No,2795.57,Medium,Delivered,2026-02
DEL01972,ORD010292,Hyderabad,WH-BLR,RID038,853.6,34.12,2,No,3388.11,Medium,Delivered,2026-03
DEL01973,ORD002468,Bengaluru,WH-MUM,RID016,17.1,2.01,0,Yes,85.46,Medium,Delivered,2026-05
DEL01974,ORD007832,Ahmedabad,WH-BLR,RID013,371.0,18.66,0,Yes,1702.72,Medium,Delivered,2026-07
DEL01975,ORD001739,Pune,WH-KOL,RID030,492.3,21.49,0,Yes,2149.42,High,Delivered,2026-02
DEL01976,ORD010527,Pune,WH-KOL,RID003,601.3,24.89,2,No,2380.26,Low,Delivered,2026-02
DEL01977,ORD005237,Delhi,WH-MUM,RID026,15.7,2.77,1,No,69.38,Medium,Delivered Late,2026-04
DEL01978,ORD007876,Ahmedabad,WH-MUM,RID030,169.3,8.68,0,Yes,801.17,High,Delivered,2026-05
DEL01979,ORD005120,Kolkata,WH-MUM,RID033,12.1,1.39,0,Yes,59.3,Low,Delivered,2026-03
DEL01980,ORD003545,Hyderabad,WH-KOL,RID039,287.2,12.83,0,Yes,1525.31,Medium,Delivered,2026-06
DEL01981,ORD000604,Delhi,WH-DEL,RID003,13.3,1.15,0,Yes,57.32,Low,Delivered,2026-02
DEL01982,ORD002730,Bengaluru,WH-MUM,RID010,8.6,4.78,2,No,35.38,Low,Delivered,2026-04
DEL01983,ORD000524,Chennai,WH-BLR,RID001,1118.1,45.89,0,Yes,5591.79,High,Delivered,2026-02
DEL01984,ORD010990,Chennai,WH-MUM,RID005,1652.3,67.58,0,Yes,7135.29,High,Delivered,2026-05
DEL01985,ORD005553,Pune,WH-MUM,RID037,627.1,26.74,0,Yes,2967.33,High,Delivered,2026-07
DEL01986,ORD003953,Ahmedabad,WH-BLR,RID020,387.9,18.22,2,No,1869.34,Low,Delivered,2026-05
DEL01987,ORD008275,Bengaluru,WH-BLR,RID014,4.9,0.5,0,Yes,17.5,Medium,Delivered,2026-03
DEL01988,ORD002310,Chennai,WH-MUM,RID014,1598.3,65.85,0,Yes,7997.42,Medium,Delivered,2026-07
DEL01989,ORD011167,Kolkata,WH-BLR,RID008,17.7,2.84,1,No,94.44,Low,Delivered,2026-04
DEL01990,ORD009185,Kolkata,WH-MUM,RID005,4.9,2.64,0,Yes,18.87,High,Delivered,2026-06
DEL01991,ORD009852,Pune,WH-BLR,RID009,377.5,17.25,0,Yes,1829.67,Low,Delivered,2026-03
DEL01992,ORD008033,Pune,WH-KOL,RID003,435.8,18.38,0,Yes,2035.22,High,Delivered,2026-07
DEL01993,ORD006110,Chennai,WH-MUM,RID017,1751.6,71.96,1,No,6982.89,Low,Delivered,2026-04
DEL01994,ORD005334,Bengaluru,WH-KOL,RID001,11.4,2.99,1,No,43.36,High,Delivered Late,2026-04
DEL01995,ORD003991,Hyderabad,WH-KOL,RID028,309.9,14.45,0,Yes,1172.62,Low,Delivered Late,2026-06
DEL01996,ORD004966,Bengaluru,WH-MUM,RID028,16.6,2.58,2,No,58.29,Medium,Delivered,2026-04
DEL01997,ORD003427,Mumbai,WH-BLR,RID017,13.4,3.96,1,No,57.27,Medium,Delivered,2026-02
DEL01998,ORD010507,Kolkata,WH-BLR,RID021,18.0,3.54,1,No,78.73,Low,Delivered,2026-05
DEL01999,ORD002703,Bengaluru,WH-DEL,RID026,5.2,1.54,0,Yes,23.58,Low,Delivered,2026-03
DEL02000,ORD005925,Chennai,WH-BLR,RID019,1429.2,58.87,1,No,7845.44,Medium,Delivered,2026-03
