Txn_ID,Txn_Date,SKU,Warehouse_ID,Txn_Type,Quantity,Unit_Cost
INV00001,2026-02-22,SKU00141,WH-BLR,Inbound,174,1331.57
INV00002,2026-04-30,SKU00227,WH-MUM,Outbound,32,155.78
INV00003,2026-04-13,SKU00039,WH-MUM,Inbound,559,9834.23
INV00004,2026-06-04,SKU00033,WH-KOL,Inbound,249,1276.72
INV00005,2026-05-26,SKU00144,WH-BLR,Inbound,221,875.3
INV00006,2026-06-26,SKU00475,WH-BLR,Outbound,19,6589.98
INV00007,2026-07-13,SKU00138,WH-MUM,Outbound,18,9387.59
INV00008,2026-02-05,SKU00080,WH-KOL,Outbound,32,6023.78
INV00009,2026-06-20,SKU00491,WH-MUM,Outbound,30,3122.09
INV00010,2026-07-26,SKU00410,WH-KOL,Outbound,18,1875.94
INV00011,2026-06-18,SKU00291,WH-DEL,Inbound,636,9410.52
INV00012,2026-07-30,SKU00399,WH-DEL,Outbound,21,6880.47
INV00013,2026-05-17,SKU00349,WH-DEL,Outbound,6,7214.46
INV00014,2026-02-23,SKU00402,WH-MUM,Inbound,469,1387.1
INV00015,2026-04-18,SKU00396,WH-BLR,Outbound,17,5350.41
INV00016,2026-03-22,SKU00343,WH-MUM,Outbound,50,2347.38
INV00017,2026-07-17,SKU00316,WH-MUM,Outbound,27,2498.51
INV00018,2026-07-28,SKU00076,WH-MUM,Inbound,94,2157.69
INV00019,2026-02-07,SKU00144,WH-BLR,Outbound,50,875.3
INV00020,2026-03-27,SKU00120,WH-KOL,Outbound,25,3821.05
INV00021,2026-02-06,SKU00294,WH-BLR,Inbound,537,1140.9
INV00022,2026-07-09,SKU00188,WH-DEL,Outbound,28,5522.04
INV00023,2026-07-06,SKU00013,WH-MUM,Inbound,455,1784.82
INV00024,2026-02-13,SKU00315,WH-BLR,Inbound,377,1700.11
INV00025,2026-07-09,SKU00197,WH-MUM,Inbound,71,4238.42
INV00026,2026-02-13,SKU00228,WH-BLR,Inbound,146,5278.75
INV00027,2026-03-16,SKU00063,WH-MUM,Outbound,53,10724.93
INV00028,2026-03-14,SKU00348,WH-BLR,Inbound,58,9937.94
INV00029,2026-04-28,SKU00019,WH-KOL,Inbound,307,9568.66
INV00030,2026-06-03,SKU00184,WH-KOL,Outbound,9,748.55
INV00031,2026-03-25,SKU00313,WH-KOL,Inbound,411,1079.2
INV00032,2026-07-23,SKU00039,WH-MUM,Outbound,53,9834.23
INV00033,2026-04-18,SKU00340,WH-KOL,Outbound,6,1389.69
INV00034,2026-03-24,SKU00009,WH-BLR,Outbound,37,1444.57
INV00035,2026-05-07,SKU00355,WH-BLR,Inbound,197,8423.07
INV00036,2026-02-19,SKU00253,WH-MUM,Inbound,325,11334.19
INV00037,2026-06-28,SKU00160,WH-KOL,Inbound,87,11066.49
INV00038,2026-05-12,SKU00227,WH-MUM,Inbound,677,155.78
INV00039,2026-02-09,SKU00105,WH-BLR,Outbound,52,205.15
INV00040,2026-05-20,SKU00220,WH-MUM,Outbound,3,4706.79
INV00041,2026-06-05,SKU00446,WH-MUM,Inbound,595,1215.99
INV00042,2026-06-13,SKU00168,WH-MUM,Inbound,613,867.2
INV00043,2026-02-16,SKU00491,WH-MUM,Inbound,635,3122.09
INV00044,2026-02-23,SKU00366,WH-BLR,Outbound,30,2401.22
INV00045,2026-07-30,SKU00416,WH-BLR,Outbound,32,7491.99
INV00046,2026-04-25,SKU00418,WH-MUM,Outbound,52,1493.1
INV00047,2026-05-01,SKU00482,WH-MUM,Outbound,36,1836.71
INV00048,2026-02-08,SKU00037,WH-MUM,Inbound,775,2029.84
INV00049,2026-05-13,SKU00094,WH-DEL,Inbound,426,575.1
INV00050,2026-05-28,SKU00484,WH-BLR,Outbound,4,1498.14
INV00051,2026-05-25,SKU00398,WH-DEL,Inbound,143,1619.31
INV00052,2026-07-27,SKU00204,WH-KOL,Outbound,40,820.72
INV00053,2026-07-16,SKU00067,WH-BLR,Inbound,692,951.37
INV00054,2026-07-25,SKU00083,WH-KOL,Outbound,24,6849.78
INV00055,2026-03-02,SKU00115,WH-BLR,Outbound,15,8987.46
INV00056,2026-04-03,SKU00163,WH-MUM,Outbound,10,1911.13
INV00057,2026-05-01,SKU00043,WH-MUM,Outbound,24,1179.69
INV00058,2026-05-01,SKU00460,WH-KOL,Inbound,382,1735.11
INV00059,2026-04-17,SKU00430,WH-DEL,Outbound,28,11221.42
INV00060,2026-05-09,SKU00445,WH-KOL,Outbound,24,126.16
INV00061,2026-07-06,SKU00015,WH-DEL,Outbound,18,7048.89
INV00062,2026-02-20,SKU00219,WH-KOL,Inbound,333,802.72
INV00063,2026-04-23,SKU00049,WH-BLR,Inbound,241,366.94
INV00064,2026-06-13,SKU00307,WH-MUM,Outbound,15,1107.62
INV00065,2026-05-11,SKU00175,WH-MUM,Outbound,59,9741.4
INV00066,2026-04-03,SKU00046,WH-BLR,Inbound,688,1426.46
INV00067,2026-05-16,SKU00472,WH-MUM,Inbound,582,11162.84
INV00068,2026-05-09,SKU00175,WH-MUM,Outbound,20,9741.4
INV00069,2026-03-05,SKU00358,WH-MUM,Inbound,724,408.77
INV00070,2026-04-09,SKU00413,WH-MUM,Outbound,54,5304.73
INV00071,2026-07-15,SKU00119,WH-BLR,Outbound,29,639.85
INV00072,2026-04-19,SKU00246,WH-KOL,Inbound,567,2079.08
INV00073,2026-04-24,SKU00162,WH-BLR,Outbound,27,1919.05
INV00074,2026-06-15,SKU00029,WH-MUM,Outbound,29,10530.39
INV00075,2026-04-26,SKU00133,WH-DEL,Outbound,1,1838.05
INV00076,2026-05-01,SKU00132,WH-KOL,Outbound,12,1623.52
INV00077,2026-07-16,SKU00341,WH-BLR,Outbound,8,166.31
INV00078,2026-05-18,SKU00487,WH-KOL,Inbound,309,2169.7
INV00079,2026-03-05,SKU00484,WH-BLR,Inbound,55,1498.14
INV00080,2026-02-09,SKU00288,WH-BLR,Outbound,12,2081.82
INV00081,2026-04-22,SKU00156,WH-MUM,Outbound,51,7355.2
INV00082,2026-05-06,SKU00127,WH-KOL,Outbound,1,479.88
INV00083,2026-03-25,SKU00065,WH-MUM,Outbound,29,2082.57
INV00084,2026-07-27,SKU00323,WH-BLR,Outbound,18,499.13
INV00085,2026-07-11,SKU00350,WH-BLR,Outbound,56,2294.26
INV00086,2026-04-08,SKU00301,WH-MUM,Outbound,21,1418.75
INV00087,2026-04-07,SKU00239,WH-BLR,Outbound,9,631.96
INV00088,2026-05-06,SKU00124,WH-BLR,Outbound,28,9532.62
INV00089,2026-06-09,SKU00348,WH-BLR,Outbound,1,9937.94
INV00090,2026-03-04,SKU00440,WH-BLR,Inbound,333,905.06
INV00091,2026-04-10,SKU00427,WH-MUM,Outbound,33,166.09
INV00092,2026-03-06,SKU00182,WH-DEL,Outbound,59,10232.53
INV00093,2026-07-05,SKU00379,WH-MUM,Inbound,744,4206.88
INV00094,2026-07-08,SKU00453,WH-BLR,Outbound,33,1075.54
INV00095,2026-05-21,SKU00265,WH-DEL,Outbound,16,6237.57
INV00096,2026-04-25,SKU00069,WH-KOL,Inbound,512,4763.58
INV00097,2026-02-05,SKU00458,WH-MUM,Inbound,521,4799.28
INV00098,2026-03-10,SKU00202,WH-BLR,Outbound,35,3409.91
INV00099,2026-05-07,SKU00133,WH-DEL,Outbound,12,1838.05
INV00100,2026-05-07,SKU00347,WH-DEL,Outbound,48,757.27
INV00101,2026-02-23,SKU00343,WH-MUM,Outbound,7,2347.38
INV00102,2026-06-17,SKU00160,WH-KOL,Inbound,331,11066.49
INV00103,2026-04-21,SKU00221,WH-MUM,Inbound,384,6302.0
INV00104,2026-05-24,SKU00251,WH-MUM,Inbound,648,8829.48
INV00105,2026-03-23,SKU00205,WH-DEL,Inbound,395,9692.27
INV00106,2026-05-07,SKU00220,WH-MUM,Outbound,59,4706.79
INV00107,2026-07-26,SKU00300,WH-KOL,Outbound,54,2270.99
INV00108,2026-05-31,SKU00169,WH-BLR,Outbound,29,9131.35
INV00109,2026-07-10,SKU00072,WH-MUM,Outbound,43,6769.78
INV00110,2026-06-08,SKU00301,WH-MUM,Inbound,430,1418.75
INV00111,2026-03-07,SKU00048,WH-KOL,Inbound,338,315.62
INV00112,2026-05-14,SKU00261,WH-DEL,Inbound,386,7060.4
INV00113,2026-06-17,SKU00179,WH-MUM,Inbound,73,1072.27
INV00114,2026-03-28,SKU00151,WH-BLR,Outbound,16,929.95
INV00115,2026-02-26,SKU00406,WH-KOL,Outbound,37,10375.09
INV00116,2026-06-21,SKU00478,WH-KOL,Outbound,10,2079.08
INV00117,2026-05-27,SKU00286,WH-KOL,Inbound,453,11666.17
INV00118,2026-05-31,SKU00146,WH-BLR,Inbound,157,11346.17
INV00119,2026-04-17,SKU00459,WH-DEL,Inbound,685,10412.76
INV00120,2026-02-16,SKU00416,WH-BLR,Outbound,24,7491.99
INV00121,2026-05-02,SKU00190,WH-KOL,Outbound,42,1523.36
INV00122,2026-05-01,SKU00380,WH-BLR,Inbound,194,380.87
INV00123,2026-07-10,SKU00178,WH-DEL,Inbound,565,10878.35
INV00124,2026-02-22,SKU00395,WH-BLR,Inbound,664,1053.28
INV00125,2026-04-22,SKU00337,WH-BLR,Outbound,59,2248.76
INV00126,2026-05-04,SKU00481,WH-MUM,Outbound,45,1046.17
INV00127,2026-03-09,SKU00400,WH-BLR,Outbound,9,8201.96
INV00128,2026-06-15,SKU00214,WH-BLR,Outbound,20,8639.3
INV00129,2026-05-04,SKU00099,WH-BLR,Outbound,7,832.36
INV00130,2026-03-11,SKU00318,WH-DEL,Outbound,29,8028.65
INV00131,2026-05-18,SKU00130,WH-BLR,Outbound,40,2485.49
INV00132,2026-07-15,SKU00354,WH-BLR,Outbound,57,8745.97
INV00133,2026-03-12,SKU00099,WH-BLR,Outbound,37,832.36
INV00134,2026-05-24,SKU00142,WH-MUM,Outbound,50,912.52
INV00135,2026-02-26,SKU00154,WH-KOL,Inbound,629,4016.0
INV00136,2026-05-23,SKU00380,WH-BLR,Inbound,422,380.87
INV00137,2026-06-12,SKU00065,WH-MUM,Outbound,34,2082.57
INV00138,2026-06-13,SKU00430,WH-DEL,Outbound,10,11221.42
INV00139,2026-03-28,SKU00474,WH-KOL,Inbound,708,7851.39
INV00140,2026-07-01,SKU00149,WH-BLR,Inbound,639,543.76
INV00141,2026-05-29,SKU00486,WH-MUM,Outbound,11,837.97
INV00142,2026-07-04,SKU00008,WH-BLR,Outbound,54,2301.12
INV00143,2026-03-28,SKU00373,WH-BLR,Outbound,37,812.5
INV00144,2026-05-12,SKU00245,WH-BLR,Outbound,25,1235.46
INV00145,2026-03-11,SKU00345,WH-KOL,Outbound,7,5493.81
INV00146,2026-06-25,SKU00449,WH-BLR,Outbound,56,730.36
INV00147,2026-02-20,SKU00098,WH-KOL,Inbound,310,10029.72
INV00148,2026-05-14,SKU00216,WH-BLR,Inbound,612,920.15
INV00149,2026-07-20,SKU00078,WH-KOL,Outbound,31,1533.87
INV00150,2026-03-20,SKU00480,WH-BLR,Inbound,239,2279.72
INV00151,2026-06-08,SKU00042,WH-DEL,Inbound,567,366.12
INV00152,2026-02-18,SKU00109,WH-KOL,Inbound,391,2319.81
INV00153,2026-02-18,SKU00048,WH-KOL,Outbound,18,315.62
INV00154,2026-04-15,SKU00351,WH-DEL,Inbound,91,1742.09
INV00155,2026-02-17,SKU00299,WH-KOL,Outbound,48,5950.16
INV00156,2026-02-23,SKU00011,WH-KOL,Inbound,502,4389.51
INV00157,2026-02-28,SKU00070,WH-MUM,Inbound,140,758.25
INV00158,2026-03-12,SKU00034,WH-BLR,Inbound,62,1790.1
INV00159,2026-04-30,SKU00455,WH-DEL,Inbound,245,1331.76
INV00160,2026-02-22,SKU00078,WH-KOL,Outbound,50,1533.87
INV00161,2026-04-23,SKU00195,WH-BLR,Inbound,100,2145.91
INV00162,2026-05-03,SKU00249,WH-MUM,Inbound,606,1814.53
INV00163,2026-06-05,SKU00016,WH-BLR,Outbound,32,173.77
INV00164,2026-05-16,SKU00400,WH-BLR,Inbound,295,8201.96
INV00165,2026-05-26,SKU00450,WH-MUM,Inbound,330,8498.43
INV00166,2026-03-05,SKU00364,WH-MUM,Inbound,354,298.52
INV00167,2026-06-28,SKU00446,WH-MUM,Outbound,53,1215.99
INV00168,2026-03-05,SKU00291,WH-DEL,Inbound,397,9410.52
INV00169,2026-04-01,SKU00079,WH-BLR,Outbound,45,4863.08
INV00170,2026-03-05,SKU00318,WH-DEL,Inbound,632,8028.65
INV00171,2026-07-07,SKU00398,WH-DEL,Outbound,7,1619.31
INV00172,2026-05-29,SKU00391,WH-MUM,Outbound,29,874.84
INV00173,2026-05-26,SKU00103,WH-KOL,Inbound,395,1142.88
INV00174,2026-03-18,SKU00103,WH-KOL,Outbound,11,1142.88
INV00175,2026-03-13,SKU00122,WH-BLR,Outbound,31,10686.17
INV00176,2026-03-19,SKU00199,WH-MUM,Inbound,568,1638.56
INV00177,2026-07-18,SKU00148,WH-BLR,Outbound,46,8543.4
INV00178,2026-05-04,SKU00032,WH-MUM,Inbound,440,4905.87
INV00179,2026-06-30,SKU00340,WH-KOL,Inbound,65,1389.69
INV00180,2026-06-21,SKU00312,WH-MUM,Outbound,32,1563.27
INV00181,2026-02-13,SKU00152,WH-MUM,Inbound,238,1595.73
INV00182,2026-06-01,SKU00096,WH-MUM,Outbound,21,5218.43
INV00183,2026-05-28,SKU00067,WH-BLR,Outbound,41,951.37
INV00184,2026-03-04,SKU00234,WH-MUM,Outbound,24,10361.57
INV00185,2026-05-03,SKU00114,WH-KOL,Inbound,597,8859.95
INV00186,2026-04-11,SKU00404,WH-DEL,Outbound,34,609.33
INV00187,2026-07-14,SKU00012,WH-BLR,Outbound,36,828.21
INV00188,2026-07-09,SKU00223,WH-KOL,Inbound,105,2179.94
INV00189,2026-04-10,SKU00021,WH-BLR,Outbound,33,1201.01
INV00190,2026-02-23,SKU00497,WH-KOL,Outbound,39,1676.27
INV00191,2026-03-31,SKU00493,WH-BLR,Inbound,65,558.06
INV00192,2026-06-26,SKU00478,WH-KOL,Outbound,8,2079.08
INV00193,2026-02-02,SKU00175,WH-MUM,Outbound,33,9741.4
INV00194,2026-03-21,SKU00256,WH-MUM,Inbound,529,483.82
INV00195,2026-03-18,SKU00357,WH-MUM,Inbound,263,825.85
INV00196,2026-05-27,SKU00003,WH-DEL,Outbound,12,1314.42
INV00197,2026-06-08,SKU00375,WH-BLR,Inbound,438,2972.67
INV00198,2026-03-02,SKU00018,WH-BLR,Inbound,299,8731.17
INV00199,2026-04-06,SKU00247,WH-BLR,Outbound,44,7998.99
INV00200,2026-05-22,SKU00093,WH-DEL,Inbound,340,450.31
INV00201,2026-07-30,SKU00431,WH-DEL,Outbound,35,9608.31
INV00202,2026-06-05,SKU00277,WH-MUM,Outbound,19,9601.1
INV00203,2026-07-23,SKU00309,WH-MUM,Inbound,208,1171.45
INV00204,2026-07-20,SKU00294,WH-BLR,Outbound,43,1140.9
INV00205,2026-06-10,SKU00453,WH-BLR,Inbound,298,1075.54
INV00206,2026-02-20,SKU00197,WH-MUM,Outbound,22,4238.42
INV00207,2026-05-03,SKU00300,WH-KOL,Inbound,300,2270.99
INV00208,2026-07-07,SKU00148,WH-BLR,Outbound,44,8543.4
INV00209,2026-04-19,SKU00034,WH-BLR,Inbound,377,1790.1
INV00210,2026-05-18,SKU00116,WH-MUM,Inbound,486,3552.65
INV00211,2026-04-20,SKU00092,WH-KOL,Outbound,53,3470.01
INV00212,2026-02-14,SKU00007,WH-MUM,Outbound,26,2329.44
INV00213,2026-06-15,SKU00194,WH-MUM,Outbound,31,1280.91
INV00214,2026-07-06,SKU00310,WH-BLR,Outbound,40,6386.15
INV00215,2026-04-07,SKU00452,WH-MUM,Inbound,778,323.23
INV00216,2026-07-30,SKU00019,WH-KOL,Outbound,28,9568.66
INV00217,2026-07-28,SKU00449,WH-BLR,Inbound,723,730.36
INV00218,2026-04-09,SKU00120,WH-KOL,Outbound,15,3821.05
INV00219,2026-05-25,SKU00197,WH-MUM,Inbound,480,4238.42
INV00220,2026-07-13,SKU00274,WH-KOL,Outbound,30,6759.66
INV00221,2026-06-09,SKU00113,WH-KOL,Inbound,376,1673.2
INV00222,2026-03-29,SKU00109,WH-KOL,Inbound,559,2319.81
INV00223,2026-07-11,SKU00162,WH-BLR,Outbound,47,1919.05
INV00224,2026-04-17,SKU00023,WH-KOL,Inbound,415,2516.42
INV00225,2026-07-06,SKU00258,WH-KOL,Inbound,597,2854.17
INV00226,2026-06-04,SKU00175,WH-MUM,Inbound,543,9741.4
INV00227,2026-05-25,SKU00158,WH-MUM,Outbound,13,9970.62
INV00228,2026-05-11,SKU00426,WH-MUM,Outbound,7,145.33
INV00229,2026-03-29,SKU00035,WH-BLR,Inbound,353,445.07
INV00230,2026-06-09,SKU00495,WH-BLR,Outbound,55,772.9
INV00231,2026-06-12,SKU00456,WH-BLR,Outbound,55,401.21
INV00232,2026-03-10,SKU00244,WH-DEL,Outbound,52,629.92
INV00233,2026-04-30,SKU00331,WH-KOL,Inbound,71,1764.17
INV00234,2026-07-13,SKU00239,WH-BLR,Outbound,39,631.96
INV00235,2026-02-11,SKU00419,WH-KOL,Outbound,12,440.1
INV00236,2026-05-02,SKU00052,WH-DEL,Inbound,308,1137.66
INV00237,2026-05-06,SKU00068,WH-MUM,Inbound,214,2170.13
INV00238,2026-05-17,SKU00315,WH-BLR,Outbound,49,1700.11
INV00239,2026-03-27,SKU00313,WH-KOL,Outbound,36,1079.2
INV00240,2026-02-12,SKU00470,WH-MUM,Outbound,22,882.17
INV00241,2026-02-25,SKU00230,WH-MUM,Outbound,12,1265.91
INV00242,2026-05-19,SKU00280,WH-KOL,Outbound,58,6931.86
INV00243,2026-06-12,SKU00381,WH-MUM,Outbound,12,1089.62
INV00244,2026-05-19,SKU00204,WH-KOL,Outbound,8,820.72
INV00245,2026-02-04,SKU00433,WH-MUM,Outbound,30,5339.29
INV00246,2026-03-30,SKU00099,WH-BLR,Inbound,514,832.36
INV00247,2026-04-16,SKU00063,WH-MUM,Outbound,23,10724.93
INV00248,2026-06-17,SKU00165,WH-BLR,Outbound,42,6359.14
INV00249,2026-02-18,SKU00319,WH-MUM,Outbound,16,595.08
INV00250,2026-06-13,SKU00211,WH-MUM,Inbound,436,466.45
INV00251,2026-03-14,SKU00230,WH-MUM,Inbound,588,1265.91
INV00252,2026-02-27,SKU00022,WH-MUM,Outbound,9,9412.88
INV00253,2026-02-08,SKU00236,WH-BLR,Inbound,555,2085.22
INV00254,2026-06-20,SKU00489,WH-BLR,Inbound,682,1585.7
INV00255,2026-05-18,SKU00202,WH-BLR,Outbound,32,3409.91
INV00256,2026-05-15,SKU00112,WH-DEL,Outbound,30,1638.05
INV00257,2026-06-21,SKU00019,WH-KOL,Outbound,9,9568.66
INV00258,2026-03-23,SKU00487,WH-KOL,Outbound,13,2169.7
INV00259,2026-03-22,SKU00152,WH-MUM,Outbound,53,1595.73
INV00260,2026-05-10,SKU00091,WH-DEL,Inbound,297,7317.96
INV00261,2026-05-05,SKU00431,WH-DEL,Inbound,777,9608.31
INV00262,2026-05-28,SKU00010,WH-MUM,Outbound,22,1943.7
INV00263,2026-03-19,SKU00335,WH-MUM,Inbound,322,1967.95
INV00264,2026-03-05,SKU00156,WH-MUM,Inbound,207,7355.2
INV00265,2026-06-02,SKU00405,WH-MUM,Outbound,9,601.86
INV00266,2026-06-19,SKU00185,WH-BLR,Inbound,283,7837.47
INV00267,2026-05-27,SKU00212,WH-KOL,Outbound,40,8674.8
INV00268,2026-04-22,SKU00153,WH-BLR,Inbound,113,1195.75
INV00269,2026-05-10,SKU00440,WH-BLR,Outbound,3,905.06
INV00270,2026-03-13,SKU00447,WH-DEL,Inbound,375,556.11
INV00271,2026-02-26,SKU00330,WH-BLR,Outbound,2,849.1
INV00272,2026-05-06,SKU00396,WH-BLR,Outbound,3,5350.41
INV00273,2026-02-27,SKU00444,WH-DEL,Inbound,84,5179.54
INV00274,2026-07-14,SKU00066,WH-MUM,Inbound,744,4782.22
INV00275,2026-04-07,SKU00235,WH-DEL,Outbound,36,6615.42
INV00276,2026-04-09,SKU00289,WH-DEL,Outbound,54,781.96
INV00277,2026-06-18,SKU00342,WH-BLR,Outbound,2,2400.48
INV00278,2026-03-30,SKU00394,WH-BLR,Inbound,348,1568.3
INV00279,2026-03-25,SKU00096,WH-MUM,Inbound,568,5218.43
INV00280,2026-03-04,SKU00013,WH-MUM,Outbound,12,1784.82
INV00281,2026-05-26,SKU00182,WH-DEL,Inbound,81,10232.53
INV00282,2026-04-13,SKU00242,WH-MUM,Outbound,59,1895.03
INV00283,2026-07-24,SKU00076,WH-MUM,Outbound,34,2157.69
INV00284,2026-05-05,SKU00426,WH-MUM,Inbound,472,145.33
INV00285,2026-07-18,SKU00101,WH-KOL,Outbound,23,1999.68
INV00286,2026-03-10,SKU00066,WH-MUM,Inbound,668,4782.22
INV00287,2026-03-31,SKU00204,WH-KOL,Inbound,356,820.72
INV00288,2026-04-22,SKU00110,WH-DEL,Inbound,317,5876.46
INV00289,2026-04-05,SKU00202,WH-BLR,Outbound,3,3409.91
INV00290,2026-03-28,SKU00226,WH-BLR,Outbound,31,11667.08
INV00291,2026-07-26,SKU00426,WH-MUM,Outbound,34,145.33
INV00292,2026-05-22,SKU00062,WH-BLR,Outbound,26,9998.87
INV00293,2026-05-14,SKU00239,WH-BLR,Inbound,386,631.96
INV00294,2026-06-18,SKU00039,WH-MUM,Outbound,27,9834.23
INV00295,2026-05-17,SKU00071,WH-BLR,Outbound,9,171.17
INV00296,2026-05-16,SKU00062,WH-BLR,Outbound,13,9998.87
INV00297,2026-04-22,SKU00479,WH-MUM,Outbound,14,8467.6
INV00298,2026-02-18,SKU00029,WH-MUM,Inbound,377,10530.39
INV00299,2026-02-19,SKU00149,WH-BLR,Outbound,57,543.76
INV00300,2026-02-08,SKU00148,WH-BLR,Inbound,271,8543.4
INV00301,2026-02-05,SKU00109,WH-KOL,Outbound,57,2319.81
INV00302,2026-07-07,SKU00480,WH-BLR,Inbound,792,2279.72
INV00303,2026-05-13,SKU00498,WH-KOL,Inbound,123,735.5
INV00304,2026-06-29,SKU00145,WH-MUM,Inbound,446,1430.63
INV00305,2026-04-05,SKU00287,WH-MUM,Inbound,605,2477.64
INV00306,2026-06-01,SKU00024,WH-DEL,Inbound,53,1016.84
INV00307,2026-05-09,SKU00098,WH-KOL,Outbound,37,10029.72
INV00308,2026-03-14,SKU00486,WH-MUM,Outbound,14,837.97
INV00309,2026-07-17,SKU00201,WH-MUM,Outbound,8,11137.81
INV00310,2026-05-06,SKU00488,WH-DEL,Inbound,134,2491.44
INV00311,2026-07-17,SKU00131,WH-BLR,Inbound,266,8985.14
INV00312,2026-04-18,SKU00418,WH-MUM,Outbound,2,1493.1
INV00313,2026-03-15,SKU00206,WH-KOL,Outbound,1,7902.26
INV00314,2026-07-28,SKU00067,WH-BLR,Outbound,39,951.37
INV00315,2026-07-17,SKU00255,WH-MUM,Outbound,18,11085.77
INV00316,2026-07-18,SKU00295,WH-KOL,Outbound,38,662.59
INV00317,2026-02-05,SKU00301,WH-MUM,Inbound,329,1418.75
INV00318,2026-03-24,SKU00168,WH-MUM,Inbound,242,867.2
INV00319,2026-06-06,SKU00133,WH-DEL,Outbound,3,1838.05
INV00320,2026-04-19,SKU00068,WH-MUM,Outbound,31,2170.13
INV00321,2026-03-17,SKU00079,WH-BLR,Inbound,441,4863.08
INV00322,2026-03-20,SKU00014,WH-KOL,Inbound,184,8341.7
INV00323,2026-03-11,SKU00266,WH-KOL,Outbound,16,268.37
INV00324,2026-05-06,SKU00243,WH-MUM,Outbound,46,11188.78
INV00325,2026-04-20,SKU00309,WH-MUM,Outbound,53,1171.45
INV00326,2026-05-01,SKU00043,WH-MUM,Outbound,51,1179.69
INV00327,2026-03-06,SKU00070,WH-MUM,Outbound,6,758.25
INV00328,2026-07-26,SKU00335,WH-MUM,Outbound,10,1967.95
INV00329,2026-06-26,SKU00258,WH-KOL,Outbound,18,2854.17
INV00330,2026-02-11,SKU00468,WH-MUM,Outbound,6,961.59
INV00331,2026-03-10,SKU00478,WH-KOL,Inbound,391,2079.08
INV00332,2026-07-20,SKU00465,WH-BLR,Inbound,478,3344.27
INV00333,2026-07-29,SKU00156,WH-MUM,Inbound,419,7355.2
INV00334,2026-05-10,SKU00263,WH-KOL,Outbound,7,3584.01
INV00335,2026-06-11,SKU00070,WH-MUM,Inbound,650,758.25
INV00336,2026-03-31,SKU00481,WH-MUM,Outbound,17,1046.17
INV00337,2026-05-12,SKU00232,WH-MUM,Outbound,42,2075.57
INV00338,2026-07-05,SKU00490,WH-KOL,Outbound,9,1787.72
INV00339,2026-03-05,SKU00224,WH-KOL,Outbound,28,6709.79
INV00340,2026-03-22,SKU00457,WH-MUM,Inbound,327,10584.3
INV00341,2026-06-22,SKU00250,WH-KOL,Outbound,2,3336.03
INV00342,2026-05-01,SKU00100,WH-BLR,Inbound,453,2174.89
INV00343,2026-05-18,SKU00130,WH-BLR,Inbound,679,2485.49
INV00344,2026-07-02,SKU00039,WH-MUM,Outbound,20,9834.23
INV00345,2026-03-13,SKU00346,WH-BLR,Inbound,346,1095.65
INV00346,2026-07-29,SKU00363,WH-MUM,Outbound,45,5713.08
INV00347,2026-02-22,SKU00100,WH-BLR,Outbound,7,2174.89
INV00348,2026-07-13,SKU00030,WH-BLR,Inbound,728,795.94
INV00349,2026-07-28,SKU00405,WH-MUM,Inbound,519,601.86
INV00350,2026-05-28,SKU00085,WH-DEL,Inbound,409,3148.47
INV00351,2026-05-15,SKU00050,WH-BLR,Outbound,43,1378.09
INV00352,2026-02-06,SKU00177,WH-DEL,Outbound,11,2327.45
INV00353,2026-05-19,SKU00500,WH-MUM,Outbound,23,5429.77
INV00354,2026-03-03,SKU00384,WH-MUM,Outbound,5,971.4
INV00355,2026-03-29,SKU00091,WH-DEL,Inbound,566,7317.96
INV00356,2026-04-22,SKU00197,WH-MUM,Inbound,236,4238.42
INV00357,2026-03-20,SKU00471,WH-KOL,Inbound,439,2274.94
INV00358,2026-03-24,SKU00461,WH-MUM,Outbound,38,695.7
INV00359,2026-04-04,SKU00196,WH-BLR,Inbound,606,1010.0
INV00360,2026-02-13,SKU00340,WH-KOL,Inbound,104,1389.69
INV00361,2026-03-02,SKU00202,WH-BLR,Inbound,593,3409.91
INV00362,2026-02-14,SKU00122,WH-BLR,Outbound,20,10686.17
INV00363,2026-06-06,SKU00435,WH-KOL,Inbound,313,1890.71
INV00364,2026-07-02,SKU00146,WH-BLR,Outbound,31,11346.17
INV00365,2026-06-24,SKU00012,WH-BLR,Outbound,7,828.21
INV00366,2026-03-20,SKU00319,WH-MUM,Outbound,34,595.08
INV00367,2026-05-05,SKU00126,WH-MUM,Outbound,4,2406.61
INV00368,2026-04-07,SKU00213,WH-KOL,Inbound,687,1674.16
INV00369,2026-07-26,SKU00042,WH-DEL,Inbound,386,366.12
INV00370,2026-06-17,SKU00382,WH-BLR,Inbound,246,2309.85
INV00371,2026-05-13,SKU00487,WH-KOL,Outbound,48,2169.7
INV00372,2026-03-21,SKU00141,WH-BLR,Outbound,19,1331.57
INV00373,2026-03-24,SKU00312,WH-MUM,Outbound,10,1563.27
INV00374,2026-07-11,SKU00161,WH-DEL,Outbound,2,1214.64
INV00375,2026-04-02,SKU00240,WH-BLR,Inbound,154,1882.77
INV00376,2026-05-17,SKU00224,WH-KOL,Inbound,682,6709.79
INV00377,2026-05-02,SKU00195,WH-BLR,Outbound,38,2145.91
INV00378,2026-04-23,SKU00086,WH-BLR,Inbound,552,1011.59
INV00379,2026-06-29,SKU00435,WH-KOL,Outbound,47,1890.71
INV00380,2026-07-18,SKU00249,WH-MUM,Inbound,422,1814.53
INV00381,2026-07-29,SKU00012,WH-BLR,Inbound,195,828.21
INV00382,2026-03-30,SKU00477,WH-MUM,Inbound,393,699.44
INV00383,2026-02-08,SKU00212,WH-KOL,Inbound,585,8674.8
INV00384,2026-05-11,SKU00080,WH-KOL,Outbound,51,6023.78
INV00385,2026-05-01,SKU00219,WH-KOL,Inbound,504,802.72
INV00386,2026-04-06,SKU00267,WH-MUM,Inbound,666,2154.47
INV00387,2026-02-17,SKU00042,WH-DEL,Outbound,27,366.12
INV00388,2026-02-02,SKU00148,WH-BLR,Outbound,17,8543.4
INV00389,2026-03-09,SKU00263,WH-KOL,Inbound,426,3584.01
INV00390,2026-04-20,SKU00267,WH-MUM,Inbound,348,2154.47
INV00391,2026-05-21,SKU00349,WH-DEL,Outbound,24,7214.46
INV00392,2026-04-26,SKU00064,WH-KOL,Outbound,58,709.46
INV00393,2026-02-13,SKU00336,WH-BLR,Inbound,278,1514.56
INV00394,2026-06-20,SKU00342,WH-BLR,Outbound,1,2400.48
INV00395,2026-05-22,SKU00401,WH-BLR,Outbound,21,1900.66
INV00396,2026-07-04,SKU00083,WH-KOL,Inbound,523,6849.78
INV00397,2026-06-27,SKU00170,WH-KOL,Inbound,425,854.17
INV00398,2026-03-13,SKU00116,WH-MUM,Inbound,59,3552.65
INV00399,2026-02-08,SKU00463,WH-BLR,Inbound,735,3600.3
INV00400,2026-03-26,SKU00439,WH-BLR,Outbound,44,2098.48
INV00401,2026-03-29,SKU00495,WH-BLR,Outbound,26,772.9
INV00402,2026-05-15,SKU00349,WH-DEL,Inbound,200,7214.46
INV00403,2026-04-06,SKU00142,WH-MUM,Outbound,4,912.52
INV00404,2026-03-30,SKU00194,WH-MUM,Outbound,47,1280.91
INV00405,2026-03-12,SKU00446,WH-MUM,Inbound,597,1215.99
INV00406,2026-04-29,SKU00486,WH-MUM,Inbound,583,837.97
INV00407,2026-06-04,SKU00276,WH-KOL,Outbound,54,1805.73
INV00408,2026-05-23,SKU00362,WH-KOL,Inbound,255,11036.39
INV00409,2026-05-20,SKU00324,WH-KOL,Inbound,476,1652.07
INV00410,2026-04-14,SKU00159,WH-MUM,Outbound,4,1254.94
INV00411,2026-04-15,SKU00495,WH-BLR,Outbound,22,772.9
INV00412,2026-02-26,SKU00047,WH-MUM,Inbound,449,4945.23
INV00413,2026-03-19,SKU00109,WH-KOL,Outbound,48,2319.81
INV00414,2026-06-08,SKU00437,WH-MUM,Outbound,50,875.62
INV00415,2026-04-10,SKU00440,WH-BLR,Inbound,126,905.06
INV00416,2026-04-10,SKU00311,WH-KOL,Inbound,614,2724.13
INV00417,2026-06-15,SKU00295,WH-KOL,Outbound,38,662.59
INV00418,2026-02-04,SKU00321,WH-MUM,Inbound,363,874.13
INV00419,2026-07-03,SKU00422,WH-DEL,Inbound,751,2230.54
INV00420,2026-02-01,SKU00388,WH-KOL,Inbound,150,1917.96
INV00421,2026-03-22,SKU00428,WH-DEL,Inbound,272,199.03
INV00422,2026-06-08,SKU00207,WH-DEL,Outbound,1,3369.01
INV00423,2026-07-18,SKU00045,WH-BLR,Inbound,367,1351.96
INV00424,2026-06-03,SKU00211,WH-MUM,Inbound,182,466.45
INV00425,2026-02-26,SKU00209,WH-KOL,Outbound,59,680.56
INV00426,2026-03-20,SKU00345,WH-KOL,Inbound,298,5493.81
INV00427,2026-02-25,SKU00302,WH-BLR,Inbound,354,182.43
INV00428,2026-04-14,SKU00433,WH-MUM,Inbound,280,5339.29
INV00429,2026-06-03,SKU00020,WH-BLR,Inbound,327,1860.54
INV00430,2026-07-02,SKU00497,WH-KOL,Inbound,475,1676.27
INV00431,2026-04-07,SKU00071,WH-BLR,Outbound,54,171.17
INV00432,2026-07-11,SKU00057,WH-MUM,Inbound,665,1005.65
INV00433,2026-03-22,SKU00246,WH-KOL,Outbound,1,2079.08
INV00434,2026-06-05,SKU00058,WH-MUM,Outbound,43,2453.01
INV00435,2026-04-30,SKU00233,WH-MUM,Outbound,59,219.39
INV00436,2026-05-02,SKU00189,WH-MUM,Outbound,46,1312.08
INV00437,2026-07-05,SKU00340,WH-KOL,Inbound,626,1389.69
INV00438,2026-07-28,SKU00121,WH-MUM,Outbound,3,1919.73
INV00439,2026-06-22,SKU00331,WH-KOL,Outbound,2,1764.17
INV00440,2026-04-20,SKU00409,WH-MUM,Inbound,185,394.1
INV00441,2026-06-19,SKU00449,WH-BLR,Outbound,39,730.36
INV00442,2026-02-14,SKU00144,WH-BLR,Inbound,128,875.3
INV00443,2026-05-23,SKU00379,WH-MUM,Inbound,295,4206.88
INV00444,2026-07-27,SKU00065,WH-MUM,Outbound,48,2082.57
INV00445,2026-04-21,SKU00163,WH-MUM,Outbound,17,1911.13
INV00446,2026-05-12,SKU00342,WH-BLR,Outbound,15,2400.48
INV00447,2026-03-28,SKU00050,WH-BLR,Inbound,333,1378.09
INV00448,2026-04-01,SKU00202,WH-BLR,Inbound,195,3409.91
INV00449,2026-05-14,SKU00212,WH-KOL,Inbound,161,8674.8
INV00450,2026-03-06,SKU00170,WH-KOL,Outbound,43,854.17
INV00451,2026-06-25,SKU00036,WH-DEL,Inbound,629,1364.59
INV00452,2026-02-16,SKU00206,WH-KOL,Outbound,57,7902.26
INV00453,2026-05-18,SKU00437,WH-MUM,Inbound,61,875.62
INV00454,2026-04-22,SKU00241,WH-MUM,Inbound,671,2478.55
INV00455,2026-02-08,SKU00353,WH-MUM,Outbound,2,1292.72
INV00456,2026-03-05,SKU00414,WH-MUM,Outbound,17,400.83
INV00457,2026-06-02,SKU00431,WH-DEL,Inbound,108,9608.31
INV00458,2026-03-08,SKU00387,WH-MUM,Outbound,33,1977.63
INV00459,2026-04-23,SKU00022,WH-MUM,Inbound,382,9412.88
INV00460,2026-04-06,SKU00074,WH-KOL,Inbound,81,5681.87
INV00461,2026-05-29,SKU00022,WH-MUM,Inbound,246,9412.88
INV00462,2026-05-15,SKU00183,WH-BLR,Outbound,53,418.97
INV00463,2026-07-19,SKU00213,WH-KOL,Inbound,528,1674.16
INV00464,2026-07-04,SKU00422,WH-DEL,Outbound,4,2230.54
INV00465,2026-06-23,SKU00355,WH-BLR,Inbound,773,8423.07
INV00466,2026-04-10,SKU00184,WH-KOL,Outbound,39,748.55
INV00467,2026-03-06,SKU00279,WH-MUM,Outbound,59,1021.55
INV00468,2026-02-25,SKU00019,WH-KOL,Outbound,50,9568.66
INV00469,2026-04-02,SKU00027,WH-MUM,Inbound,536,2488.89
INV00470,2026-04-04,SKU00090,WH-MUM,Outbound,44,10547.52
INV00471,2026-07-29,SKU00215,WH-DEL,Inbound,420,5829.92
INV00472,2026-06-28,SKU00020,WH-BLR,Outbound,17,1860.54
INV00473,2026-02-11,SKU00238,WH-BLR,Inbound,634,944.37
INV00474,2026-07-24,SKU00339,WH-KOL,Outbound,35,329.07
INV00475,2026-02-06,SKU00411,WH-MUM,Inbound,463,9624.5
INV00476,2026-02-14,SKU00011,WH-KOL,Outbound,45,4389.51
INV00477,2026-02-11,SKU00320,WH-BLR,Outbound,15,11495.71
INV00478,2026-03-14,SKU00466,WH-DEL,Outbound,4,11449.89
INV00479,2026-06-19,SKU00266,WH-KOL,Outbound,39,268.37
INV00480,2026-04-28,SKU00390,WH-KOL,Outbound,29,164.46
INV00481,2026-05-18,SKU00345,WH-KOL,Outbound,5,5493.81
INV00482,2026-04-08,SKU00340,WH-KOL,Inbound,160,1389.69
INV00483,2026-03-08,SKU00292,WH-MUM,Inbound,762,2101.59
INV00484,2026-02-01,SKU00034,WH-BLR,Outbound,13,1790.1
INV00485,2026-06-08,SKU00262,WH-KOL,Inbound,131,882.31
INV00486,2026-05-16,SKU00390,WH-KOL,Inbound,597,164.46
INV00487,2026-06-20,SKU00498,WH-KOL,Outbound,39,735.5
INV00488,2026-02-27,SKU00178,WH-DEL,Outbound,31,10878.35
INV00489,2026-06-11,SKU00044,WH-DEL,Inbound,527,8162.88
INV00490,2026-06-05,SKU00481,WH-MUM,Inbound,662,1046.17
INV00491,2026-03-26,SKU00432,WH-MUM,Outbound,48,1455.14
INV00492,2026-04-17,SKU00182,WH-DEL,Outbound,40,10232.53
INV00493,2026-03-19,SKU00231,WH-MUM,Outbound,46,11833.47
INV00494,2026-04-23,SKU00015,WH-DEL,Inbound,225,7048.89
INV00495,2026-03-13,SKU00271,WH-MUM,Inbound,197,1798.35
INV00496,2026-02-18,SKU00412,WH-MUM,Outbound,54,9687.41
INV00497,2026-04-11,SKU00354,WH-BLR,Outbound,30,8745.97
INV00498,2026-07-10,SKU00433,WH-MUM,Outbound,25,5339.29
INV00499,2026-02-15,SKU00236,WH-BLR,Outbound,26,2085.22
INV00500,2026-05-30,SKU00031,WH-MUM,Inbound,77,670.48
INV00501,2026-05-15,SKU00219,WH-KOL,Outbound,51,802.72
INV00502,2026-03-18,SKU00402,WH-MUM,Outbound,56,1387.1
INV00503,2026-03-16,SKU00404,WH-DEL,Outbound,55,609.33
INV00504,2026-05-20,SKU00162,WH-BLR,Outbound,23,1919.05
INV00505,2026-05-09,SKU00272,WH-MUM,Outbound,41,5954.63
INV00506,2026-05-11,SKU00481,WH-MUM,Outbound,49,1046.17
INV00507,2026-02-05,SKU00491,WH-MUM,Inbound,337,3122.09
INV00508,2026-05-30,SKU00272,WH-MUM,Inbound,274,5954.63
INV00509,2026-03-21,SKU00453,WH-BLR,Inbound,795,1075.54
INV00510,2026-05-17,SKU00298,WH-BLR,Inbound,54,2124.17
INV00511,2026-02-05,SKU00279,WH-MUM,Inbound,586,1021.55
INV00512,2026-02-07,SKU00086,WH-BLR,Outbound,39,1011.59
INV00513,2026-03-27,SKU00420,WH-BLR,Outbound,29,655.32
INV00514,2026-06-05,SKU00492,WH-BLR,Inbound,123,1123.17
INV00515,2026-04-04,SKU00314,WH-MUM,Outbound,31,2421.37
INV00516,2026-07-09,SKU00447,WH-DEL,Inbound,415,556.11
INV00517,2026-04-22,SKU00220,WH-MUM,Outbound,25,4706.79
INV00518,2026-06-15,SKU00429,WH-BLR,Inbound,143,1908.01
INV00519,2026-03-05,SKU00128,WH-DEL,Outbound,50,2884.26
INV00520,2026-05-19,SKU00488,WH-DEL,Outbound,3,2491.44
INV00521,2026-07-06,SKU00446,WH-MUM,Outbound,42,1215.99
INV00522,2026-03-21,SKU00484,WH-BLR,Outbound,44,1498.14
INV00523,2026-06-21,SKU00222,WH-BLR,Inbound,441,1173.02
INV00524,2026-02-08,SKU00317,WH-MUM,Outbound,42,7090.7
INV00525,2026-06-30,SKU00250,WH-KOL,Outbound,48,3336.03
INV00526,2026-02-20,SKU00474,WH-KOL,Outbound,14,7851.39
INV00527,2026-05-10,SKU00075,WH-MUM,Inbound,621,1714.84
INV00528,2026-03-03,SKU00420,WH-BLR,Inbound,69,655.32
INV00529,2026-05-24,SKU00006,WH-KOL,Outbound,54,687.85
INV00530,2026-05-05,SKU00038,WH-KOL,Inbound,430,3912.67
INV00531,2026-03-24,SKU00168,WH-MUM,Outbound,1,867.2
INV00532,2026-04-11,SKU00309,WH-MUM,Outbound,50,1171.45
INV00533,2026-04-02,SKU00158,WH-MUM,Outbound,32,9970.62
INV00534,2026-02-17,SKU00023,WH-KOL,Outbound,8,2516.42
INV00535,2026-06-23,SKU00286,WH-KOL,Outbound,46,11666.17
INV00536,2026-03-30,SKU00495,WH-BLR,Outbound,27,772.9
INV00537,2026-05-12,SKU00329,WH-BLR,Inbound,657,2228.79
INV00538,2026-02-02,SKU00280,WH-KOL,Inbound,561,6931.86
INV00539,2026-06-16,SKU00052,WH-DEL,Inbound,352,1137.66
INV00540,2026-04-23,SKU00042,WH-DEL,Inbound,698,366.12
INV00541,2026-04-18,SKU00327,WH-BLR,Outbound,17,2584.24
INV00542,2026-04-20,SKU00497,WH-KOL,Outbound,51,1676.27
INV00543,2026-07-28,SKU00240,WH-BLR,Inbound,242,1882.77
INV00544,2026-05-02,SKU00441,WH-MUM,Outbound,7,7864.83
INV00545,2026-04-15,SKU00112,WH-DEL,Outbound,22,1638.05
INV00546,2026-04-02,SKU00285,WH-BLR,Inbound,767,2040.13
INV00547,2026-06-30,SKU00361,WH-MUM,Outbound,54,374.74
INV00548,2026-06-14,SKU00444,WH-DEL,Inbound,457,5179.54
INV00549,2026-03-03,SKU00470,WH-MUM,Outbound,33,882.17
INV00550,2026-03-27,SKU00369,WH-DEL,Inbound,169,8667.87
INV00551,2026-02-22,SKU00231,WH-MUM,Inbound,640,11833.47
INV00552,2026-03-01,SKU00362,WH-KOL,Inbound,728,11036.39
INV00553,2026-06-23,SKU00380,WH-BLR,Inbound,173,380.87
INV00554,2026-07-29,SKU00023,WH-KOL,Outbound,45,2516.42
INV00555,2026-05-01,SKU00500,WH-MUM,Outbound,42,5429.77
INV00556,2026-05-03,SKU00403,WH-MUM,Inbound,673,5853.86
INV00557,2026-02-16,SKU00482,WH-MUM,Outbound,58,1836.71
INV00558,2026-03-15,SKU00469,WH-BLR,Inbound,672,5123.19
INV00559,2026-02-18,SKU00216,WH-BLR,Inbound,218,920.15
INV00560,2026-07-01,SKU00313,WH-KOL,Outbound,41,1079.2
INV00561,2026-04-29,SKU00003,WH-DEL,Inbound,298,1314.42
INV00562,2026-03-02,SKU00183,WH-BLR,Inbound,173,418.97
INV00563,2026-06-16,SKU00199,WH-MUM,Outbound,49,1638.56
INV00564,2026-06-20,SKU00334,WH-BLR,Outbound,24,1179.4
INV00565,2026-02-03,SKU00284,WH-DEL,Outbound,15,2058.16
INV00566,2026-02-24,SKU00432,WH-MUM,Outbound,21,1455.14
INV00567,2026-04-11,SKU00448,WH-MUM,Inbound,260,11512.49
INV00568,2026-07-25,SKU00159,WH-MUM,Outbound,11,1254.94
INV00569,2026-03-21,SKU00423,WH-BLR,Inbound,251,6943.79
INV00570,2026-02-19,SKU00274,WH-KOL,Inbound,577,6759.66
INV00571,2026-05-01,SKU00422,WH-DEL,Inbound,729,2230.54
INV00572,2026-02-01,SKU00457,WH-MUM,Outbound,4,10584.3
INV00573,2026-07-28,SKU00054,WH-BLR,Outbound,14,1923.43
INV00574,2026-03-15,SKU00208,WH-DEL,Inbound,617,10562.59
INV00575,2026-04-07,SKU00356,WH-MUM,Outbound,23,9157.17
INV00576,2026-04-28,SKU00412,WH-MUM,Inbound,414,9687.41
INV00577,2026-05-12,SKU00344,WH-BLR,Inbound,667,440.76
INV00578,2026-04-06,SKU00224,WH-KOL,Outbound,33,6709.79
INV00579,2026-07-08,SKU00357,WH-MUM,Outbound,17,825.85
INV00580,2026-07-30,SKU00418,WH-MUM,Inbound,83,1493.1
INV00581,2026-06-10,SKU00124,WH-BLR,Outbound,43,9532.62
INV00582,2026-05-26,SKU00426,WH-MUM,Inbound,94,145.33
INV00583,2026-06-19,SKU00413,WH-MUM,Outbound,11,5304.73
INV00584,2026-03-30,SKU00493,WH-BLR,Outbound,13,558.06
INV00585,2026-03-08,SKU00139,WH-BLR,Outbound,54,2060.24
INV00586,2026-05-27,SKU00130,WH-BLR,Outbound,9,2485.49
INV00587,2026-05-04,SKU00091,WH-DEL,Outbound,15,7317.96
INV00588,2026-03-04,SKU00370,WH-MUM,Inbound,635,5792.33
INV00589,2026-07-20,SKU00492,WH-BLR,Inbound,308,1123.17
INV00590,2026-02-20,SKU00184,WH-KOL,Inbound,221,748.55
INV00591,2026-03-28,SKU00423,WH-BLR,Inbound,695,6943.79
INV00592,2026-06-03,SKU00267,WH-MUM,Outbound,50,2154.47
INV00593,2026-03-27,SKU00228,WH-BLR,Inbound,655,5278.75
INV00594,2026-05-02,SKU00180,WH-DEL,Inbound,415,5711.83
INV00595,2026-02-15,SKU00231,WH-MUM,Inbound,608,11833.47
INV00596,2026-04-30,SKU00124,WH-BLR,Outbound,39,9532.62
INV00597,2026-05-16,SKU00063,WH-MUM,Outbound,26,10724.93
INV00598,2026-06-17,SKU00323,WH-BLR,Inbound,53,499.13
INV00599,2026-05-03,SKU00428,WH-DEL,Outbound,47,199.03
INV00600,2026-04-06,SKU00405,WH-MUM,Outbound,35,601.86
INV00601,2026-07-08,SKU00281,WH-BLR,Outbound,3,6051.72
INV00602,2026-07-28,SKU00270,WH-BLR,Outbound,38,11314.66
INV00603,2026-04-27,SKU00229,WH-KOL,Inbound,346,1018.62
INV00604,2026-05-28,SKU00199,WH-MUM,Outbound,7,1638.56
INV00605,2026-05-18,SKU00278,WH-MUM,Outbound,2,5478.21
INV00606,2026-07-16,SKU00380,WH-BLR,Inbound,664,380.87
INV00607,2026-06-03,SKU00150,WH-MUM,Outbound,31,2262.09
INV00608,2026-07-08,SKU00104,WH-KOL,Inbound,613,585.83
INV00609,2026-06-06,SKU00254,WH-MUM,Inbound,484,9288.27
INV00610,2026-02-05,SKU00167,WH-KOL,Inbound,155,3904.53
INV00611,2026-07-30,SKU00112,WH-DEL,Inbound,264,1638.05
INV00612,2026-02-01,SKU00323,WH-BLR,Outbound,55,499.13
INV00613,2026-03-08,SKU00427,WH-MUM,Inbound,789,166.09
INV00614,2026-07-03,SKU00037,WH-MUM,Inbound,244,2029.84
INV00615,2026-03-27,SKU00082,WH-BLR,Outbound,11,5223.71
INV00616,2026-04-03,SKU00231,WH-MUM,Inbound,539,11833.47
INV00617,2026-06-10,SKU00314,WH-MUM,Outbound,7,2421.37
INV00618,2026-06-26,SKU00277,WH-MUM,Inbound,447,9601.1
INV00619,2026-05-10,SKU00310,WH-BLR,Outbound,25,6386.15
INV00620,2026-05-13,SKU00421,WH-KOL,Inbound,126,253.19
INV00621,2026-04-09,SKU00145,WH-MUM,Inbound,602,1430.63
INV00622,2026-05-13,SKU00169,WH-BLR,Outbound,28,9131.35
INV00623,2026-03-07,SKU00483,WH-MUM,Outbound,19,486.43
INV00624,2026-02-03,SKU00414,WH-MUM,Inbound,137,400.83
INV00625,2026-03-31,SKU00337,WH-BLR,Inbound,247,2248.76
INV00626,2026-07-23,SKU00038,WH-KOL,Outbound,13,3912.67
INV00627,2026-07-20,SKU00297,WH-BLR,Outbound,2,1370.96
INV00628,2026-02-20,SKU00456,WH-BLR,Inbound,375,401.21
INV00629,2026-05-12,SKU00375,WH-BLR,Outbound,7,2972.67
INV00630,2026-07-28,SKU00152,WH-MUM,Inbound,691,1595.73
INV00631,2026-06-17,SKU00387,WH-MUM,Outbound,6,1977.63
INV00632,2026-02-05,SKU00289,WH-DEL,Outbound,4,781.96
INV00633,2026-03-22,SKU00002,WH-KOL,Inbound,240,137.81
INV00634,2026-06-04,SKU00079,WH-BLR,Inbound,748,4863.08
INV00635,2026-05-04,SKU00260,WH-MUM,Outbound,3,2081.26
INV00636,2026-06-06,SKU00316,WH-MUM,Outbound,2,2498.51
INV00637,2026-03-06,SKU00411,WH-MUM,Inbound,62,9624.5
INV00638,2026-06-04,SKU00010,WH-MUM,Outbound,46,1943.7
INV00639,2026-05-13,SKU00041,WH-DEL,Inbound,148,1123.07
INV00640,2026-07-17,SKU00002,WH-KOL,Inbound,374,137.81
INV00641,2026-02-27,SKU00266,WH-KOL,Outbound,18,268.37
INV00642,2026-05-17,SKU00127,WH-KOL,Inbound,200,479.88
INV00643,2026-07-01,SKU00423,WH-BLR,Outbound,15,6943.79
INV00644,2026-06-05,SKU00139,WH-BLR,Inbound,795,2060.24
INV00645,2026-02-24,SKU00370,WH-MUM,Inbound,711,5792.33
INV00646,2026-05-09,SKU00139,WH-BLR,Outbound,2,2060.24
INV00647,2026-06-26,SKU00225,WH-MUM,Inbound,272,8469.03
INV00648,2026-07-01,SKU00399,WH-DEL,Outbound,5,6880.47
INV00649,2026-02-13,SKU00119,WH-BLR,Inbound,355,639.85
INV00650,2026-06-03,SKU00197,WH-MUM,Inbound,779,4238.42
INV00651,2026-07-16,SKU00033,WH-KOL,Outbound,48,1276.72
INV00652,2026-05-16,SKU00019,WH-KOL,Outbound,22,9568.66
INV00653,2026-07-02,SKU00410,WH-KOL,Outbound,14,1875.94
INV00654,2026-05-13,SKU00107,WH-BLR,Outbound,55,5299.07
INV00655,2026-06-06,SKU00487,WH-KOL,Outbound,9,2169.7
INV00656,2026-05-31,SKU00300,WH-KOL,Inbound,657,2270.99
INV00657,2026-06-01,SKU00290,WH-DEL,Outbound,5,8503.82
INV00658,2026-07-23,SKU00236,WH-BLR,Outbound,38,2085.22
INV00659,2026-04-12,SKU00456,WH-BLR,Outbound,27,401.21
INV00660,2026-05-24,SKU00212,WH-KOL,Inbound,664,8674.8
INV00661,2026-07-30,SKU00247,WH-BLR,Outbound,54,7998.99
INV00662,2026-07-27,SKU00034,WH-BLR,Outbound,55,1790.1
INV00663,2026-02-01,SKU00108,WH-DEL,Outbound,16,7866.05
INV00664,2026-03-26,SKU00106,WH-BLR,Outbound,1,2011.43
INV00665,2026-02-09,SKU00020,WH-BLR,Inbound,536,1860.54
INV00666,2026-06-01,SKU00287,WH-MUM,Outbound,13,2477.64
INV00667,2026-06-10,SKU00355,WH-BLR,Outbound,46,8423.07
INV00668,2026-05-25,SKU00252,WH-BLR,Outbound,49,8701.98
INV00669,2026-05-19,SKU00250,WH-KOL,Outbound,6,3336.03
INV00670,2026-02-18,SKU00233,WH-MUM,Inbound,247,219.39
INV00671,2026-03-19,SKU00444,WH-DEL,Inbound,471,5179.54
INV00672,2026-03-07,SKU00010,WH-MUM,Inbound,665,1943.7
INV00673,2026-04-11,SKU00098,WH-KOL,Outbound,5,10029.72
INV00674,2026-05-20,SKU00185,WH-BLR,Outbound,50,7837.47
INV00675,2026-05-19,SKU00440,WH-BLR,Outbound,15,905.06
INV00676,2026-05-22,SKU00223,WH-KOL,Outbound,46,2179.94
INV00677,2026-04-16,SKU00396,WH-BLR,Inbound,482,5350.41
INV00678,2026-02-04,SKU00275,WH-BLR,Outbound,30,7591.41
INV00679,2026-02-12,SKU00474,WH-KOL,Outbound,11,7851.39
INV00680,2026-02-10,SKU00461,WH-MUM,Inbound,266,695.7
INV00681,2026-02-07,SKU00413,WH-MUM,Inbound,367,5304.73
INV00682,2026-03-23,SKU00148,WH-BLR,Inbound,780,8543.4
INV00683,2026-04-21,SKU00201,WH-MUM,Outbound,26,11137.81
INV00684,2026-03-22,SKU00302,WH-BLR,Inbound,394,182.43
INV00685,2026-04-27,SKU00395,WH-BLR,Inbound,117,1053.28
INV00686,2026-07-25,SKU00140,WH-KOL,Inbound,463,1477.48
INV00687,2026-06-01,SKU00322,WH-KOL,Outbound,25,1281.08
INV00688,2026-05-31,SKU00497,WH-KOL,Outbound,25,1676.27
INV00689,2026-07-28,SKU00463,WH-BLR,Outbound,5,3600.3
INV00690,2026-05-02,SKU00142,WH-MUM,Outbound,23,912.52
INV00691,2026-02-15,SKU00387,WH-MUM,Inbound,218,1977.63
INV00692,2026-06-25,SKU00284,WH-DEL,Outbound,43,2058.16
INV00693,2026-03-23,SKU00230,WH-MUM,Inbound,669,1265.91
INV00694,2026-06-23,SKU00428,WH-DEL,Outbound,12,199.03
INV00695,2026-05-16,SKU00466,WH-DEL,Outbound,46,11449.89
INV00696,2026-06-01,SKU00453,WH-BLR,Outbound,18,1075.54
INV00697,2026-04-04,SKU00264,WH-BLR,Inbound,559,111.35
INV00698,2026-02-27,SKU00195,WH-BLR,Inbound,536,2145.91
INV00699,2026-03-26,SKU00131,WH-BLR,Outbound,10,8985.14
INV00700,2026-06-30,SKU00420,WH-BLR,Inbound,583,655.32
INV00701,2026-03-28,SKU00016,WH-BLR,Inbound,584,173.77
INV00702,2026-02-24,SKU00323,WH-BLR,Outbound,11,499.13
INV00703,2026-03-11,SKU00188,WH-DEL,Outbound,27,5522.04
INV00704,2026-06-26,SKU00170,WH-KOL,Inbound,443,854.17
INV00705,2026-05-22,SKU00469,WH-BLR,Inbound,522,5123.19
INV00706,2026-07-23,SKU00210,WH-MUM,Inbound,319,3140.12
INV00707,2026-05-26,SKU00418,WH-MUM,Outbound,37,1493.1
INV00708,2026-04-05,SKU00235,WH-DEL,Outbound,58,6615.42
INV00709,2026-06-08,SKU00260,WH-MUM,Outbound,20,2081.26
INV00710,2026-02-21,SKU00357,WH-MUM,Inbound,547,825.85
INV00711,2026-02-24,SKU00030,WH-BLR,Outbound,11,795.94
INV00712,2026-06-17,SKU00389,WH-KOL,Inbound,691,1416.12
INV00713,2026-03-05,SKU00320,WH-BLR,Outbound,39,11495.71
INV00714,2026-04-19,SKU00196,WH-BLR,Inbound,570,1010.0
INV00715,2026-07-30,SKU00435,WH-KOL,Inbound,434,1890.71
INV00716,2026-07-09,SKU00355,WH-BLR,Inbound,226,8423.07
INV00717,2026-03-17,SKU00094,WH-DEL,Inbound,660,575.1
INV00718,2026-05-01,SKU00027,WH-MUM,Inbound,337,2488.89
INV00719,2026-05-22,SKU00205,WH-DEL,Outbound,38,9692.27
INV00720,2026-06-08,SKU00020,WH-BLR,Outbound,26,1860.54
INV00721,2026-02-16,SKU00478,WH-KOL,Inbound,756,2079.08
INV00722,2026-03-27,SKU00186,WH-BLR,Inbound,131,166.06
INV00723,2026-06-14,SKU00217,WH-BLR,Outbound,9,214.53
INV00724,2026-02-21,SKU00223,WH-KOL,Inbound,351,2179.94
INV00725,2026-02-25,SKU00395,WH-BLR,Inbound,660,1053.28
INV00726,2026-07-01,SKU00307,WH-MUM,Outbound,7,1107.62
INV00727,2026-04-13,SKU00091,WH-DEL,Inbound,370,7317.96
INV00728,2026-07-27,SKU00207,WH-DEL,Inbound,353,3369.01
INV00729,2026-03-12,SKU00255,WH-MUM,Outbound,48,11085.77
INV00730,2026-04-17,SKU00025,WH-KOL,Outbound,53,5654.27
INV00731,2026-04-18,SKU00143,WH-MUM,Inbound,277,745.93
INV00732,2026-04-28,SKU00126,WH-MUM,Outbound,43,2406.61
INV00733,2026-07-18,SKU00111,WH-MUM,Inbound,761,174.54
INV00734,2026-03-18,SKU00426,WH-MUM,Outbound,53,145.33
INV00735,2026-03-19,SKU00410,WH-KOL,Outbound,15,1875.94
INV00736,2026-04-16,SKU00407,WH-KOL,Inbound,327,11116.04
INV00737,2026-03-04,SKU00500,WH-MUM,Outbound,49,5429.77
INV00738,2026-05-21,SKU00479,WH-MUM,Inbound,661,8467.6
INV00739,2026-02-14,SKU00260,WH-MUM,Outbound,49,2081.26
INV00740,2026-02-10,SKU00462,WH-BLR,Inbound,796,517.67
INV00741,2026-03-07,SKU00189,WH-MUM,Outbound,41,1312.08
INV00742,2026-03-31,SKU00228,WH-BLR,Outbound,45,5278.75
INV00743,2026-06-21,SKU00417,WH-DEL,Outbound,18,8095.48
INV00744,2026-03-24,SKU00445,WH-KOL,Inbound,124,126.16
INV00745,2026-03-10,SKU00275,WH-BLR,Inbound,130,7591.41
INV00746,2026-05-08,SKU00282,WH-MUM,Outbound,11,1909.63
INV00747,2026-07-22,SKU00252,WH-BLR,Outbound,41,8701.98
INV00748,2026-03-07,SKU00288,WH-BLR,Outbound,45,2081.82
INV00749,2026-03-24,SKU00081,WH-MUM,Outbound,2,836.66
INV00750,2026-05-28,SKU00122,WH-BLR,Inbound,255,10686.17
INV00751,2026-03-17,SKU00223,WH-KOL,Outbound,59,2179.94
INV00752,2026-04-07,SKU00410,WH-KOL,Inbound,137,1875.94
INV00753,2026-06-29,SKU00412,WH-MUM,Inbound,344,9687.41
INV00754,2026-03-25,SKU00110,WH-DEL,Outbound,27,5876.46
INV00755,2026-05-20,SKU00208,WH-DEL,Outbound,28,10562.59
INV00756,2026-04-22,SKU00037,WH-MUM,Outbound,21,2029.84
INV00757,2026-04-24,SKU00089,WH-MUM,Outbound,50,1266.65
INV00758,2026-07-11,SKU00271,WH-MUM,Outbound,20,1798.35
INV00759,2026-03-04,SKU00031,WH-MUM,Outbound,35,670.48
INV00760,2026-04-18,SKU00059,WH-MUM,Inbound,65,1413.19
INV00761,2026-06-08,SKU00379,WH-MUM,Outbound,27,4206.88
INV00762,2026-04-15,SKU00219,WH-KOL,Inbound,638,802.72
INV00763,2026-05-24,SKU00304,WH-KOL,Inbound,644,1642.08
INV00764,2026-04-17,SKU00349,WH-DEL,Inbound,401,7214.46
INV00765,2026-07-21,SKU00153,WH-BLR,Outbound,13,1195.75
INV00766,2026-03-27,SKU00187,WH-MUM,Outbound,38,461.96
INV00767,2026-07-24,SKU00195,WH-BLR,Outbound,46,2145.91
INV00768,2026-05-12,SKU00459,WH-DEL,Outbound,38,10412.76
INV00769,2026-05-20,SKU00166,WH-BLR,Outbound,42,792.85
INV00770,2026-03-21,SKU00263,WH-KOL,Inbound,307,3584.01
INV00771,2026-03-23,SKU00150,WH-MUM,Outbound,50,2262.09
INV00772,2026-06-10,SKU00098,WH-KOL,Inbound,440,10029.72
INV00773,2026-07-12,SKU00018,WH-BLR,Inbound,371,8731.17
INV00774,2026-05-13,SKU00206,WH-KOL,Outbound,9,7902.26
INV00775,2026-03-04,SKU00224,WH-KOL,Outbound,8,6709.79
INV00776,2026-06-20,SKU00030,WH-BLR,Inbound,65,795.94
INV00777,2026-05-20,SKU00430,WH-DEL,Inbound,745,11221.42
INV00778,2026-07-12,SKU00381,WH-MUM,Inbound,390,1089.62
INV00779,2026-03-05,SKU00490,WH-KOL,Inbound,673,1787.72
INV00780,2026-02-21,SKU00335,WH-MUM,Outbound,58,1967.95
INV00781,2026-04-25,SKU00054,WH-BLR,Inbound,115,1923.43
INV00782,2026-04-14,SKU00331,WH-KOL,Inbound,368,1764.17
INV00783,2026-02-28,SKU00088,WH-BLR,Inbound,315,860.25
INV00784,2026-05-23,SKU00042,WH-DEL,Outbound,55,366.12
INV00785,2026-07-29,SKU00213,WH-KOL,Inbound,52,1674.16
INV00786,2026-06-05,SKU00356,WH-MUM,Inbound,359,9157.17
INV00787,2026-03-03,SKU00068,WH-MUM,Inbound,290,2170.13
INV00788,2026-05-08,SKU00300,WH-KOL,Inbound,286,2270.99
INV00789,2026-05-20,SKU00312,WH-MUM,Inbound,578,1563.27
INV00790,2026-06-23,SKU00378,WH-MUM,Outbound,14,1263.95
INV00791,2026-03-25,SKU00348,WH-BLR,Inbound,240,9937.94
INV00792,2026-05-13,SKU00281,WH-BLR,Inbound,662,6051.72
INV00793,2026-07-17,SKU00350,WH-BLR,Outbound,6,2294.26
INV00794,2026-04-01,SKU00305,WH-DEL,Outbound,46,3004.65
INV00795,2026-07-15,SKU00467,WH-KOL,Outbound,42,391.52
INV00796,2026-02-19,SKU00004,WH-DEL,Outbound,24,557.2
INV00797,2026-07-06,SKU00079,WH-BLR,Inbound,145,4863.08
INV00798,2026-04-19,SKU00448,WH-MUM,Outbound,38,11512.49
INV00799,2026-05-21,SKU00392,WH-BLR,Outbound,6,52.43
INV00800,2026-04-27,SKU00152,WH-MUM,Inbound,196,1595.73
INV00801,2026-04-09,SKU00310,WH-BLR,Inbound,506,6386.15
INV00802,2026-05-05,SKU00124,WH-BLR,Outbound,6,9532.62
INV00803,2026-05-29,SKU00375,WH-BLR,Outbound,34,2972.67
INV00804,2026-02-23,SKU00232,WH-MUM,Outbound,56,2075.57
INV00805,2026-02-16,SKU00138,WH-MUM,Inbound,643,9387.59
INV00806,2026-03-31,SKU00397,WH-BLR,Inbound,420,1878.03
INV00807,2026-02-02,SKU00095,WH-BLR,Outbound,38,2031.98
INV00808,2026-07-27,SKU00357,WH-MUM,Inbound,221,825.85
INV00809,2026-04-29,SKU00318,WH-DEL,Inbound,713,8028.65
INV00810,2026-03-08,SKU00355,WH-BLR,Outbound,2,8423.07
INV00811,2026-04-11,SKU00140,WH-KOL,Inbound,718,1477.48
INV00812,2026-07-02,SKU00329,WH-BLR,Outbound,23,2228.79
INV00813,2026-07-06,SKU00433,WH-MUM,Outbound,32,5339.29
INV00814,2026-04-26,SKU00182,WH-DEL,Inbound,282,10232.53
INV00815,2026-06-09,SKU00500,WH-MUM,Outbound,16,5429.77
INV00816,2026-05-28,SKU00068,WH-MUM,Inbound,453,2170.13
INV00817,2026-07-15,SKU00425,WH-KOL,Outbound,30,5885.58
INV00818,2026-07-14,SKU00475,WH-BLR,Outbound,58,6589.98
INV00819,2026-02-15,SKU00366,WH-BLR,Inbound,363,2401.22
INV00820,2026-07-04,SKU00261,WH-DEL,Inbound,591,7060.4
INV00821,2026-06-09,SKU00452,WH-MUM,Inbound,240,323.23
INV00822,2026-02-16,SKU00263,WH-KOL,Outbound,16,3584.01
INV00823,2026-05-08,SKU00440,WH-BLR,Outbound,22,905.06
INV00824,2026-07-27,SKU00488,WH-DEL,Outbound,41,2491.44
INV00825,2026-02-01,SKU00378,WH-MUM,Outbound,55,1263.95
INV00826,2026-03-26,SKU00198,WH-KOL,Inbound,651,10809.09
INV00827,2026-02-10,SKU00279,WH-MUM,Outbound,6,1021.55
INV00828,2026-05-14,SKU00492,WH-BLR,Outbound,25,1123.17
INV00829,2026-07-27,SKU00462,WH-BLR,Outbound,6,517.67
INV00830,2026-07-04,SKU00164,WH-DEL,Outbound,19,2749.43
INV00831,2026-03-17,SKU00135,WH-BLR,Outbound,27,1689.65
INV00832,2026-05-25,SKU00333,WH-BLR,Inbound,380,1607.08
INV00833,2026-02-23,SKU00249,WH-MUM,Inbound,339,1814.53
INV00834,2026-06-07,SKU00463,WH-BLR,Inbound,286,3600.3
INV00835,2026-05-16,SKU00127,WH-KOL,Outbound,47,479.88
INV00836,2026-07-21,SKU00052,WH-DEL,Inbound,423,1137.66
INV00837,2026-02-23,SKU00202,WH-BLR,Inbound,526,3409.91
INV00838,2026-04-09,SKU00246,WH-KOL,Outbound,5,2079.08
INV00839,2026-05-28,SKU00381,WH-MUM,Inbound,346,1089.62
INV00840,2026-05-12,SKU00455,WH-DEL,Inbound,459,1331.76
INV00841,2026-04-08,SKU00217,WH-BLR,Inbound,620,214.53
INV00842,2026-04-24,SKU00229,WH-KOL,Outbound,26,1018.62
INV00843,2026-06-16,SKU00046,WH-BLR,Outbound,58,1426.46
INV00844,2026-04-19,SKU00436,WH-BLR,Outbound,15,11859.06
INV00845,2026-04-23,SKU00066,WH-MUM,Inbound,232,4782.22
INV00846,2026-03-18,SKU00334,WH-BLR,Outbound,41,1179.4
INV00847,2026-06-20,SKU00092,WH-KOL,Inbound,646,3470.01
INV00848,2026-05-26,SKU00396,WH-BLR,Outbound,20,5350.41
INV00849,2026-05-23,SKU00166,WH-BLR,Inbound,250,792.85
INV00850,2026-03-04,SKU00207,WH-DEL,Outbound,40,3369.01
INV00851,2026-06-14,SKU00108,WH-DEL,Outbound,18,7866.05
INV00852,2026-03-10,SKU00279,WH-MUM,Inbound,516,1021.55
INV00853,2026-07-12,SKU00261,WH-DEL,Inbound,658,7060.4
INV00854,2026-02-23,SKU00159,WH-MUM,Outbound,32,1254.94
INV00855,2026-05-17,SKU00138,WH-MUM,Outbound,55,9387.59
INV00856,2026-02-27,SKU00336,WH-BLR,Outbound,44,1514.56
INV00857,2026-03-30,SKU00209,WH-KOL,Outbound,22,680.56
INV00858,2026-06-06,SKU00260,WH-MUM,Outbound,39,2081.26
INV00859,2026-05-27,SKU00276,WH-KOL,Inbound,128,1805.73
INV00860,2026-04-14,SKU00297,WH-BLR,Inbound,424,1370.96
INV00861,2026-03-26,SKU00467,WH-KOL,Inbound,513,391.52
INV00862,2026-06-25,SKU00054,WH-BLR,Outbound,11,1923.43
INV00863,2026-04-17,SKU00271,WH-MUM,Outbound,9,1798.35
INV00864,2026-05-24,SKU00286,WH-KOL,Outbound,15,11666.17
INV00865,2026-03-17,SKU00289,WH-DEL,Outbound,4,781.96
INV00866,2026-07-07,SKU00081,WH-MUM,Outbound,34,836.66
INV00867,2026-05-18,SKU00267,WH-MUM,Outbound,28,2154.47
INV00868,2026-06-04,SKU00028,WH-BLR,Inbound,138,2400.36
INV00869,2026-04-04,SKU00384,WH-MUM,Inbound,448,971.4
INV00870,2026-03-14,SKU00445,WH-KOL,Inbound,398,126.16
INV00871,2026-02-26,SKU00069,WH-KOL,Inbound,377,4763.58
INV00872,2026-03-21,SKU00215,WH-DEL,Inbound,613,5829.92
INV00873,2026-05-24,SKU00459,WH-DEL,Inbound,623,10412.76
INV00874,2026-03-13,SKU00177,WH-DEL,Outbound,52,2327.45
INV00875,2026-07-18,SKU00051,WH-BLR,Inbound,245,2441.51
INV00876,2026-06-13,SKU00397,WH-BLR,Inbound,317,1878.03
INV00877,2026-02-18,SKU00227,WH-MUM,Inbound,764,155.78
INV00878,2026-07-08,SKU00142,WH-MUM,Inbound,64,912.52
INV00879,2026-07-30,SKU00347,WH-DEL,Outbound,18,757.27
INV00880,2026-07-13,SKU00304,WH-KOL,Outbound,43,1642.08
INV00881,2026-06-18,SKU00241,WH-MUM,Inbound,241,2478.55
INV00882,2026-03-11,SKU00178,WH-DEL,Outbound,19,10878.35
INV00883,2026-04-14,SKU00014,WH-KOL,Outbound,32,8341.7
INV00884,2026-07-05,SKU00018,WH-BLR,Inbound,737,8731.17
INV00885,2026-06-14,SKU00271,WH-MUM,Inbound,477,1798.35
INV00886,2026-02-14,SKU00355,WH-BLR,Outbound,24,8423.07
INV00887,2026-07-30,SKU00260,WH-MUM,Outbound,8,2081.26
INV00888,2026-04-10,SKU00110,WH-DEL,Outbound,42,5876.46
INV00889,2026-04-25,SKU00251,WH-MUM,Inbound,281,8829.48
INV00890,2026-03-14,SKU00484,WH-BLR,Inbound,660,1498.14
INV00891,2026-03-06,SKU00037,WH-MUM,Inbound,701,2029.84
INV00892,2026-05-21,SKU00469,WH-BLR,Inbound,794,5123.19
INV00893,2026-02-21,SKU00205,WH-DEL,Inbound,238,9692.27
INV00894,2026-04-10,SKU00268,WH-KOL,Outbound,25,59.54
INV00895,2026-07-13,SKU00009,WH-BLR,Outbound,56,1444.57
INV00896,2026-03-11,SKU00315,WH-BLR,Outbound,20,1700.11
INV00897,2026-07-13,SKU00093,WH-DEL,Inbound,171,450.31
INV00898,2026-06-02,SKU00312,WH-MUM,Outbound,59,1563.27
INV00899,2026-06-02,SKU00298,WH-BLR,Outbound,47,2124.17
INV00900,2026-03-10,SKU00447,WH-DEL,Outbound,53,556.11
INV00901,2026-07-11,SKU00129,WH-DEL,Inbound,513,9327.43
INV00902,2026-05-26,SKU00387,WH-MUM,Inbound,166,1977.63
INV00903,2026-07-20,SKU00047,WH-MUM,Outbound,20,4945.23
INV00904,2026-06-22,SKU00386,WH-KOL,Outbound,10,1664.17
INV00905,2026-06-02,SKU00260,WH-MUM,Outbound,37,2081.26
INV00906,2026-04-17,SKU00010,WH-MUM,Inbound,114,1943.7
INV00907,2026-02-01,SKU00133,WH-DEL,Outbound,40,1838.05
INV00908,2026-04-08,SKU00001,WH-DEL,Inbound,423,2287.34
INV00909,2026-03-30,SKU00167,WH-KOL,Inbound,354,3904.53
INV00910,2026-02-07,SKU00011,WH-KOL,Outbound,19,4389.51
INV00911,2026-03-09,SKU00032,WH-MUM,Inbound,365,4905.87
INV00912,2026-06-14,SKU00406,WH-KOL,Inbound,116,10375.09
INV00913,2026-05-13,SKU00242,WH-MUM,Inbound,200,1895.03
INV00914,2026-05-26,SKU00438,WH-KOL,Outbound,40,1991.44
INV00915,2026-05-22,SKU00337,WH-BLR,Outbound,22,2248.76
INV00916,2026-03-22,SKU00429,WH-BLR,Outbound,54,1908.01
INV00917,2026-07-22,SKU00159,WH-MUM,Outbound,54,1254.94
INV00918,2026-02-19,SKU00099,WH-BLR,Inbound,111,832.36
INV00919,2026-07-19,SKU00229,WH-KOL,Inbound,789,1018.62
INV00920,2026-06-11,SKU00263,WH-KOL,Outbound,2,3584.01
INV00921,2026-02-12,SKU00123,WH-DEL,Inbound,790,5972.23
INV00922,2026-05-01,SKU00107,WH-BLR,Inbound,81,5299.07
INV00923,2026-06-16,SKU00269,WH-MUM,Outbound,22,10726.11
INV00924,2026-04-09,SKU00132,WH-KOL,Inbound,629,1623.52
INV00925,2026-04-25,SKU00151,WH-BLR,Inbound,482,929.95
INV00926,2026-04-18,SKU00458,WH-MUM,Outbound,2,4799.28
INV00927,2026-07-07,SKU00408,WH-DEL,Inbound,262,11682.32
INV00928,2026-06-08,SKU00099,WH-BLR,Inbound,531,832.36
INV00929,2026-02-02,SKU00112,WH-DEL,Outbound,18,1638.05
INV00930,2026-05-14,SKU00317,WH-MUM,Outbound,3,7090.7
INV00931,2026-04-29,SKU00283,WH-MUM,Outbound,25,6172.83
INV00932,2026-05-05,SKU00143,WH-MUM,Outbound,21,745.93
INV00933,2026-04-05,SKU00109,WH-KOL,Outbound,59,2319.81
INV00934,2026-03-16,SKU00451,WH-DEL,Inbound,87,3943.56
INV00935,2026-05-01,SKU00019,WH-KOL,Outbound,33,9568.66
INV00936,2026-06-22,SKU00044,WH-DEL,Inbound,277,8162.88
INV00937,2026-06-15,SKU00433,WH-MUM,Inbound,117,5339.29
INV00938,2026-04-21,SKU00164,WH-DEL,Outbound,12,2749.43
INV00939,2026-06-09,SKU00356,WH-MUM,Inbound,176,9157.17
INV00940,2026-06-01,SKU00383,WH-KOL,Inbound,738,707.86
INV00941,2026-03-14,SKU00028,WH-BLR,Inbound,344,2400.36
INV00942,2026-07-05,SKU00387,WH-MUM,Outbound,13,1977.63
INV00943,2026-02-28,SKU00033,WH-KOL,Outbound,23,1276.72
INV00944,2026-07-01,SKU00123,WH-DEL,Inbound,468,5972.23
INV00945,2026-05-09,SKU00493,WH-BLR,Inbound,782,558.06
INV00946,2026-06-03,SKU00012,WH-BLR,Inbound,111,828.21
INV00947,2026-06-19,SKU00361,WH-MUM,Inbound,536,374.74
INV00948,2026-04-08,SKU00158,WH-MUM,Outbound,57,9970.62
INV00949,2026-07-30,SKU00042,WH-DEL,Outbound,5,366.12
INV00950,2026-02-18,SKU00443,WH-KOL,Inbound,361,2005.51
INV00951,2026-02-01,SKU00087,WH-KOL,Outbound,33,115.0
INV00952,2026-06-16,SKU00301,WH-MUM,Inbound,731,1418.75
INV00953,2026-03-25,SKU00243,WH-MUM,Outbound,36,11188.78
INV00954,2026-02-18,SKU00272,WH-MUM,Inbound,207,5954.63
INV00955,2026-06-30,SKU00202,WH-BLR,Inbound,328,3409.91
INV00956,2026-02-20,SKU00247,WH-BLR,Inbound,765,7998.99
INV00957,2026-05-05,SKU00438,WH-KOL,Outbound,17,1991.44
INV00958,2026-02-27,SKU00141,WH-BLR,Outbound,32,1331.57
INV00959,2026-02-19,SKU00328,WH-KOL,Outbound,28,1087.01
INV00960,2026-05-13,SKU00412,WH-MUM,Outbound,15,9687.41
INV00961,2026-03-12,SKU00492,WH-BLR,Outbound,29,1123.17
INV00962,2026-03-17,SKU00247,WH-BLR,Inbound,234,7998.99
INV00963,2026-04-07,SKU00140,WH-KOL,Inbound,579,1477.48
INV00964,2026-03-20,SKU00175,WH-MUM,Inbound,522,9741.4
INV00965,2026-07-30,SKU00143,WH-MUM,Outbound,38,745.93
INV00966,2026-04-13,SKU00394,WH-BLR,Inbound,316,1568.3
INV00967,2026-05-13,SKU00331,WH-KOL,Outbound,50,1764.17
INV00968,2026-07-09,SKU00352,WH-MUM,Outbound,41,1791.37
INV00969,2026-04-16,SKU00447,WH-DEL,Inbound,371,556.11
INV00970,2026-07-23,SKU00368,WH-BLR,Outbound,52,2353.47
INV00971,2026-06-05,SKU00436,WH-BLR,Inbound,109,11859.06
INV00972,2026-05-20,SKU00205,WH-DEL,Outbound,46,9692.27
INV00973,2026-04-01,SKU00256,WH-MUM,Outbound,49,483.82
INV00974,2026-02-26,SKU00182,WH-DEL,Outbound,59,10232.53
INV00975,2026-03-30,SKU00180,WH-DEL,Outbound,14,5711.83
INV00976,2026-05-05,SKU00224,WH-KOL,Inbound,538,6709.79
INV00977,2026-02-24,SKU00067,WH-BLR,Outbound,34,951.37
INV00978,2026-06-16,SKU00100,WH-BLR,Inbound,242,2174.89
INV00979,2026-05-10,SKU00359,WH-KOL,Outbound,15,9757.49
INV00980,2026-06-15,SKU00277,WH-MUM,Outbound,30,9601.1
INV00981,2026-06-28,SKU00327,WH-BLR,Inbound,542,2584.24
INV00982,2026-07-23,SKU00048,WH-KOL,Outbound,16,315.62
INV00983,2026-05-03,SKU00336,WH-BLR,Outbound,23,1514.56
INV00984,2026-05-17,SKU00158,WH-MUM,Inbound,480,9970.62
INV00985,2026-07-29,SKU00075,WH-MUM,Inbound,603,1714.84
INV00986,2026-03-17,SKU00430,WH-DEL,Inbound,719,11221.42
INV00987,2026-05-26,SKU00270,WH-BLR,Outbound,30,11314.66
INV00988,2026-02-17,SKU00313,WH-KOL,Outbound,42,1079.2
INV00989,2026-05-09,SKU00423,WH-BLR,Outbound,25,6943.79
INV00990,2026-07-27,SKU00484,WH-BLR,Inbound,75,1498.14
INV00991,2026-05-03,SKU00361,WH-MUM,Inbound,226,374.74
INV00992,2026-07-19,SKU00034,WH-BLR,Outbound,10,1790.1
INV00993,2026-02-15,SKU00238,WH-BLR,Outbound,47,944.37
INV00994,2026-02-16,SKU00333,WH-BLR,Inbound,602,1607.08
INV00995,2026-07-27,SKU00398,WH-DEL,Outbound,25,1619.31
INV00996,2026-02-07,SKU00434,WH-BLR,Outbound,34,3062.04
INV00997,2026-07-06,SKU00211,WH-MUM,Inbound,513,466.45
INV00998,2026-04-17,SKU00432,WH-MUM,Inbound,373,1455.14
INV00999,2026-02-28,SKU00314,WH-MUM,Inbound,392,2421.37
INV01000,2026-05-15,SKU00283,WH-MUM,Outbound,58,6172.83
INV01001,2026-07-27,SKU00355,WH-BLR,Inbound,748,8423.07
INV01002,2026-06-29,SKU00327,WH-BLR,Outbound,9,2584.24
INV01003,2026-03-03,SKU00445,WH-KOL,Inbound,556,126.16
INV01004,2026-03-26,SKU00092,WH-KOL,Inbound,355,3470.01
INV01005,2026-02-13,SKU00145,WH-MUM,Outbound,50,1430.63
INV01006,2026-02-18,SKU00200,WH-DEL,Outbound,40,886.77
INV01007,2026-04-26,SKU00354,WH-BLR,Inbound,138,8745.97
INV01008,2026-05-11,SKU00257,WH-BLR,Outbound,16,2345.8
INV01009,2026-03-13,SKU00109,WH-KOL,Outbound,37,2319.81
INV01010,2026-03-23,SKU00241,WH-MUM,Inbound,585,2478.55
INV01011,2026-02-16,SKU00254,WH-MUM,Inbound,401,9288.27
INV01012,2026-06-24,SKU00470,WH-MUM,Outbound,23,882.17
INV01013,2026-03-19,SKU00253,WH-MUM,Outbound,21,11334.19
INV01014,2026-04-29,SKU00452,WH-MUM,Inbound,759,323.23
INV01015,2026-04-08,SKU00493,WH-BLR,Inbound,233,558.06
INV01016,2026-03-07,SKU00364,WH-MUM,Inbound,230,298.52
INV01017,2026-05-08,SKU00133,WH-DEL,Inbound,792,1838.05
INV01018,2026-06-12,SKU00184,WH-KOL,Outbound,39,748.55
INV01019,2026-07-15,SKU00155,WH-MUM,Outbound,51,1737.81
INV01020,2026-02-25,SKU00435,WH-KOL,Inbound,611,1890.71
INV01021,2026-05-03,SKU00299,WH-KOL,Inbound,775,5950.16
INV01022,2026-05-04,SKU00406,WH-KOL,Inbound,648,10375.09
INV01023,2026-07-30,SKU00028,WH-BLR,Outbound,14,2400.36
INV01024,2026-04-20,SKU00130,WH-BLR,Inbound,792,2485.49
INV01025,2026-05-18,SKU00045,WH-BLR,Inbound,566,1351.96
INV01026,2026-07-05,SKU00204,WH-KOL,Outbound,37,820.72
INV01027,2026-07-03,SKU00488,WH-DEL,Inbound,488,2491.44
INV01028,2026-07-03,SKU00334,WH-BLR,Outbound,27,1179.4
INV01029,2026-05-07,SKU00098,WH-KOL,Outbound,38,10029.72
INV01030,2026-04-12,SKU00371,WH-BLR,Outbound,54,644.58
INV01031,2026-03-27,SKU00303,WH-BLR,Outbound,15,1854.07
INV01032,2026-07-08,SKU00417,WH-DEL,Inbound,723,8095.48
INV01033,2026-07-30,SKU00285,WH-BLR,Inbound,433,2040.13
INV01034,2026-02-15,SKU00125,WH-MUM,Outbound,58,706.81
INV01035,2026-06-01,SKU00318,WH-DEL,Outbound,7,8028.65
INV01036,2026-05-03,SKU00465,WH-BLR,Outbound,4,3344.27
INV01037,2026-07-22,SKU00229,WH-KOL,Inbound,432,1018.62
INV01038,2026-04-16,SKU00168,WH-MUM,Inbound,399,867.2
INV01039,2026-05-27,SKU00407,WH-KOL,Inbound,365,11116.04
INV01040,2026-03-23,SKU00258,WH-KOL,Outbound,14,2854.17
INV01041,2026-02-04,SKU00046,WH-BLR,Inbound,238,1426.46
INV01042,2026-03-30,SKU00058,WH-MUM,Inbound,455,2453.01
INV01043,2026-06-10,SKU00391,WH-MUM,Outbound,46,874.84
INV01044,2026-03-20,SKU00210,WH-MUM,Outbound,45,3140.12
INV01045,2026-07-29,SKU00123,WH-DEL,Inbound,327,5972.23
INV01046,2026-04-04,SKU00063,WH-MUM,Inbound,302,10724.93
INV01047,2026-05-22,SKU00288,WH-BLR,Outbound,10,2081.82
INV01048,2026-02-26,SKU00380,WH-BLR,Outbound,54,380.87
INV01049,2026-05-29,SKU00068,WH-MUM,Inbound,572,2170.13
INV01050,2026-02-03,SKU00495,WH-BLR,Outbound,59,772.9
INV01051,2026-03-11,SKU00049,WH-BLR,Inbound,306,366.94
INV01052,2026-04-02,SKU00498,WH-KOL,Outbound,9,735.5
INV01053,2026-07-01,SKU00299,WH-KOL,Outbound,26,5950.16
INV01054,2026-06-05,SKU00410,WH-KOL,Outbound,7,1875.94
INV01055,2026-02-01,SKU00057,WH-MUM,Outbound,20,1005.65
INV01056,2026-07-15,SKU00365,WH-BLR,Inbound,677,1218.85
INV01057,2026-06-17,SKU00107,WH-BLR,Outbound,4,5299.07
INV01058,2026-03-13,SKU00436,WH-BLR,Inbound,73,11859.06
INV01059,2026-03-21,SKU00088,WH-BLR,Inbound,456,860.25
INV01060,2026-07-17,SKU00140,WH-KOL,Inbound,637,1477.48
INV01061,2026-03-14,SKU00351,WH-DEL,Outbound,32,1742.09
INV01062,2026-05-27,SKU00078,WH-KOL,Inbound,246,1533.87
INV01063,2026-06-26,SKU00397,WH-BLR,Outbound,56,1878.03
INV01064,2026-07-28,SKU00092,WH-KOL,Outbound,21,3470.01
INV01065,2026-04-02,SKU00106,WH-BLR,Outbound,14,2011.43
INV01066,2026-04-12,SKU00439,WH-BLR,Inbound,382,2098.48
INV01067,2026-04-13,SKU00357,WH-MUM,Inbound,518,825.85
INV01068,2026-07-17,SKU00024,WH-DEL,Inbound,510,1016.84
INV01069,2026-04-11,SKU00298,WH-BLR,Inbound,501,2124.17
INV01070,2026-05-15,SKU00361,WH-MUM,Inbound,146,374.74
INV01071,2026-05-25,SKU00112,WH-DEL,Inbound,536,1638.05
INV01072,2026-04-04,SKU00022,WH-MUM,Outbound,56,9412.88
INV01073,2026-07-12,SKU00428,WH-DEL,Inbound,265,199.03
INV01074,2026-06-02,SKU00155,WH-MUM,Outbound,30,1737.81
INV01075,2026-06-29,SKU00254,WH-MUM,Inbound,275,9288.27
INV01076,2026-05-11,SKU00336,WH-BLR,Inbound,725,1514.56
INV01077,2026-06-03,SKU00174,WH-MUM,Inbound,139,912.92
INV01078,2026-03-02,SKU00027,WH-MUM,Outbound,31,2488.89
INV01079,2026-06-19,SKU00281,WH-BLR,Outbound,35,6051.72
INV01080,2026-06-15,SKU00367,WH-MUM,Inbound,400,6437.63
INV01081,2026-02-18,SKU00388,WH-KOL,Inbound,159,1917.96
INV01082,2026-07-15,SKU00289,WH-DEL,Inbound,632,781.96
INV01083,2026-07-24,SKU00082,WH-BLR,Inbound,560,5223.71
INV01084,2026-02-22,SKU00365,WH-BLR,Outbound,47,1218.85
INV01085,2026-03-28,SKU00048,WH-KOL,Outbound,19,315.62
INV01086,2026-02-25,SKU00499,WH-BLR,Outbound,18,2025.27
INV01087,2026-02-21,SKU00030,WH-BLR,Outbound,35,795.94
INV01088,2026-03-09,SKU00044,WH-DEL,Outbound,39,8162.88
INV01089,2026-07-15,SKU00051,WH-BLR,Inbound,57,2441.51
INV01090,2026-06-29,SKU00059,WH-MUM,Outbound,6,1413.19
INV01091,2026-03-19,SKU00497,WH-KOL,Outbound,2,1676.27
INV01092,2026-02-22,SKU00308,WH-MUM,Inbound,501,1066.39
INV01093,2026-02-27,SKU00352,WH-MUM,Inbound,125,1791.37
INV01094,2026-02-22,SKU00183,WH-BLR,Outbound,15,418.97
INV01095,2026-07-29,SKU00334,WH-BLR,Inbound,482,1179.4
INV01096,2026-06-04,SKU00003,WH-DEL,Outbound,21,1314.42
INV01097,2026-02-04,SKU00284,WH-DEL,Outbound,48,2058.16
INV01098,2026-02-12,SKU00298,WH-BLR,Outbound,46,2124.17
INV01099,2026-06-05,SKU00180,WH-DEL,Outbound,1,5711.83
INV01100,2026-07-22,SKU00298,WH-BLR,Inbound,500,2124.17
INV01101,2026-04-12,SKU00095,WH-BLR,Outbound,21,2031.98
INV01102,2026-02-18,SKU00286,WH-KOL,Inbound,472,11666.17
INV01103,2026-06-28,SKU00024,WH-DEL,Outbound,41,1016.84
INV01104,2026-07-19,SKU00096,WH-MUM,Inbound,290,5218.43
INV01105,2026-02-12,SKU00307,WH-MUM,Outbound,41,1107.62
INV01106,2026-06-26,SKU00480,WH-BLR,Outbound,11,2279.72
INV01107,2026-03-30,SKU00164,WH-DEL,Inbound,767,2749.43
INV01108,2026-04-02,SKU00169,WH-BLR,Inbound,183,9131.35
INV01109,2026-03-16,SKU00356,WH-MUM,Outbound,24,9157.17
INV01110,2026-04-14,SKU00025,WH-KOL,Inbound,392,5654.27
INV01111,2026-02-23,SKU00346,WH-BLR,Inbound,100,1095.65
INV01112,2026-02-23,SKU00194,WH-MUM,Inbound,373,1280.91
INV01113,2026-05-16,SKU00477,WH-MUM,Inbound,313,699.44
INV01114,2026-07-12,SKU00284,WH-DEL,Inbound,152,2058.16
INV01115,2026-03-30,SKU00098,WH-KOL,Inbound,83,10029.72
INV01116,2026-07-08,SKU00250,WH-KOL,Outbound,53,3336.03
INV01117,2026-04-13,SKU00477,WH-MUM,Inbound,567,699.44
INV01118,2026-04-20,SKU00036,WH-DEL,Outbound,54,1364.59
INV01119,2026-05-30,SKU00249,WH-MUM,Outbound,38,1814.53
INV01120,2026-06-27,SKU00259,WH-BLR,Outbound,35,1430.12
INV01121,2026-02-14,SKU00383,WH-KOL,Outbound,25,707.86
INV01122,2026-02-22,SKU00338,WH-MUM,Outbound,55,10439.58
INV01123,2026-06-24,SKU00006,WH-KOL,Outbound,34,687.85
INV01124,2026-04-15,SKU00176,WH-KOL,Outbound,27,2745.2
INV01125,2026-04-13,SKU00357,WH-MUM,Inbound,92,825.85
INV01126,2026-06-22,SKU00426,WH-MUM,Outbound,13,145.33
INV01127,2026-03-20,SKU00171,WH-MUM,Inbound,439,5380.68
INV01128,2026-06-21,SKU00470,WH-MUM,Outbound,11,882.17
INV01129,2026-06-27,SKU00082,WH-BLR,Inbound,390,5223.71
INV01130,2026-07-19,SKU00485,WH-KOL,Inbound,466,3725.58
INV01131,2026-03-16,SKU00247,WH-BLR,Outbound,4,7998.99
INV01132,2026-05-19,SKU00485,WH-KOL,Outbound,27,3725.58
INV01133,2026-05-26,SKU00186,WH-BLR,Outbound,51,166.06
INV01134,2026-04-20,SKU00268,WH-KOL,Outbound,39,59.54
INV01135,2026-03-07,SKU00348,WH-BLR,Inbound,239,9937.94
INV01136,2026-04-08,SKU00059,WH-MUM,Outbound,3,1413.19
INV01137,2026-05-12,SKU00109,WH-KOL,Inbound,531,2319.81
INV01138,2026-05-03,SKU00172,WH-MUM,Outbound,35,2264.57
INV01139,2026-04-14,SKU00309,WH-MUM,Outbound,25,1171.45
INV01140,2026-05-15,SKU00324,WH-KOL,Outbound,30,1652.07
INV01141,2026-07-06,SKU00265,WH-DEL,Outbound,28,6237.57
INV01142,2026-06-06,SKU00469,WH-BLR,Inbound,421,5123.19
INV01143,2026-04-13,SKU00260,WH-MUM,Inbound,462,2081.26
INV01144,2026-06-11,SKU00496,WH-KOL,Inbound,323,8730.94
INV01145,2026-06-04,SKU00320,WH-BLR,Outbound,23,11495.71
INV01146,2026-03-28,SKU00346,WH-BLR,Outbound,59,1095.65
INV01147,2026-07-27,SKU00418,WH-MUM,Outbound,38,1493.1
INV01148,2026-02-23,SKU00195,WH-BLR,Outbound,51,2145.91
INV01149,2026-02-01,SKU00345,WH-KOL,Outbound,29,5493.81
INV01150,2026-05-06,SKU00189,WH-MUM,Inbound,712,1312.08
INV01151,2026-02-17,SKU00150,WH-MUM,Outbound,39,2262.09
INV01152,2026-05-30,SKU00328,WH-KOL,Inbound,358,1087.01
INV01153,2026-05-14,SKU00046,WH-BLR,Inbound,448,1426.46
INV01154,2026-03-28,SKU00316,WH-MUM,Outbound,5,2498.51
INV01155,2026-03-17,SKU00324,WH-KOL,Outbound,54,1652.07
INV01156,2026-07-14,SKU00082,WH-BLR,Outbound,38,5223.71
INV01157,2026-02-02,SKU00188,WH-DEL,Outbound,55,5522.04
INV01158,2026-04-21,SKU00426,WH-MUM,Inbound,493,145.33
INV01159,2026-07-20,SKU00303,WH-BLR,Outbound,48,1854.07
INV01160,2026-06-18,SKU00366,WH-BLR,Inbound,246,2401.22
INV01161,2026-03-24,SKU00035,WH-BLR,Outbound,38,445.07
INV01162,2026-05-07,SKU00359,WH-KOL,Inbound,436,9757.49
INV01163,2026-07-30,SKU00081,WH-MUM,Inbound,677,836.66
INV01164,2026-03-08,SKU00254,WH-MUM,Outbound,11,9288.27
INV01165,2026-03-10,SKU00058,WH-MUM,Outbound,35,2453.01
INV01166,2026-02-21,SKU00125,WH-MUM,Outbound,44,706.81
INV01167,2026-07-17,SKU00286,WH-KOL,Outbound,13,11666.17
INV01168,2026-07-06,SKU00192,WH-BLR,Inbound,763,1158.64
INV01169,2026-02-01,SKU00479,WH-MUM,Outbound,48,8467.6
INV01170,2026-07-26,SKU00051,WH-BLR,Inbound,543,2441.51
INV01171,2026-05-20,SKU00160,WH-KOL,Outbound,41,11066.49
INV01172,2026-05-24,SKU00170,WH-KOL,Outbound,7,854.17
INV01173,2026-06-14,SKU00194,WH-MUM,Inbound,634,1280.91
INV01174,2026-04-08,SKU00235,WH-DEL,Inbound,86,6615.42
INV01175,2026-06-05,SKU00331,WH-KOL,Outbound,42,1764.17
INV01176,2026-06-11,SKU00156,WH-MUM,Outbound,19,7355.2
INV01177,2026-06-22,SKU00465,WH-BLR,Outbound,43,3344.27
INV01178,2026-02-22,SKU00471,WH-KOL,Outbound,45,2274.94
INV01179,2026-07-06,SKU00060,WH-KOL,Inbound,371,1649.08
INV01180,2026-04-25,SKU00279,WH-MUM,Inbound,579,1021.55
INV01181,2026-04-03,SKU00106,WH-BLR,Outbound,53,2011.43
INV01182,2026-03-22,SKU00189,WH-MUM,Outbound,15,1312.08
INV01183,2026-05-20,SKU00096,WH-MUM,Outbound,12,5218.43
INV01184,2026-06-24,SKU00129,WH-DEL,Inbound,252,9327.43
INV01185,2026-06-09,SKU00399,WH-DEL,Inbound,80,6880.47
INV01186,2026-04-25,SKU00107,WH-BLR,Inbound,399,5299.07
INV01187,2026-07-05,SKU00479,WH-MUM,Outbound,30,8467.6
INV01188,2026-07-21,SKU00417,WH-DEL,Outbound,27,8095.48
INV01189,2026-02-05,SKU00059,WH-MUM,Outbound,13,1413.19
INV01190,2026-05-22,SKU00164,WH-DEL,Inbound,344,2749.43
INV01191,2026-02-05,SKU00395,WH-BLR,Outbound,54,1053.28
INV01192,2026-05-21,SKU00128,WH-DEL,Inbound,584,2884.26
INV01193,2026-07-29,SKU00138,WH-MUM,Outbound,24,9387.59
INV01194,2026-07-26,SKU00469,WH-BLR,Outbound,11,5123.19
INV01195,2026-02-23,SKU00442,WH-DEL,Inbound,524,3803.66
INV01196,2026-03-31,SKU00360,WH-DEL,Outbound,9,7805.28
INV01197,2026-03-19,SKU00292,WH-MUM,Outbound,24,2101.59
INV01198,2026-03-10,SKU00430,WH-DEL,Outbound,36,11221.42
INV01199,2026-03-23,SKU00424,WH-MUM,Inbound,740,838.98
INV01200,2026-03-26,SKU00179,WH-MUM,Outbound,35,1072.27
INV01201,2026-04-16,SKU00387,WH-MUM,Inbound,245,1977.63
INV01202,2026-06-10,SKU00205,WH-DEL,Inbound,153,9692.27
INV01203,2026-06-14,SKU00140,WH-KOL,Inbound,110,1477.48
INV01204,2026-04-22,SKU00152,WH-MUM,Outbound,10,1595.73
INV01205,2026-07-19,SKU00299,WH-KOL,Outbound,56,5950.16
INV01206,2026-03-01,SKU00139,WH-BLR,Outbound,7,2060.24
INV01207,2026-05-10,SKU00325,WH-BLR,Inbound,314,7306.51
INV01208,2026-07-13,SKU00485,WH-KOL,Outbound,5,3725.58
INV01209,2026-05-15,SKU00206,WH-KOL,Inbound,121,7902.26
INV01210,2026-05-18,SKU00461,WH-MUM,Outbound,29,695.7
INV01211,2026-04-13,SKU00021,WH-BLR,Outbound,59,1201.01
INV01212,2026-06-11,SKU00218,WH-MUM,Outbound,27,1883.86
INV01213,2026-05-19,SKU00299,WH-KOL,Outbound,20,5950.16
INV01214,2026-07-25,SKU00127,WH-KOL,Inbound,59,479.88
INV01215,2026-02-08,SKU00183,WH-BLR,Outbound,41,418.97
INV01216,2026-02-12,SKU00028,WH-BLR,Outbound,12,2400.36
INV01217,2026-05-08,SKU00110,WH-DEL,Inbound,634,5876.46
INV01218,2026-06-06,SKU00312,WH-MUM,Outbound,19,1563.27
INV01219,2026-07-18,SKU00026,WH-MUM,Outbound,10,881.72
INV01220,2026-07-04,SKU00093,WH-DEL,Outbound,12,450.31
INV01221,2026-06-21,SKU00052,WH-DEL,Outbound,35,1137.66
INV01222,2026-03-16,SKU00496,WH-KOL,Inbound,284,8730.94
INV01223,2026-04-11,SKU00089,WH-MUM,Outbound,24,1266.65
INV01224,2026-02-02,SKU00417,WH-DEL,Inbound,157,8095.48
INV01225,2026-06-22,SKU00019,WH-KOL,Inbound,425,9568.66
INV01226,2026-03-03,SKU00115,WH-BLR,Inbound,162,8987.46
INV01227,2026-03-17,SKU00083,WH-KOL,Outbound,18,6849.78
INV01228,2026-05-12,SKU00243,WH-MUM,Outbound,39,11188.78
INV01229,2026-06-09,SKU00153,WH-BLR,Outbound,1,1195.75
INV01230,2026-06-17,SKU00315,WH-BLR,Outbound,44,1700.11
INV01231,2026-03-18,SKU00083,WH-KOL,Inbound,634,6849.78
INV01232,2026-05-24,SKU00497,WH-KOL,Inbound,372,1676.27
INV01233,2026-06-13,SKU00093,WH-DEL,Outbound,2,450.31
INV01234,2026-05-30,SKU00468,WH-MUM,Inbound,54,961.59
INV01235,2026-03-15,SKU00175,WH-MUM,Outbound,28,9741.4
INV01236,2026-07-10,SKU00397,WH-BLR,Inbound,748,1878.03
INV01237,2026-04-03,SKU00156,WH-MUM,Outbound,2,7355.2
INV01238,2026-04-10,SKU00345,WH-KOL,Outbound,51,5493.81
INV01239,2026-03-24,SKU00376,WH-BLR,Inbound,643,883.34
INV01240,2026-07-30,SKU00303,WH-BLR,Inbound,798,1854.07
INV01241,2026-07-07,SKU00088,WH-BLR,Inbound,77,860.25
INV01242,2026-06-03,SKU00374,WH-KOL,Outbound,56,4925.51
INV01243,2026-06-27,SKU00220,WH-MUM,Inbound,368,4706.79
INV01244,2026-07-15,SKU00403,WH-MUM,Inbound,516,5853.86
INV01245,2026-06-09,SKU00124,WH-BLR,Inbound,350,9532.62
INV01246,2026-02-17,SKU00220,WH-MUM,Outbound,40,4706.79
INV01247,2026-03-13,SKU00347,WH-DEL,Inbound,641,757.27
INV01248,2026-05-08,SKU00406,WH-KOL,Inbound,215,10375.09
INV01249,2026-05-06,SKU00100,WH-BLR,Outbound,29,2174.89
INV01250,2026-03-17,SKU00476,WH-MUM,Outbound,27,1133.85
INV01251,2026-06-26,SKU00251,WH-MUM,Inbound,381,8829.48
INV01252,2026-06-06,SKU00411,WH-MUM,Inbound,308,9624.5
INV01253,2026-05-16,SKU00494,WH-MUM,Outbound,32,311.32
INV01254,2026-05-16,SKU00312,WH-MUM,Outbound,52,1563.27
INV01255,2026-03-17,SKU00393,WH-DEL,Inbound,345,9518.82
INV01256,2026-02-13,SKU00084,WH-DEL,Inbound,238,1208.11
INV01257,2026-03-15,SKU00065,WH-MUM,Inbound,535,2082.57
INV01258,2026-03-03,SKU00043,WH-MUM,Outbound,46,1179.69
INV01259,2026-06-07,SKU00198,WH-KOL,Inbound,501,10809.09
INV01260,2026-03-26,SKU00036,WH-DEL,Inbound,631,1364.59
INV01261,2026-06-01,SKU00314,WH-MUM,Inbound,423,2421.37
INV01262,2026-07-01,SKU00136,WH-BLR,Inbound,690,2010.34
INV01263,2026-02-11,SKU00409,WH-MUM,Outbound,36,394.1
INV01264,2026-07-03,SKU00247,WH-BLR,Outbound,20,7998.99
INV01265,2026-02-26,SKU00160,WH-KOL,Inbound,435,11066.49
INV01266,2026-06-08,SKU00429,WH-BLR,Outbound,58,1908.01
INV01267,2026-03-22,SKU00455,WH-DEL,Outbound,30,1331.76
INV01268,2026-04-28,SKU00275,WH-BLR,Outbound,12,7591.41
INV01269,2026-04-23,SKU00055,WH-MUM,Inbound,81,681.63
INV01270,2026-04-30,SKU00309,WH-MUM,Inbound,525,1171.45
INV01271,2026-02-10,SKU00099,WH-BLR,Outbound,1,832.36
INV01272,2026-03-02,SKU00238,WH-BLR,Outbound,59,944.37
INV01273,2026-04-18,SKU00241,WH-MUM,Inbound,392,2478.55
INV01274,2026-03-27,SKU00128,WH-DEL,Inbound,686,2884.26
INV01275,2026-07-01,SKU00493,WH-BLR,Outbound,36,558.06
INV01276,2026-07-11,SKU00159,WH-MUM,Outbound,50,1254.94
INV01277,2026-07-09,SKU00435,WH-KOL,Inbound,785,1890.71
INV01278,2026-07-15,SKU00239,WH-BLR,Outbound,31,631.96
INV01279,2026-03-24,SKU00391,WH-MUM,Inbound,510,874.84
INV01280,2026-03-12,SKU00259,WH-BLR,Outbound,1,1430.12
INV01281,2026-06-18,SKU00158,WH-MUM,Outbound,49,9970.62
INV01282,2026-07-28,SKU00222,WH-BLR,Outbound,18,1173.02
INV01283,2026-06-13,SKU00368,WH-BLR,Outbound,51,2353.47
INV01284,2026-02-20,SKU00400,WH-BLR,Outbound,34,8201.96
INV01285,2026-06-07,SKU00044,WH-DEL,Inbound,637,8162.88
INV01286,2026-04-26,SKU00452,WH-MUM,Outbound,53,323.23
INV01287,2026-06-29,SKU00377,WH-MUM,Outbound,25,7108.33
INV01288,2026-03-17,SKU00084,WH-DEL,Outbound,48,1208.11
INV01289,2026-07-04,SKU00357,WH-MUM,Outbound,42,825.85
INV01290,2026-04-24,SKU00154,WH-KOL,Outbound,22,4016.0
INV01291,2026-05-20,SKU00246,WH-KOL,Outbound,10,2079.08
INV01292,2026-04-11,SKU00472,WH-MUM,Inbound,486,11162.84
INV01293,2026-06-11,SKU00145,WH-MUM,Inbound,646,1430.63
INV01294,2026-07-01,SKU00382,WH-BLR,Inbound,214,2309.85
INV01295,2026-02-03,SKU00229,WH-KOL,Outbound,35,1018.62
INV01296,2026-02-23,SKU00091,WH-DEL,Outbound,14,7317.96
INV01297,2026-02-26,SKU00392,WH-BLR,Outbound,11,52.43
INV01298,2026-05-16,SKU00432,WH-MUM,Inbound,458,1455.14
INV01299,2026-02-13,SKU00494,WH-MUM,Outbound,20,311.32
INV01300,2026-02-02,SKU00035,WH-BLR,Inbound,680,445.07
INV01301,2026-03-25,SKU00419,WH-KOL,Outbound,12,440.1
INV01302,2026-06-10,SKU00388,WH-KOL,Outbound,22,1917.96
INV01303,2026-03-14,SKU00306,WH-KOL,Outbound,10,4612.41
INV01304,2026-06-15,SKU00263,WH-KOL,Inbound,293,3584.01
INV01305,2026-07-14,SKU00198,WH-KOL,Outbound,24,10809.09
INV01306,2026-05-01,SKU00004,WH-DEL,Outbound,48,557.2
INV01307,2026-03-23,SKU00370,WH-MUM,Outbound,55,5792.33
INV01308,2026-05-24,SKU00235,WH-DEL,Inbound,211,6615.42
INV01309,2026-02-19,SKU00033,WH-KOL,Outbound,12,1276.72
INV01310,2026-05-05,SKU00059,WH-MUM,Inbound,560,1413.19
INV01311,2026-04-11,SKU00377,WH-MUM,Inbound,719,7108.33
INV01312,2026-02-03,SKU00094,WH-DEL,Outbound,59,575.1
INV01313,2026-04-25,SKU00168,WH-MUM,Inbound,59,867.2
INV01314,2026-05-18,SKU00125,WH-MUM,Inbound,88,706.81
INV01315,2026-07-03,SKU00325,WH-BLR,Inbound,547,7306.51
INV01316,2026-02-28,SKU00242,WH-MUM,Outbound,20,1895.03
INV01317,2026-05-04,SKU00391,WH-MUM,Inbound,513,874.84
INV01318,2026-03-11,SKU00072,WH-MUM,Outbound,21,6769.78
INV01319,2026-02-19,SKU00002,WH-KOL,Outbound,37,137.81
INV01320,2026-07-10,SKU00253,WH-MUM,Outbound,31,11334.19
INV01321,2026-04-05,SKU00466,WH-DEL,Outbound,53,11449.89
INV01322,2026-06-17,SKU00456,WH-BLR,Outbound,29,401.21
INV01323,2026-07-19,SKU00174,WH-MUM,Outbound,49,912.92
INV01324,2026-07-18,SKU00409,WH-MUM,Outbound,8,394.1
INV01325,2026-07-26,SKU00191,WH-BLR,Outbound,13,584.77
INV01326,2026-04-12,SKU00369,WH-DEL,Outbound,22,8667.87
INV01327,2026-05-11,SKU00051,WH-BLR,Outbound,36,2441.51
INV01328,2026-05-30,SKU00115,WH-BLR,Inbound,254,8987.46
INV01329,2026-05-04,SKU00324,WH-KOL,Inbound,627,1652.07
INV01330,2026-06-29,SKU00205,WH-DEL,Outbound,32,9692.27
INV01331,2026-03-06,SKU00211,WH-MUM,Inbound,149,466.45
INV01332,2026-03-05,SKU00059,WH-MUM,Outbound,7,1413.19
INV01333,2026-04-01,SKU00473,WH-BLR,Outbound,8,1817.11
INV01334,2026-02-06,SKU00198,WH-KOL,Outbound,50,10809.09
INV01335,2026-04-12,SKU00159,WH-MUM,Outbound,50,1254.94
INV01336,2026-04-13,SKU00112,WH-DEL,Inbound,204,1638.05
INV01337,2026-04-07,SKU00001,WH-DEL,Inbound,291,2287.34
INV01338,2026-06-27,SKU00287,WH-MUM,Inbound,542,2477.64
INV01339,2026-04-23,SKU00243,WH-MUM,Outbound,37,11188.78
INV01340,2026-07-28,SKU00115,WH-BLR,Outbound,38,8987.46
INV01341,2026-03-06,SKU00400,WH-BLR,Inbound,516,8201.96
INV01342,2026-02-01,SKU00216,WH-BLR,Inbound,404,920.15
INV01343,2026-06-22,SKU00101,WH-KOL,Outbound,54,1999.68
INV01344,2026-06-06,SKU00459,WH-DEL,Outbound,35,10412.76
INV01345,2026-05-25,SKU00166,WH-BLR,Inbound,748,792.85
INV01346,2026-07-06,SKU00157,WH-KOL,Inbound,759,1144.76
INV01347,2026-05-12,SKU00463,WH-BLR,Inbound,706,3600.3
INV01348,2026-06-10,SKU00010,WH-MUM,Inbound,63,1943.7
INV01349,2026-03-06,SKU00089,WH-MUM,Inbound,717,1266.65
INV01350,2026-04-05,SKU00243,WH-MUM,Outbound,44,11188.78
INV01351,2026-02-09,SKU00476,WH-MUM,Inbound,717,1133.85
INV01352,2026-06-21,SKU00164,WH-DEL,Outbound,30,2749.43
INV01353,2026-04-27,SKU00301,WH-MUM,Inbound,316,1418.75
INV01354,2026-07-25,SKU00128,WH-DEL,Outbound,50,2884.26
INV01355,2026-05-02,SKU00361,WH-MUM,Inbound,381,374.74
INV01356,2026-04-21,SKU00099,WH-BLR,Outbound,28,832.36
INV01357,2026-05-13,SKU00471,WH-KOL,Inbound,181,2274.94
INV01358,2026-04-17,SKU00341,WH-BLR,Outbound,42,166.31
INV01359,2026-02-20,SKU00429,WH-BLR,Inbound,472,1908.01
INV01360,2026-07-09,SKU00325,WH-BLR,Outbound,55,7306.51
INV01361,2026-02-02,SKU00062,WH-BLR,Outbound,32,9998.87
INV01362,2026-06-03,SKU00484,WH-BLR,Inbound,726,1498.14
INV01363,2026-05-22,SKU00061,WH-DEL,Inbound,778,3874.45
INV01364,2026-06-10,SKU00091,WH-DEL,Outbound,16,7317.96
INV01365,2026-07-14,SKU00386,WH-KOL,Outbound,32,1664.17
INV01366,2026-07-02,SKU00147,WH-MUM,Outbound,51,2653.82
INV01367,2026-03-19,SKU00211,WH-MUM,Inbound,414,466.45
INV01368,2026-06-18,SKU00092,WH-KOL,Outbound,45,3470.01
INV01369,2026-05-18,SKU00254,WH-MUM,Inbound,666,9288.27
INV01370,2026-05-17,SKU00487,WH-KOL,Inbound,272,2169.7
INV01371,2026-02-27,SKU00348,WH-BLR,Outbound,23,9937.94
INV01372,2026-04-16,SKU00023,WH-KOL,Inbound,528,2516.42
INV01373,2026-04-01,SKU00384,WH-MUM,Inbound,698,971.4
INV01374,2026-04-10,SKU00030,WH-BLR,Inbound,77,795.94
INV01375,2026-02-22,SKU00483,WH-MUM,Outbound,35,486.43
INV01376,2026-07-08,SKU00287,WH-MUM,Outbound,20,2477.64
INV01377,2026-03-20,SKU00367,WH-MUM,Inbound,628,6437.63
INV01378,2026-05-04,SKU00134,WH-DEL,Inbound,265,3530.0
INV01379,2026-05-30,SKU00489,WH-BLR,Outbound,51,1585.7
INV01380,2026-04-17,SKU00444,WH-DEL,Outbound,38,5179.54
INV01381,2026-03-04,SKU00011,WH-KOL,Inbound,192,4389.51
INV01382,2026-03-05,SKU00451,WH-DEL,Outbound,37,3943.56
INV01383,2026-06-08,SKU00299,WH-KOL,Outbound,34,5950.16
INV01384,2026-06-20,SKU00446,WH-MUM,Outbound,33,1215.99
INV01385,2026-03-31,SKU00036,WH-DEL,Outbound,31,1364.59
INV01386,2026-06-05,SKU00093,WH-DEL,Outbound,7,450.31
INV01387,2026-06-30,SKU00486,WH-MUM,Outbound,21,837.97
INV01388,2026-02-06,SKU00178,WH-DEL,Outbound,19,10878.35
INV01389,2026-04-13,SKU00212,WH-KOL,Outbound,21,8674.8
INV01390,2026-02-23,SKU00275,WH-BLR,Outbound,11,7591.41
INV01391,2026-06-04,SKU00198,WH-KOL,Outbound,10,10809.09
INV01392,2026-07-11,SKU00296,WH-MUM,Outbound,46,336.52
INV01393,2026-05-01,SKU00344,WH-BLR,Outbound,21,440.76
INV01394,2026-02-17,SKU00377,WH-MUM,Outbound,1,7108.33
INV01395,2026-04-14,SKU00405,WH-MUM,Inbound,451,601.86
INV01396,2026-05-22,SKU00046,WH-BLR,Outbound,22,1426.46
INV01397,2026-02-15,SKU00044,WH-DEL,Inbound,788,8162.88
INV01398,2026-05-03,SKU00314,WH-MUM,Outbound,54,2421.37
INV01399,2026-03-17,SKU00289,WH-DEL,Outbound,29,781.96
INV01400,2026-04-16,SKU00249,WH-MUM,Outbound,57,1814.53
INV01401,2026-06-01,SKU00455,WH-DEL,Inbound,706,1331.76
INV01402,2026-05-28,SKU00468,WH-MUM,Outbound,35,961.59
INV01403,2026-04-28,SKU00333,WH-BLR,Outbound,40,1607.08
INV01404,2026-02-04,SKU00146,WH-BLR,Outbound,35,11346.17
INV01405,2026-07-12,SKU00085,WH-DEL,Outbound,26,3148.47
INV01406,2026-04-17,SKU00388,WH-KOL,Outbound,56,1917.96
INV01407,2026-06-15,SKU00160,WH-KOL,Outbound,10,11066.49
INV01408,2026-02-02,SKU00477,WH-MUM,Outbound,59,699.44
INV01409,2026-02-04,SKU00050,WH-BLR,Outbound,57,1378.09
INV01410,2026-04-18,SKU00065,WH-MUM,Inbound,227,2082.57
INV01411,2026-05-22,SKU00174,WH-MUM,Inbound,591,912.92
INV01412,2026-06-09,SKU00203,WH-KOL,Outbound,19,380.44
INV01413,2026-02-03,SKU00294,WH-BLR,Outbound,44,1140.9
INV01414,2026-05-12,SKU00048,WH-KOL,Outbound,47,315.62
INV01415,2026-07-22,SKU00271,WH-MUM,Outbound,2,1798.35
INV01416,2026-07-14,SKU00126,WH-MUM,Inbound,163,2406.61
INV01417,2026-05-01,SKU00269,WH-MUM,Outbound,47,10726.11
INV01418,2026-04-27,SKU00044,WH-DEL,Outbound,6,8162.88
INV01419,2026-05-10,SKU00444,WH-DEL,Outbound,42,5179.54
INV01420,2026-02-02,SKU00225,WH-MUM,Outbound,14,8469.03
INV01421,2026-04-01,SKU00051,WH-BLR,Inbound,502,2441.51
INV01422,2026-05-22,SKU00088,WH-BLR,Inbound,767,860.25
INV01423,2026-03-31,SKU00265,WH-DEL,Outbound,14,6237.57
INV01424,2026-05-03,SKU00184,WH-KOL,Inbound,442,748.55
INV01425,2026-06-11,SKU00065,WH-MUM,Outbound,53,2082.57
INV01426,2026-03-21,SKU00368,WH-BLR,Outbound,59,2353.47
INV01427,2026-04-20,SKU00063,WH-MUM,Inbound,493,10724.93
INV01428,2026-06-26,SKU00472,WH-MUM,Outbound,21,11162.84
INV01429,2026-02-15,SKU00318,WH-DEL,Inbound,558,8028.65
INV01430,2026-02-21,SKU00301,WH-MUM,Outbound,50,1418.75
INV01431,2026-05-10,SKU00032,WH-MUM,Inbound,421,4905.87
INV01432,2026-03-02,SKU00285,WH-BLR,Inbound,451,2040.13
INV01433,2026-02-13,SKU00127,WH-KOL,Outbound,33,479.88
INV01434,2026-06-19,SKU00051,WH-BLR,Inbound,448,2441.51
INV01435,2026-06-01,SKU00469,WH-BLR,Inbound,646,5123.19
INV01436,2026-03-24,SKU00228,WH-BLR,Outbound,30,5278.75
INV01437,2026-04-09,SKU00366,WH-BLR,Inbound,204,2401.22
INV01438,2026-07-05,SKU00227,WH-MUM,Outbound,49,155.78
INV01439,2026-02-01,SKU00442,WH-DEL,Inbound,252,3803.66
INV01440,2026-05-25,SKU00226,WH-BLR,Outbound,47,11667.08
INV01441,2026-04-05,SKU00163,WH-MUM,Inbound,582,1911.13
INV01442,2026-05-15,SKU00490,WH-KOL,Outbound,6,1787.72
INV01443,2026-07-19,SKU00458,WH-MUM,Outbound,43,4799.28
INV01444,2026-04-25,SKU00117,WH-MUM,Inbound,119,1222.09
INV01445,2026-05-21,SKU00354,WH-BLR,Inbound,605,8745.97
INV01446,2026-02-10,SKU00402,WH-MUM,Outbound,5,1387.1
INV01447,2026-05-19,SKU00029,WH-MUM,Inbound,473,10530.39
INV01448,2026-02-22,SKU00491,WH-MUM,Inbound,406,3122.09
INV01449,2026-06-28,SKU00312,WH-MUM,Outbound,7,1563.27
INV01450,2026-02-24,SKU00245,WH-BLR,Outbound,7,1235.46
INV01451,2026-05-22,SKU00017,WH-DEL,Outbound,5,2836.86
INV01452,2026-05-25,SKU00200,WH-DEL,Outbound,54,886.77
INV01453,2026-05-06,SKU00249,WH-MUM,Outbound,42,1814.53
INV01454,2026-06-03,SKU00308,WH-MUM,Outbound,1,1066.39
INV01455,2026-07-11,SKU00042,WH-DEL,Outbound,7,366.12
INV01456,2026-07-05,SKU00441,WH-MUM,Outbound,40,7864.83
INV01457,2026-02-07,SKU00008,WH-BLR,Outbound,39,2301.12
INV01458,2026-04-21,SKU00298,WH-BLR,Outbound,21,2124.17
INV01459,2026-06-19,SKU00445,WH-KOL,Outbound,52,126.16
INV01460,2026-04-09,SKU00389,WH-KOL,Inbound,372,1416.12
INV01461,2026-07-13,SKU00372,WH-MUM,Inbound,708,1387.83
INV01462,2026-04-30,SKU00102,WH-DEL,Outbound,27,1168.19
INV01463,2026-02-06,SKU00120,WH-KOL,Outbound,13,3821.05
INV01464,2026-02-28,SKU00049,WH-BLR,Outbound,10,366.94
INV01465,2026-07-11,SKU00373,WH-BLR,Outbound,3,812.5
INV01466,2026-03-17,SKU00490,WH-KOL,Inbound,163,1787.72
INV01467,2026-02-07,SKU00005,WH-BLR,Inbound,609,94.7
INV01468,2026-05-21,SKU00277,WH-MUM,Inbound,110,9601.1
INV01469,2026-03-12,SKU00483,WH-MUM,Outbound,16,486.43
INV01470,2026-03-28,SKU00034,WH-BLR,Inbound,551,1790.1
INV01471,2026-07-15,SKU00180,WH-DEL,Outbound,35,5711.83
INV01472,2026-03-30,SKU00312,WH-MUM,Inbound,362,1563.27
INV01473,2026-02-18,SKU00348,WH-BLR,Outbound,45,9937.94
INV01474,2026-06-01,SKU00293,WH-BLR,Inbound,123,1336.48
INV01475,2026-02-18,SKU00188,WH-DEL,Outbound,22,5522.04
INV01476,2026-05-22,SKU00480,WH-BLR,Outbound,32,2279.72
INV01477,2026-06-22,SKU00271,WH-MUM,Outbound,10,1798.35
INV01478,2026-07-29,SKU00446,WH-MUM,Inbound,771,1215.99
INV01479,2026-07-27,SKU00110,WH-DEL,Outbound,5,5876.46
INV01480,2026-07-26,SKU00245,WH-BLR,Inbound,185,1235.46
INV01481,2026-07-26,SKU00459,WH-DEL,Inbound,171,10412.76
INV01482,2026-06-13,SKU00302,WH-BLR,Outbound,10,182.43
INV01483,2026-02-06,SKU00345,WH-KOL,Outbound,4,5493.81
INV01484,2026-06-01,SKU00339,WH-KOL,Outbound,47,329.07
INV01485,2026-06-08,SKU00036,WH-DEL,Outbound,41,1364.59
INV01486,2026-06-13,SKU00352,WH-MUM,Inbound,772,1791.37
INV01487,2026-02-01,SKU00111,WH-MUM,Inbound,171,174.54
INV01488,2026-07-28,SKU00246,WH-KOL,Outbound,54,2079.08
INV01489,2026-06-08,SKU00042,WH-DEL,Outbound,17,366.12
INV01490,2026-03-05,SKU00157,WH-KOL,Outbound,25,1144.76
INV01491,2026-07-13,SKU00072,WH-MUM,Outbound,48,6769.78
INV01492,2026-05-19,SKU00280,WH-KOL,Outbound,1,6931.86
INV01493,2026-03-15,SKU00028,WH-BLR,Inbound,625,2400.36
INV01494,2026-04-10,SKU00351,WH-DEL,Inbound,532,1742.09
INV01495,2026-04-14,SKU00488,WH-DEL,Outbound,17,2491.44
INV01496,2026-02-09,SKU00296,WH-MUM,Outbound,55,336.52
INV01497,2026-03-09,SKU00330,WH-BLR,Inbound,613,849.1
INV01498,2026-07-06,SKU00363,WH-MUM,Outbound,34,5713.08
INV01499,2026-03-06,SKU00282,WH-MUM,Inbound,579,1909.63
INV01500,2026-02-27,SKU00044,WH-DEL,Outbound,42,8162.88
INV01501,2026-07-15,SKU00331,WH-KOL,Inbound,710,1764.17
INV01502,2026-02-07,SKU00493,WH-BLR,Inbound,708,558.06
INV01503,2026-03-01,SKU00350,WH-BLR,Outbound,53,2294.26
INV01504,2026-05-25,SKU00075,WH-MUM,Inbound,232,1714.84
INV01505,2026-05-16,SKU00284,WH-DEL,Outbound,32,2058.16
INV01506,2026-04-10,SKU00455,WH-DEL,Inbound,634,1331.76
INV01507,2026-02-13,SKU00397,WH-BLR,Inbound,239,1878.03
INV01508,2026-05-27,SKU00240,WH-BLR,Inbound,184,1882.77
INV01509,2026-04-24,SKU00291,WH-DEL,Inbound,720,9410.52
INV01510,2026-06-23,SKU00454,WH-BLR,Outbound,45,2467.89
INV01511,2026-06-25,SKU00072,WH-MUM,Inbound,443,6769.78
INV01512,2026-07-25,SKU00101,WH-KOL,Inbound,581,1999.68
INV01513,2026-02-16,SKU00072,WH-MUM,Outbound,50,6769.78
INV01514,2026-04-08,SKU00442,WH-DEL,Outbound,53,3803.66
INV01515,2026-04-01,SKU00043,WH-MUM,Inbound,195,1179.69
INV01516,2026-06-02,SKU00094,WH-DEL,Inbound,552,575.1
INV01517,2026-02-23,SKU00099,WH-BLR,Outbound,42,832.36
INV01518,2026-07-23,SKU00353,WH-MUM,Outbound,47,1292.72
INV01519,2026-05-12,SKU00021,WH-BLR,Inbound,213,1201.01
INV01520,2026-03-09,SKU00014,WH-KOL,Outbound,48,8341.7
INV01521,2026-07-27,SKU00216,WH-BLR,Outbound,14,920.15
INV01522,2026-06-20,SKU00162,WH-BLR,Inbound,441,1919.05
INV01523,2026-03-20,SKU00100,WH-BLR,Inbound,129,2174.89
INV01524,2026-04-29,SKU00481,WH-MUM,Inbound,666,1046.17
INV01525,2026-02-21,SKU00310,WH-BLR,Inbound,440,6386.15
INV01526,2026-04-29,SKU00368,WH-BLR,Outbound,49,2353.47
INV01527,2026-03-07,SKU00485,WH-KOL,Inbound,372,3725.58
INV01528,2026-03-08,SKU00350,WH-BLR,Inbound,570,2294.26
INV01529,2026-02-10,SKU00142,WH-MUM,Inbound,546,912.52
INV01530,2026-04-14,SKU00273,WH-MUM,Outbound,41,10833.62
INV01531,2026-03-11,SKU00040,WH-DEL,Outbound,56,4161.45
INV01532,2026-02-15,SKU00357,WH-MUM,Inbound,750,825.85
INV01533,2026-04-17,SKU00301,WH-MUM,Inbound,575,1418.75
INV01534,2026-06-16,SKU00462,WH-BLR,Outbound,40,517.67
INV01535,2026-02-28,SKU00153,WH-BLR,Inbound,745,1195.75
INV01536,2026-02-05,SKU00033,WH-KOL,Inbound,67,1276.72
INV01537,2026-02-02,SKU00176,WH-KOL,Outbound,20,2745.2
INV01538,2026-04-20,SKU00149,WH-BLR,Outbound,3,543.76
INV01539,2026-05-07,SKU00496,WH-KOL,Outbound,9,8730.94
INV01540,2026-02-11,SKU00396,WH-BLR,Outbound,48,5350.41
INV01541,2026-03-25,SKU00176,WH-KOL,Outbound,58,2745.2
INV01542,2026-02-21,SKU00499,WH-BLR,Inbound,652,2025.27
INV01543,2026-06-30,SKU00166,WH-BLR,Inbound,573,792.85
INV01544,2026-06-04,SKU00363,WH-MUM,Outbound,34,5713.08
INV01545,2026-05-05,SKU00103,WH-KOL,Outbound,46,1142.88
INV01546,2026-04-20,SKU00055,WH-MUM,Inbound,668,681.63
INV01547,2026-04-26,SKU00381,WH-MUM,Outbound,44,1089.62
INV01548,2026-07-14,SKU00306,WH-KOL,Outbound,50,4612.41
INV01549,2026-07-09,SKU00299,WH-KOL,Inbound,145,5950.16
INV01550,2026-05-15,SKU00064,WH-KOL,Outbound,11,709.46
INV01551,2026-03-25,SKU00056,WH-MUM,Outbound,23,169.48
INV01552,2026-04-07,SKU00380,WH-BLR,Outbound,3,380.87
INV01553,2026-05-09,SKU00398,WH-DEL,Outbound,18,1619.31
INV01554,2026-06-03,SKU00393,WH-DEL,Outbound,49,9518.82
INV01555,2026-04-29,SKU00422,WH-DEL,Outbound,6,2230.54
INV01556,2026-06-14,SKU00071,WH-BLR,Outbound,45,171.17
INV01557,2026-02-14,SKU00248,WH-KOL,Outbound,50,1229.37
INV01558,2026-04-08,SKU00224,WH-KOL,Inbound,566,6709.79
INV01559,2026-04-04,SKU00074,WH-KOL,Inbound,345,5681.87
INV01560,2026-05-01,SKU00477,WH-MUM,Outbound,35,699.44
INV01561,2026-06-04,SKU00330,WH-BLR,Outbound,41,849.1
INV01562,2026-05-11,SKU00181,WH-MUM,Inbound,235,587.97
INV01563,2026-07-25,SKU00374,WH-KOL,Inbound,517,4925.51
INV01564,2026-04-07,SKU00053,WH-DEL,Inbound,77,868.57
INV01565,2026-05-20,SKU00463,WH-BLR,Outbound,52,3600.3
INV01566,2026-06-02,SKU00297,WH-BLR,Inbound,113,1370.96
INV01567,2026-02-07,SKU00204,WH-KOL,Outbound,44,820.72
INV01568,2026-02-12,SKU00263,WH-KOL,Inbound,97,3584.01
INV01569,2026-04-26,SKU00190,WH-KOL,Inbound,211,1523.36
INV01570,2026-07-03,SKU00214,WH-BLR,Outbound,14,8639.3
INV01571,2026-03-07,SKU00242,WH-MUM,Outbound,41,1895.03
INV01572,2026-05-17,SKU00107,WH-BLR,Outbound,13,5299.07
INV01573,2026-04-19,SKU00305,WH-DEL,Outbound,5,3004.65
INV01574,2026-04-19,SKU00060,WH-KOL,Outbound,29,1649.08
INV01575,2026-07-19,SKU00244,WH-DEL,Outbound,21,629.92
INV01576,2026-06-21,SKU00419,WH-KOL,Outbound,29,440.1
INV01577,2026-07-13,SKU00357,WH-MUM,Outbound,3,825.85
INV01578,2026-03-01,SKU00159,WH-MUM,Inbound,132,1254.94
INV01579,2026-04-05,SKU00291,WH-DEL,Outbound,45,9410.52
INV01580,2026-07-21,SKU00029,WH-MUM,Inbound,144,10530.39
INV01581,2026-07-13,SKU00471,WH-KOL,Outbound,35,2274.94
INV01582,2026-04-12,SKU00117,WH-MUM,Outbound,9,1222.09
INV01583,2026-02-10,SKU00072,WH-MUM,Inbound,765,6769.78
INV01584,2026-02-11,SKU00475,WH-BLR,Outbound,58,6589.98
INV01585,2026-07-11,SKU00199,WH-MUM,Outbound,48,1638.56
INV01586,2026-06-12,SKU00123,WH-DEL,Inbound,678,5972.23
INV01587,2026-06-07,SKU00004,WH-DEL,Outbound,47,557.2
INV01588,2026-07-29,SKU00233,WH-MUM,Outbound,39,219.39
INV01589,2026-07-17,SKU00410,WH-KOL,Outbound,36,1875.94
INV01590,2026-06-14,SKU00072,WH-MUM,Outbound,58,6769.78
INV01591,2026-04-09,SKU00365,WH-BLR,Inbound,81,1218.85
INV01592,2026-06-07,SKU00092,WH-KOL,Outbound,10,3470.01
INV01593,2026-05-15,SKU00446,WH-MUM,Outbound,59,1215.99
INV01594,2026-04-24,SKU00172,WH-MUM,Outbound,29,2264.57
INV01595,2026-07-04,SKU00360,WH-DEL,Inbound,354,7805.28
INV01596,2026-06-02,SKU00274,WH-KOL,Inbound,208,6759.66
INV01597,2026-05-18,SKU00278,WH-MUM,Outbound,29,5478.21
INV01598,2026-02-27,SKU00177,WH-DEL,Outbound,56,2327.45
INV01599,2026-03-14,SKU00378,WH-MUM,Outbound,52,1263.95
INV01600,2026-06-11,SKU00131,WH-BLR,Inbound,671,8985.14
INV01601,2026-06-04,SKU00194,WH-MUM,Inbound,103,1280.91
INV01602,2026-07-25,SKU00272,WH-MUM,Outbound,34,5954.63
INV01603,2026-03-06,SKU00162,WH-BLR,Outbound,12,1919.05
INV01604,2026-02-01,SKU00041,WH-DEL,Outbound,4,1123.07
INV01605,2026-03-11,SKU00473,WH-BLR,Inbound,351,1817.11
INV01606,2026-06-15,SKU00085,WH-DEL,Outbound,44,3148.47
INV01607,2026-02-27,SKU00113,WH-KOL,Outbound,48,1673.2
INV01608,2026-06-13,SKU00342,WH-BLR,Outbound,11,2400.48
INV01609,2026-02-21,SKU00081,WH-MUM,Outbound,3,836.66
INV01610,2026-07-27,SKU00333,WH-BLR,Inbound,523,1607.08
INV01611,2026-04-03,SKU00218,WH-MUM,Outbound,54,1883.86
INV01612,2026-04-29,SKU00356,WH-MUM,Inbound,301,9157.17
INV01613,2026-06-13,SKU00035,WH-BLR,Outbound,53,445.07
INV01614,2026-02-23,SKU00062,WH-BLR,Inbound,333,9998.87
INV01615,2026-06-11,SKU00217,WH-BLR,Outbound,7,214.53
INV01616,2026-05-19,SKU00071,WH-BLR,Outbound,37,171.17
INV01617,2026-05-09,SKU00382,WH-BLR,Outbound,23,2309.85
INV01618,2026-05-15,SKU00168,WH-MUM,Outbound,23,867.2
INV01619,2026-07-14,SKU00172,WH-MUM,Outbound,47,2264.57
INV01620,2026-04-22,SKU00170,WH-KOL,Outbound,24,854.17
INV01621,2026-03-23,SKU00157,WH-KOL,Inbound,678,1144.76
INV01622,2026-06-07,SKU00437,WH-MUM,Outbound,7,875.62
INV01623,2026-03-20,SKU00189,WH-MUM,Inbound,726,1312.08
INV01624,2026-02-16,SKU00206,WH-KOL,Outbound,30,7902.26
INV01625,2026-06-16,SKU00277,WH-MUM,Outbound,10,9601.1
INV01626,2026-07-29,SKU00298,WH-BLR,Outbound,1,2124.17
INV01627,2026-06-09,SKU00485,WH-KOL,Outbound,19,3725.58
INV01628,2026-06-25,SKU00049,WH-BLR,Outbound,47,366.94
INV01629,2026-04-01,SKU00113,WH-KOL,Outbound,22,1673.2
INV01630,2026-02-07,SKU00494,WH-MUM,Outbound,27,311.32
INV01631,2026-07-15,SKU00314,WH-MUM,Inbound,206,2421.37
INV01632,2026-03-17,SKU00195,WH-BLR,Outbound,14,2145.91
INV01633,2026-06-27,SKU00315,WH-BLR,Inbound,506,1700.11
INV01634,2026-05-21,SKU00343,WH-MUM,Inbound,611,2347.38
INV01635,2026-03-20,SKU00322,WH-KOL,Outbound,34,1281.08
INV01636,2026-03-02,SKU00293,WH-BLR,Outbound,7,1336.48
INV01637,2026-04-24,SKU00411,WH-MUM,Outbound,38,9624.5
INV01638,2026-05-15,SKU00224,WH-KOL,Inbound,353,6709.79
INV01639,2026-03-20,SKU00154,WH-KOL,Inbound,355,4016.0
INV01640,2026-04-23,SKU00033,WH-KOL,Inbound,753,1276.72
INV01641,2026-03-16,SKU00072,WH-MUM,Inbound,308,6769.78
INV01642,2026-07-03,SKU00130,WH-BLR,Outbound,43,2485.49
INV01643,2026-07-15,SKU00235,WH-DEL,Inbound,402,6615.42
INV01644,2026-04-30,SKU00361,WH-MUM,Outbound,8,374.74
INV01645,2026-05-23,SKU00456,WH-BLR,Outbound,57,401.21
INV01646,2026-03-17,SKU00162,WH-BLR,Inbound,409,1919.05
INV01647,2026-02-26,SKU00226,WH-BLR,Outbound,29,11667.08
INV01648,2026-05-03,SKU00336,WH-BLR,Inbound,60,1514.56
INV01649,2026-02-20,SKU00249,WH-MUM,Inbound,89,1814.53
INV01650,2026-07-20,SKU00300,WH-KOL,Outbound,16,2270.99
INV01651,2026-04-11,SKU00165,WH-BLR,Outbound,7,6359.14
INV01652,2026-06-11,SKU00156,WH-MUM,Inbound,383,7355.2
INV01653,2026-04-04,SKU00477,WH-MUM,Outbound,13,699.44
INV01654,2026-07-20,SKU00073,WH-DEL,Outbound,35,867.66
INV01655,2026-07-22,SKU00248,WH-KOL,Outbound,55,1229.37
INV01656,2026-02-16,SKU00099,WH-BLR,Inbound,135,832.36
INV01657,2026-06-27,SKU00490,WH-KOL,Inbound,259,1787.72
INV01658,2026-03-18,SKU00337,WH-BLR,Outbound,15,2248.76
INV01659,2026-07-28,SKU00265,WH-DEL,Inbound,211,6237.57
INV01660,2026-03-18,SKU00263,WH-KOL,Outbound,29,3584.01
INV01661,2026-07-18,SKU00476,WH-MUM,Outbound,59,1133.85
INV01662,2026-04-03,SKU00258,WH-KOL,Inbound,574,2854.17
INV01663,2026-06-19,SKU00232,WH-MUM,Outbound,48,2075.57
INV01664,2026-05-07,SKU00444,WH-DEL,Outbound,1,5179.54
INV01665,2026-05-18,SKU00009,WH-BLR,Inbound,545,1444.57
INV01666,2026-03-27,SKU00008,WH-BLR,Inbound,792,2301.12
INV01667,2026-04-12,SKU00179,WH-MUM,Outbound,13,1072.27
INV01668,2026-07-22,SKU00275,WH-BLR,Inbound,713,7591.41
INV01669,2026-06-28,SKU00176,WH-KOL,Outbound,24,2745.2
INV01670,2026-05-30,SKU00287,WH-MUM,Outbound,38,2477.64
INV01671,2026-03-10,SKU00416,WH-BLR,Outbound,33,7491.99
INV01672,2026-06-05,SKU00309,WH-MUM,Outbound,28,1171.45
INV01673,2026-06-24,SKU00424,WH-MUM,Outbound,11,838.98
INV01674,2026-06-28,SKU00304,WH-KOL,Outbound,32,1642.08
INV01675,2026-04-11,SKU00449,WH-BLR,Inbound,201,730.36
INV01676,2026-04-06,SKU00145,WH-MUM,Outbound,48,1430.63
INV01677,2026-06-17,SKU00111,WH-MUM,Outbound,25,174.54
INV01678,2026-05-24,SKU00077,WH-MUM,Outbound,14,2528.25
INV01679,2026-04-27,SKU00363,WH-MUM,Outbound,16,5713.08
INV01680,2026-06-03,SKU00429,WH-BLR,Inbound,743,1908.01
INV01681,2026-04-23,SKU00238,WH-BLR,Inbound,446,944.37
INV01682,2026-04-13,SKU00399,WH-DEL,Outbound,33,6880.47
INV01683,2026-07-13,SKU00056,WH-MUM,Inbound,707,169.48
INV01684,2026-07-26,SKU00186,WH-BLR,Outbound,14,166.06
INV01685,2026-03-05,SKU00272,WH-MUM,Inbound,536,5954.63
INV01686,2026-04-19,SKU00023,WH-KOL,Outbound,59,2516.42
INV01687,2026-02-15,SKU00010,WH-MUM,Outbound,39,1943.7
INV01688,2026-05-08,SKU00167,WH-KOL,Outbound,20,3904.53
INV01689,2026-04-30,SKU00343,WH-MUM,Outbound,48,2347.38
INV01690,2026-04-17,SKU00477,WH-MUM,Outbound,28,699.44
INV01691,2026-02-23,SKU00394,WH-BLR,Outbound,33,1568.3
INV01692,2026-07-08,SKU00437,WH-MUM,Outbound,40,875.62
INV01693,2026-04-19,SKU00358,WH-MUM,Inbound,409,408.77
INV01694,2026-04-29,SKU00333,WH-BLR,Inbound,279,1607.08
INV01695,2026-02-03,SKU00183,WH-BLR,Outbound,14,418.97
INV01696,2026-06-26,SKU00433,WH-MUM,Inbound,576,5339.29
INV01697,2026-05-15,SKU00212,WH-KOL,Inbound,427,8674.8
INV01698,2026-04-03,SKU00285,WH-BLR,Inbound,607,2040.13
INV01699,2026-05-11,SKU00349,WH-DEL,Outbound,43,7214.46
INV01700,2026-02-04,SKU00306,WH-KOL,Outbound,8,4612.41
INV01701,2026-02-13,SKU00073,WH-DEL,Inbound,113,867.66
INV01702,2026-07-11,SKU00136,WH-BLR,Outbound,46,2010.34
INV01703,2026-04-26,SKU00098,WH-KOL,Outbound,20,10029.72
INV01704,2026-02-22,SKU00259,WH-BLR,Outbound,13,1430.12
INV01705,2026-04-01,SKU00360,WH-DEL,Inbound,617,7805.28
INV01706,2026-06-08,SKU00480,WH-BLR,Outbound,51,2279.72
INV01707,2026-07-02,SKU00079,WH-BLR,Inbound,182,4863.08
INV01708,2026-02-21,SKU00153,WH-BLR,Inbound,614,1195.75
INV01709,2026-04-16,SKU00289,WH-DEL,Inbound,728,781.96
INV01710,2026-05-07,SKU00500,WH-MUM,Outbound,21,5429.77
INV01711,2026-03-17,SKU00067,WH-BLR,Inbound,116,951.37
INV01712,2026-07-28,SKU00003,WH-DEL,Inbound,421,1314.42
INV01713,2026-03-02,SKU00195,WH-BLR,Outbound,7,2145.91
INV01714,2026-05-04,SKU00072,WH-MUM,Outbound,29,6769.78
INV01715,2026-07-01,SKU00230,WH-MUM,Outbound,51,1265.91
INV01716,2026-05-06,SKU00446,WH-MUM,Outbound,10,1215.99
INV01717,2026-03-04,SKU00427,WH-MUM,Inbound,402,166.09
INV01718,2026-04-14,SKU00450,WH-MUM,Inbound,434,8498.43
INV01719,2026-07-12,SKU00206,WH-KOL,Inbound,545,7902.26
INV01720,2026-02-07,SKU00411,WH-MUM,Outbound,37,9624.5
INV01721,2026-04-08,SKU00291,WH-DEL,Outbound,45,9410.52
INV01722,2026-03-21,SKU00408,WH-DEL,Outbound,32,11682.32
INV01723,2026-04-09,SKU00099,WH-BLR,Outbound,14,832.36
INV01724,2026-06-29,SKU00352,WH-MUM,Outbound,45,1791.37
INV01725,2026-06-03,SKU00274,WH-KOL,Inbound,205,6759.66
INV01726,2026-05-11,SKU00274,WH-KOL,Inbound,343,6759.66
INV01727,2026-02-04,SKU00241,WH-MUM,Outbound,36,2478.55
INV01728,2026-03-14,SKU00434,WH-BLR,Outbound,47,3062.04
INV01729,2026-03-27,SKU00244,WH-DEL,Outbound,32,629.92
INV01730,2026-07-24,SKU00322,WH-KOL,Inbound,445,1281.08
INV01731,2026-06-10,SKU00438,WH-KOL,Outbound,30,1991.44
INV01732,2026-07-17,SKU00421,WH-KOL,Outbound,41,253.19
INV01733,2026-07-10,SKU00410,WH-KOL,Outbound,25,1875.94
INV01734,2026-05-22,SKU00209,WH-KOL,Inbound,225,680.56
INV01735,2026-05-19,SKU00331,WH-KOL,Outbound,37,1764.17
INV01736,2026-06-22,SKU00194,WH-MUM,Outbound,9,1280.91
INV01737,2026-02-15,SKU00481,WH-MUM,Inbound,399,1046.17
INV01738,2026-07-03,SKU00488,WH-DEL,Outbound,38,2491.44
INV01739,2026-07-10,SKU00352,WH-MUM,Outbound,45,1791.37
INV01740,2026-04-30,SKU00291,WH-DEL,Inbound,174,9410.52
INV01741,2026-07-09,SKU00493,WH-BLR,Outbound,52,558.06
INV01742,2026-04-07,SKU00315,WH-BLR,Outbound,48,1700.11
INV01743,2026-06-24,SKU00397,WH-BLR,Inbound,160,1878.03
INV01744,2026-07-21,SKU00183,WH-BLR,Outbound,58,418.97
INV01745,2026-04-15,SKU00464,WH-BLR,Inbound,549,2473.24
INV01746,2026-03-09,SKU00328,WH-KOL,Outbound,57,1087.01
INV01747,2026-05-02,SKU00161,WH-DEL,Inbound,574,1214.64
INV01748,2026-07-25,SKU00269,WH-MUM,Outbound,15,10726.11
INV01749,2026-04-01,SKU00125,WH-MUM,Outbound,36,706.81
INV01750,2026-07-23,SKU00197,WH-MUM,Outbound,28,4238.42
INV01751,2026-03-18,SKU00408,WH-DEL,Inbound,602,11682.32
INV01752,2026-06-04,SKU00391,WH-MUM,Outbound,59,874.84
INV01753,2026-05-21,SKU00186,WH-BLR,Inbound,260,166.06
INV01754,2026-05-15,SKU00335,WH-MUM,Inbound,661,1967.95
INV01755,2026-04-04,SKU00160,WH-KOL,Inbound,663,11066.49
INV01756,2026-03-02,SKU00373,WH-BLR,Outbound,11,812.5
INV01757,2026-02-20,SKU00306,WH-KOL,Inbound,186,4612.41
INV01758,2026-04-29,SKU00401,WH-BLR,Inbound,325,1900.66
INV01759,2026-02-04,SKU00032,WH-MUM,Outbound,19,4905.87
INV01760,2026-02-11,SKU00089,WH-MUM,Outbound,31,1266.65
INV01761,2026-05-20,SKU00375,WH-BLR,Outbound,24,2972.67
INV01762,2026-04-17,SKU00212,WH-KOL,Outbound,21,8674.8
INV01763,2026-05-19,SKU00043,WH-MUM,Outbound,6,1179.69
INV01764,2026-04-29,SKU00362,WH-KOL,Inbound,609,11036.39
INV01765,2026-02-22,SKU00058,WH-MUM,Inbound,54,2453.01
INV01766,2026-03-24,SKU00375,WH-BLR,Outbound,54,2972.67
INV01767,2026-07-10,SKU00072,WH-MUM,Outbound,12,6769.78
INV01768,2026-02-20,SKU00010,WH-MUM,Inbound,214,1943.7
INV01769,2026-03-06,SKU00485,WH-KOL,Inbound,158,3725.58
INV01770,2026-05-11,SKU00278,WH-MUM,Outbound,27,5478.21
INV01771,2026-04-16,SKU00010,WH-MUM,Outbound,32,1943.7
INV01772,2026-05-31,SKU00430,WH-DEL,Outbound,35,11221.42
INV01773,2026-07-28,SKU00054,WH-BLR,Inbound,604,1923.43
INV01774,2026-03-01,SKU00229,WH-KOL,Inbound,520,1018.62
INV01775,2026-03-25,SKU00130,WH-BLR,Outbound,19,2485.49
INV01776,2026-07-01,SKU00128,WH-DEL,Outbound,31,2884.26
INV01777,2026-03-11,SKU00453,WH-BLR,Outbound,13,1075.54
INV01778,2026-02-02,SKU00265,WH-DEL,Outbound,17,6237.57
INV01779,2026-06-22,SKU00180,WH-DEL,Outbound,25,5711.83
INV01780,2026-02-13,SKU00305,WH-DEL,Inbound,587,3004.65
INV01781,2026-06-24,SKU00470,WH-MUM,Inbound,411,882.17
INV01782,2026-07-07,SKU00143,WH-MUM,Outbound,5,745.93
INV01783,2026-04-12,SKU00086,WH-BLR,Outbound,28,1011.59
INV01784,2026-05-09,SKU00249,WH-MUM,Outbound,49,1814.53
INV01785,2026-06-27,SKU00095,WH-BLR,Outbound,38,2031.98
INV01786,2026-06-16,SKU00190,WH-KOL,Inbound,282,1523.36
INV01787,2026-07-02,SKU00026,WH-MUM,Outbound,51,881.72
INV01788,2026-02-06,SKU00164,WH-DEL,Outbound,13,2749.43
INV01789,2026-02-08,SKU00085,WH-DEL,Outbound,39,3148.47
INV01790,2026-03-28,SKU00145,WH-MUM,Outbound,41,1430.63
INV01791,2026-06-12,SKU00443,WH-KOL,Inbound,665,2005.51
INV01792,2026-04-13,SKU00010,WH-MUM,Outbound,46,1943.7
INV01793,2026-06-16,SKU00217,WH-BLR,Outbound,25,214.53
INV01794,2026-05-21,SKU00041,WH-DEL,Outbound,24,1123.07
INV01795,2026-07-03,SKU00310,WH-BLR,Inbound,490,6386.15
INV01796,2026-03-07,SKU00293,WH-BLR,Outbound,44,1336.48
INV01797,2026-06-27,SKU00140,WH-KOL,Outbound,21,1477.48
INV01798,2026-05-08,SKU00307,WH-MUM,Inbound,176,1107.62
INV01799,2026-02-24,SKU00093,WH-DEL,Outbound,37,450.31
INV01800,2026-04-03,SKU00489,WH-BLR,Outbound,53,1585.7
INV01801,2026-02-27,SKU00250,WH-KOL,Outbound,10,3336.03
INV01802,2026-04-05,SKU00380,WH-BLR,Inbound,221,380.87
INV01803,2026-03-18,SKU00031,WH-MUM,Outbound,25,670.48
INV01804,2026-03-20,SKU00398,WH-DEL,Outbound,17,1619.31
INV01805,2026-05-31,SKU00462,WH-BLR,Outbound,40,517.67
INV01806,2026-07-26,SKU00116,WH-MUM,Inbound,596,3552.65
INV01807,2026-06-23,SKU00256,WH-MUM,Inbound,60,483.82
INV01808,2026-06-26,SKU00417,WH-DEL,Outbound,27,8095.48
INV01809,2026-05-13,SKU00144,WH-BLR,Inbound,223,875.3
INV01810,2026-06-03,SKU00183,WH-BLR,Outbound,14,418.97
INV01811,2026-03-31,SKU00005,WH-BLR,Inbound,392,94.7
INV01812,2026-05-03,SKU00072,WH-MUM,Outbound,16,6769.78
INV01813,2026-07-25,SKU00034,WH-BLR,Inbound,405,1790.1
INV01814,2026-02-15,SKU00163,WH-MUM,Outbound,22,1911.13
INV01815,2026-07-17,SKU00139,WH-BLR,Outbound,51,2060.24
INV01816,2026-03-28,SKU00245,WH-BLR,Outbound,28,1235.46
INV01817,2026-03-01,SKU00087,WH-KOL,Outbound,24,115.0
INV01818,2026-06-29,SKU00047,WH-MUM,Outbound,35,4945.23
INV01819,2026-04-11,SKU00246,WH-KOL,Inbound,451,2079.08
INV01820,2026-06-11,SKU00475,WH-BLR,Inbound,96,6589.98
INV01821,2026-04-24,SKU00252,WH-BLR,Inbound,212,8701.98
INV01822,2026-06-10,SKU00202,WH-BLR,Inbound,526,3409.91
INV01823,2026-03-14,SKU00066,WH-MUM,Inbound,247,4782.22
INV01824,2026-05-11,SKU00250,WH-KOL,Inbound,481,3336.03
INV01825,2026-05-27,SKU00325,WH-BLR,Inbound,170,7306.51
INV01826,2026-06-05,SKU00270,WH-BLR,Outbound,45,11314.66
INV01827,2026-02-27,SKU00464,WH-BLR,Outbound,23,2473.24
INV01828,2026-06-02,SKU00358,WH-MUM,Inbound,446,408.77
INV01829,2026-07-20,SKU00322,WH-KOL,Inbound,288,1281.08
INV01830,2026-03-05,SKU00299,WH-KOL,Outbound,39,5950.16
INV01831,2026-06-19,SKU00241,WH-MUM,Inbound,524,2478.55
INV01832,2026-05-16,SKU00301,WH-MUM,Inbound,431,1418.75
INV01833,2026-05-04,SKU00092,WH-KOL,Inbound,448,3470.01
INV01834,2026-03-12,SKU00203,WH-KOL,Outbound,58,380.44
INV01835,2026-05-28,SKU00265,WH-DEL,Inbound,314,6237.57
INV01836,2026-06-05,SKU00241,WH-MUM,Outbound,25,2478.55
INV01837,2026-02-27,SKU00444,WH-DEL,Inbound,662,5179.54
INV01838,2026-06-03,SKU00314,WH-MUM,Inbound,66,2421.37
INV01839,2026-07-23,SKU00389,WH-KOL,Outbound,49,1416.12
INV01840,2026-06-22,SKU00254,WH-MUM,Outbound,44,9288.27
INV01841,2026-06-29,SKU00238,WH-BLR,Outbound,45,944.37
INV01842,2026-04-30,SKU00135,WH-BLR,Inbound,295,1689.65
INV01843,2026-05-17,SKU00248,WH-KOL,Outbound,31,1229.37
INV01844,2026-04-03,SKU00444,WH-DEL,Outbound,17,5179.54
INV01845,2026-02-10,SKU00439,WH-BLR,Outbound,52,2098.48
INV01846,2026-05-19,SKU00293,WH-BLR,Outbound,40,1336.48
INV01847,2026-07-16,SKU00062,WH-BLR,Outbound,3,9998.87
INV01848,2026-06-19,SKU00380,WH-BLR,Outbound,7,380.87
INV01849,2026-06-13,SKU00127,WH-KOL,Inbound,101,479.88
INV01850,2026-02-06,SKU00350,WH-BLR,Outbound,1,2294.26
INV01851,2026-02-15,SKU00062,WH-BLR,Outbound,1,9998.87
INV01852,2026-02-23,SKU00456,WH-BLR,Inbound,308,401.21
INV01853,2026-05-17,SKU00375,WH-BLR,Inbound,233,2972.67
INV01854,2026-03-30,SKU00308,WH-MUM,Outbound,2,1066.39
INV01855,2026-02-26,SKU00338,WH-MUM,Outbound,46,10439.58
INV01856,2026-05-06,SKU00282,WH-MUM,Outbound,9,1909.63
INV01857,2026-02-22,SKU00374,WH-KOL,Outbound,23,4925.51
INV01858,2026-03-07,SKU00109,WH-KOL,Outbound,38,2319.81
INV01859,2026-05-05,SKU00302,WH-BLR,Outbound,23,182.43
INV01860,2026-07-04,SKU00310,WH-BLR,Inbound,141,6386.15
INV01861,2026-06-28,SKU00394,WH-BLR,Inbound,75,1568.3
INV01862,2026-02-14,SKU00363,WH-MUM,Inbound,528,5713.08
INV01863,2026-05-21,SKU00395,WH-BLR,Outbound,41,1053.28
INV01864,2026-07-28,SKU00453,WH-BLR,Outbound,51,1075.54
INV01865,2026-03-12,SKU00431,WH-DEL,Inbound,675,9608.31
INV01866,2026-04-14,SKU00039,WH-MUM,Inbound,209,9834.23
INV01867,2026-03-09,SKU00040,WH-DEL,Inbound,574,4161.45
INV01868,2026-02-28,SKU00416,WH-BLR,Inbound,465,7491.99
INV01869,2026-04-08,SKU00031,WH-MUM,Outbound,38,670.48
INV01870,2026-07-06,SKU00494,WH-MUM,Outbound,38,311.32
INV01871,2026-04-20,SKU00245,WH-BLR,Outbound,55,1235.46
INV01872,2026-02-25,SKU00205,WH-DEL,Inbound,402,9692.27
INV01873,2026-07-06,SKU00043,WH-MUM,Outbound,49,1179.69
INV01874,2026-05-31,SKU00281,WH-BLR,Inbound,436,6051.72
INV01875,2026-06-24,SKU00093,WH-DEL,Inbound,113,450.31
INV01876,2026-03-27,SKU00415,WH-KOL,Outbound,54,10691.87
INV01877,2026-04-13,SKU00230,WH-MUM,Outbound,13,1265.91
INV01878,2026-02-19,SKU00056,WH-MUM,Inbound,515,169.48
INV01879,2026-06-19,SKU00455,WH-DEL,Inbound,571,1331.76
INV01880,2026-04-12,SKU00059,WH-MUM,Outbound,32,1413.19
INV01881,2026-07-06,SKU00151,WH-BLR,Outbound,47,929.95
INV01882,2026-05-12,SKU00384,WH-MUM,Inbound,585,971.4
INV01883,2026-05-01,SKU00486,WH-MUM,Outbound,23,837.97
INV01884,2026-02-23,SKU00335,WH-MUM,Outbound,51,1967.95
INV01885,2026-06-18,SKU00442,WH-DEL,Outbound,48,3803.66
INV01886,2026-07-23,SKU00165,WH-BLR,Outbound,49,6359.14
INV01887,2026-03-28,SKU00269,WH-MUM,Inbound,83,10726.11
INV01888,2026-07-15,SKU00167,WH-KOL,Outbound,35,3904.53
INV01889,2026-02-23,SKU00252,WH-BLR,Outbound,50,8701.98
INV01890,2026-05-01,SKU00019,WH-KOL,Outbound,12,9568.66
INV01891,2026-06-19,SKU00401,WH-BLR,Inbound,679,1900.66
INV01892,2026-03-04,SKU00177,WH-DEL,Outbound,52,2327.45
INV01893,2026-07-07,SKU00022,WH-MUM,Inbound,636,9412.88
INV01894,2026-04-12,SKU00152,WH-MUM,Outbound,5,1595.73
INV01895,2026-02-08,SKU00141,WH-BLR,Outbound,55,1331.57
INV01896,2026-02-06,SKU00040,WH-DEL,Outbound,3,4161.45
INV01897,2026-05-28,SKU00138,WH-MUM,Inbound,106,9387.59
INV01898,2026-02-04,SKU00191,WH-BLR,Outbound,18,584.77
INV01899,2026-05-01,SKU00053,WH-DEL,Outbound,11,868.57
INV01900,2026-04-16,SKU00494,WH-MUM,Outbound,53,311.32
INV01901,2026-06-04,SKU00023,WH-KOL,Outbound,14,2516.42
INV01902,2026-02-13,SKU00172,WH-MUM,Outbound,53,2264.57
INV01903,2026-03-21,SKU00392,WH-BLR,Inbound,522,52.43
INV01904,2026-03-11,SKU00352,WH-MUM,Outbound,15,1791.37
INV01905,2026-07-13,SKU00043,WH-MUM,Outbound,29,1179.69
INV01906,2026-06-10,SKU00342,WH-BLR,Inbound,691,2400.48
INV01907,2026-04-20,SKU00242,WH-MUM,Inbound,334,1895.03
INV01908,2026-06-30,SKU00404,WH-DEL,Outbound,16,609.33
INV01909,2026-02-10,SKU00310,WH-BLR,Outbound,17,6386.15
INV01910,2026-05-13,SKU00419,WH-KOL,Outbound,25,440.1
INV01911,2026-02-19,SKU00252,WH-BLR,Outbound,43,8701.98
INV01912,2026-03-11,SKU00013,WH-MUM,Inbound,159,1784.82
INV01913,2026-07-29,SKU00378,WH-MUM,Inbound,701,1263.95
INV01914,2026-05-11,SKU00500,WH-MUM,Outbound,2,5429.77
INV01915,2026-06-14,SKU00104,WH-KOL,Inbound,213,585.83
INV01916,2026-06-30,SKU00151,WH-BLR,Outbound,31,929.95
INV01917,2026-02-02,SKU00481,WH-MUM,Inbound,140,1046.17
INV01918,2026-07-09,SKU00295,WH-KOL,Inbound,643,662.59
INV01919,2026-04-17,SKU00064,WH-KOL,Outbound,47,709.46
INV01920,2026-05-24,SKU00395,WH-BLR,Outbound,54,1053.28
INV01921,2026-07-17,SKU00432,WH-MUM,Inbound,180,1455.14
INV01922,2026-03-22,SKU00393,WH-DEL,Outbound,54,9518.82
INV01923,2026-04-16,SKU00230,WH-MUM,Outbound,5,1265.91
INV01924,2026-04-04,SKU00343,WH-MUM,Inbound,228,2347.38
INV01925,2026-04-25,SKU00085,WH-DEL,Outbound,29,3148.47
INV01926,2026-03-30,SKU00053,WH-DEL,Outbound,48,868.57
INV01927,2026-02-02,SKU00369,WH-DEL,Inbound,437,8667.87
INV01928,2026-05-11,SKU00243,WH-MUM,Outbound,10,11188.78
INV01929,2026-07-02,SKU00193,WH-KOL,Inbound,498,176.72
INV01930,2026-06-18,SKU00290,WH-DEL,Outbound,5,8503.82
INV01931,2026-04-17,SKU00094,WH-DEL,Inbound,548,575.1
INV01932,2026-05-08,SKU00040,WH-DEL,Outbound,14,4161.45
INV01933,2026-07-14,SKU00431,WH-DEL,Inbound,274,9608.31
INV01934,2026-03-01,SKU00417,WH-DEL,Outbound,33,8095.48
INV01935,2026-02-02,SKU00069,WH-KOL,Outbound,41,4763.58
INV01936,2026-03-27,SKU00321,WH-MUM,Inbound,565,874.13
INV01937,2026-02-03,SKU00490,WH-KOL,Outbound,20,1787.72
INV01938,2026-03-07,SKU00382,WH-BLR,Outbound,53,2309.85
INV01939,2026-05-03,SKU00455,WH-DEL,Outbound,8,1331.76
INV01940,2026-07-17,SKU00435,WH-KOL,Outbound,1,1890.71
INV01941,2026-02-23,SKU00031,WH-MUM,Outbound,34,670.48
INV01942,2026-06-26,SKU00084,WH-DEL,Outbound,27,1208.11
INV01943,2026-06-07,SKU00249,WH-MUM,Inbound,787,1814.53
INV01944,2026-05-08,SKU00048,WH-KOL,Outbound,18,315.62
INV01945,2026-02-19,SKU00334,WH-BLR,Outbound,10,1179.4
INV01946,2026-03-08,SKU00121,WH-MUM,Outbound,58,1919.73
INV01947,2026-02-04,SKU00401,WH-BLR,Outbound,17,1900.66
INV01948,2026-05-26,SKU00030,WH-BLR,Inbound,424,795.94
INV01949,2026-05-31,SKU00410,WH-KOL,Outbound,23,1875.94
INV01950,2026-06-04,SKU00081,WH-MUM,Inbound,199,836.66
INV01951,2026-02-11,SKU00017,WH-DEL,Inbound,95,2836.86
INV01952,2026-03-09,SKU00070,WH-MUM,Inbound,789,758.25
INV01953,2026-03-18,SKU00366,WH-BLR,Inbound,99,2401.22
INV01954,2026-03-05,SKU00481,WH-MUM,Inbound,723,1046.17
INV01955,2026-05-17,SKU00005,WH-BLR,Outbound,2,94.7
INV01956,2026-05-05,SKU00036,WH-DEL,Outbound,58,1364.59
INV01957,2026-04-08,SKU00448,WH-MUM,Outbound,43,11512.49
INV01958,2026-05-05,SKU00379,WH-MUM,Inbound,342,4206.88
INV01959,2026-03-23,SKU00421,WH-KOL,Outbound,41,253.19
INV01960,2026-05-05,SKU00432,WH-MUM,Inbound,233,1455.14
INV01961,2026-06-27,SKU00223,WH-KOL,Outbound,2,2179.94
INV01962,2026-04-05,SKU00388,WH-KOL,Outbound,6,1917.96
INV01963,2026-05-03,SKU00440,WH-BLR,Inbound,340,905.06
INV01964,2026-04-11,SKU00284,WH-DEL,Inbound,554,2058.16
INV01965,2026-05-21,SKU00279,WH-MUM,Outbound,51,1021.55
INV01966,2026-06-28,SKU00188,WH-DEL,Inbound,118,5522.04
INV01967,2026-03-06,SKU00435,WH-KOL,Inbound,365,1890.71
INV01968,2026-02-27,SKU00035,WH-BLR,Outbound,21,445.07
INV01969,2026-05-05,SKU00271,WH-MUM,Inbound,331,1798.35
INV01970,2026-03-29,SKU00383,WH-KOL,Inbound,420,707.86
INV01971,2026-07-28,SKU00008,WH-BLR,Outbound,56,2301.12
INV01972,2026-02-24,SKU00294,WH-BLR,Inbound,239,1140.9
INV01973,2026-07-29,SKU00249,WH-MUM,Outbound,52,1814.53
INV01974,2026-03-18,SKU00111,WH-MUM,Outbound,14,174.54
INV01975,2026-03-15,SKU00160,WH-KOL,Outbound,17,11066.49
INV01976,2026-06-29,SKU00301,WH-MUM,Outbound,7,1418.75
INV01977,2026-03-02,SKU00039,WH-MUM,Outbound,39,9834.23
INV01978,2026-05-18,SKU00182,WH-DEL,Inbound,683,10232.53
INV01979,2026-06-19,SKU00476,WH-MUM,Outbound,15,1133.85
INV01980,2026-06-23,SKU00316,WH-MUM,Inbound,538,2498.51
INV01981,2026-06-01,SKU00488,WH-DEL,Outbound,49,2491.44
INV01982,2026-02-01,SKU00275,WH-BLR,Outbound,16,7591.41
INV01983,2026-03-02,SKU00233,WH-MUM,Outbound,32,219.39
INV01984,2026-02-04,SKU00120,WH-KOL,Outbound,7,3821.05
INV01985,2026-07-16,SKU00173,WH-MUM,Inbound,693,11441.53
INV01986,2026-04-01,SKU00093,WH-DEL,Inbound,376,450.31
INV01987,2026-07-09,SKU00464,WH-BLR,Outbound,19,2473.24
INV01988,2026-04-01,SKU00130,WH-BLR,Outbound,35,2485.49
INV01989,2026-05-05,SKU00122,WH-BLR,Outbound,47,10686.17
INV01990,2026-06-23,SKU00255,WH-MUM,Outbound,54,11085.77
INV01991,2026-06-23,SKU00495,WH-BLR,Inbound,509,772.9
INV01992,2026-06-24,SKU00481,WH-MUM,Outbound,59,1046.17
INV01993,2026-03-16,SKU00242,WH-MUM,Outbound,43,1895.03
INV01994,2026-04-05,SKU00324,WH-KOL,Outbound,17,1652.07
INV01995,2026-05-18,SKU00183,WH-BLR,Outbound,42,418.97
INV01996,2026-04-09,SKU00431,WH-DEL,Outbound,16,9608.31
INV01997,2026-04-25,SKU00383,WH-KOL,Inbound,762,707.86
INV01998,2026-02-02,SKU00101,WH-KOL,Inbound,99,1999.68
INV01999,2026-06-30,SKU00466,WH-DEL,Inbound,461,11449.89
INV02000,2026-04-05,SKU00006,WH-KOL,Outbound,56,687.85
INV02001,2026-07-13,SKU00406,WH-KOL,Inbound,129,10375.09
INV02002,2026-04-02,SKU00204,WH-KOL,Inbound,399,820.72
INV02003,2026-06-19,SKU00359,WH-KOL,Inbound,132,9757.49
INV02004,2026-04-09,SKU00237,WH-KOL,Inbound,101,1075.51
INV02005,2026-03-22,SKU00054,WH-BLR,Outbound,55,1923.43
INV02006,2026-07-13,SKU00080,WH-KOL,Inbound,362,6023.78
INV02007,2026-02-04,SKU00065,WH-MUM,Outbound,56,2082.57
INV02008,2026-05-31,SKU00406,WH-KOL,Outbound,21,10375.09
INV02009,2026-07-22,SKU00431,WH-DEL,Inbound,89,9608.31
INV02010,2026-05-30,SKU00477,WH-MUM,Inbound,778,699.44
INV02011,2026-04-25,SKU00318,WH-DEL,Inbound,524,8028.65
INV02012,2026-03-28,SKU00258,WH-KOL,Inbound,117,2854.17
INV02013,2026-03-02,SKU00344,WH-BLR,Inbound,537,440.76
INV02014,2026-03-10,SKU00156,WH-MUM,Outbound,21,7355.2
INV02015,2026-06-22,SKU00363,WH-MUM,Outbound,1,5713.08
INV02016,2026-05-16,SKU00193,WH-KOL,Inbound,331,176.72
INV02017,2026-06-27,SKU00055,WH-MUM,Outbound,44,681.63
INV02018,2026-06-29,SKU00371,WH-BLR,Inbound,364,644.58
INV02019,2026-04-22,SKU00144,WH-BLR,Outbound,2,875.3
INV02020,2026-06-23,SKU00118,WH-KOL,Inbound,647,221.33
INV02021,2026-07-04,SKU00375,WH-BLR,Outbound,10,2972.67
INV02022,2026-05-28,SKU00091,WH-DEL,Inbound,298,7317.96
INV02023,2026-06-17,SKU00485,WH-KOL,Inbound,162,3725.58
INV02024,2026-07-04,SKU00001,WH-DEL,Outbound,33,2287.34
INV02025,2026-04-16,SKU00476,WH-MUM,Outbound,34,1133.85
INV02026,2026-07-13,SKU00117,WH-MUM,Inbound,216,1222.09
INV02027,2026-02-18,SKU00066,WH-MUM,Outbound,39,4782.22
INV02028,2026-06-15,SKU00124,WH-BLR,Inbound,64,9532.62
INV02029,2026-04-08,SKU00274,WH-KOL,Inbound,156,6759.66
INV02030,2026-05-12,SKU00398,WH-DEL,Inbound,654,1619.31
INV02031,2026-07-21,SKU00055,WH-MUM,Inbound,632,681.63
INV02032,2026-03-16,SKU00009,WH-BLR,Inbound,751,1444.57
INV02033,2026-05-12,SKU00295,WH-KOL,Outbound,29,662.59
INV02034,2026-04-11,SKU00288,WH-BLR,Outbound,24,2081.82
INV02035,2026-04-24,SKU00300,WH-KOL,Outbound,21,2270.99
INV02036,2026-02-15,SKU00018,WH-BLR,Outbound,49,8731.17
INV02037,2026-03-09,SKU00098,WH-KOL,Outbound,41,10029.72
INV02038,2026-04-23,SKU00262,WH-KOL,Outbound,16,882.31
INV02039,2026-03-30,SKU00492,WH-BLR,Outbound,27,1123.17
INV02040,2026-04-29,SKU00365,WH-BLR,Outbound,59,1218.85
INV02041,2026-04-18,SKU00128,WH-DEL,Inbound,452,2884.26
INV02042,2026-06-09,SKU00111,WH-MUM,Inbound,427,174.54
INV02043,2026-06-24,SKU00437,WH-MUM,Outbound,13,875.62
INV02044,2026-06-03,SKU00035,WH-BLR,Outbound,39,445.07
INV02045,2026-02-06,SKU00488,WH-DEL,Outbound,35,2491.44
INV02046,2026-06-10,SKU00490,WH-KOL,Outbound,20,1787.72
INV02047,2026-07-10,SKU00487,WH-KOL,Inbound,103,2169.7
INV02048,2026-05-30,SKU00129,WH-DEL,Outbound,15,9327.43
INV02049,2026-06-19,SKU00363,WH-MUM,Outbound,32,5713.08
INV02050,2026-04-28,SKU00036,WH-DEL,Inbound,52,1364.59
INV02051,2026-02-27,SKU00385,WH-DEL,Inbound,180,2272.63
INV02052,2026-05-16,SKU00486,WH-MUM,Outbound,38,837.97
INV02053,2026-05-19,SKU00168,WH-MUM,Inbound,67,867.2
INV02054,2026-02-15,SKU00226,WH-BLR,Outbound,49,11667.08
INV02055,2026-07-29,SKU00195,WH-BLR,Outbound,24,2145.91
INV02056,2026-04-08,SKU00380,WH-BLR,Inbound,653,380.87
INV02057,2026-07-26,SKU00484,WH-BLR,Inbound,129,1498.14
INV02058,2026-04-15,SKU00102,WH-DEL,Outbound,7,1168.19
INV02059,2026-06-12,SKU00039,WH-MUM,Outbound,23,9834.23
INV02060,2026-07-25,SKU00258,WH-KOL,Outbound,51,2854.17
INV02061,2026-07-26,SKU00251,WH-MUM,Inbound,227,8829.48
INV02062,2026-03-13,SKU00286,WH-KOL,Outbound,40,11666.17
INV02063,2026-04-29,SKU00123,WH-DEL,Outbound,34,5972.23
INV02064,2026-05-31,SKU00036,WH-DEL,Outbound,58,1364.59
INV02065,2026-05-25,SKU00087,WH-KOL,Inbound,167,115.0
INV02066,2026-02-13,SKU00072,WH-MUM,Outbound,39,6769.78
INV02067,2026-04-30,SKU00147,WH-MUM,Inbound,748,2653.82
INV02068,2026-02-09,SKU00382,WH-BLR,Inbound,192,2309.85
INV02069,2026-07-04,SKU00395,WH-BLR,Inbound,728,1053.28
INV02070,2026-03-18,SKU00273,WH-MUM,Outbound,36,10833.62
INV02071,2026-03-29,SKU00341,WH-BLR,Inbound,725,166.31
INV02072,2026-06-24,SKU00340,WH-KOL,Outbound,18,1389.69
INV02073,2026-02-27,SKU00235,WH-DEL,Outbound,47,6615.42
INV02074,2026-06-28,SKU00083,WH-KOL,Inbound,644,6849.78
INV02075,2026-05-04,SKU00219,WH-KOL,Outbound,34,802.72
INV02076,2026-03-29,SKU00224,WH-KOL,Outbound,59,6709.79
INV02077,2026-04-07,SKU00164,WH-DEL,Outbound,4,2749.43
INV02078,2026-06-13,SKU00013,WH-MUM,Outbound,24,1784.82
INV02079,2026-06-28,SKU00380,WH-BLR,Inbound,221,380.87
INV02080,2026-06-21,SKU00051,WH-BLR,Inbound,364,2441.51
INV02081,2026-05-04,SKU00073,WH-DEL,Outbound,1,867.66
INV02082,2026-02-15,SKU00433,WH-MUM,Inbound,536,5339.29
INV02083,2026-02-16,SKU00114,WH-KOL,Inbound,694,8859.95
INV02084,2026-05-21,SKU00493,WH-BLR,Inbound,707,558.06
INV02085,2026-06-09,SKU00220,WH-MUM,Inbound,158,4706.79
INV02086,2026-02-28,SKU00203,WH-KOL,Inbound,605,380.44
INV02087,2026-03-01,SKU00086,WH-BLR,Outbound,53,1011.59
INV02088,2026-07-20,SKU00353,WH-MUM,Outbound,32,1292.72
INV02089,2026-04-16,SKU00281,WH-BLR,Outbound,31,6051.72
INV02090,2026-06-14,SKU00185,WH-BLR,Outbound,25,7837.47
INV02091,2026-03-21,SKU00153,WH-BLR,Outbound,54,1195.75
INV02092,2026-05-18,SKU00360,WH-DEL,Inbound,140,7805.28
INV02093,2026-04-21,SKU00345,WH-KOL,Inbound,516,5493.81
INV02094,2026-03-24,SKU00448,WH-MUM,Inbound,782,11512.49
INV02095,2026-07-21,SKU00006,WH-KOL,Inbound,314,687.85
INV02096,2026-06-23,SKU00028,WH-BLR,Outbound,12,2400.36
INV02097,2026-05-02,SKU00259,WH-BLR,Inbound,89,1430.12
INV02098,2026-02-23,SKU00086,WH-BLR,Outbound,21,1011.59
INV02099,2026-03-22,SKU00493,WH-BLR,Outbound,53,558.06
INV02100,2026-04-29,SKU00257,WH-BLR,Inbound,164,2345.8
INV02101,2026-05-23,SKU00404,WH-DEL,Outbound,6,609.33
INV02102,2026-07-15,SKU00404,WH-DEL,Outbound,54,609.33
INV02103,2026-06-10,SKU00061,WH-DEL,Outbound,34,3874.45
INV02104,2026-06-21,SKU00246,WH-KOL,Outbound,38,2079.08
INV02105,2026-07-28,SKU00164,WH-DEL,Inbound,787,2749.43
INV02106,2026-05-28,SKU00326,WH-MUM,Outbound,29,1987.62
INV02107,2026-03-01,SKU00434,WH-BLR,Outbound,10,3062.04
INV02108,2026-02-26,SKU00202,WH-BLR,Outbound,53,3409.91
INV02109,2026-04-07,SKU00035,WH-BLR,Outbound,33,445.07
INV02110,2026-05-28,SKU00014,WH-KOL,Inbound,713,8341.7
INV02111,2026-05-26,SKU00354,WH-BLR,Inbound,55,8745.97
INV02112,2026-02-07,SKU00083,WH-KOL,Inbound,196,6849.78
INV02113,2026-06-19,SKU00038,WH-KOL,Outbound,3,3912.67
INV02114,2026-02-19,SKU00285,WH-BLR,Outbound,34,2040.13
INV02115,2026-06-07,SKU00126,WH-MUM,Outbound,44,2406.61
INV02116,2026-06-20,SKU00278,WH-MUM,Outbound,51,5478.21
INV02117,2026-05-18,SKU00492,WH-BLR,Outbound,20,1123.17
INV02118,2026-03-10,SKU00187,WH-MUM,Inbound,685,461.96
INV02119,2026-04-11,SKU00443,WH-KOL,Inbound,435,2005.51
INV02120,2026-05-30,SKU00094,WH-DEL,Outbound,15,575.1
INV02121,2026-07-17,SKU00198,WH-KOL,Outbound,6,10809.09
INV02122,2026-07-06,SKU00090,WH-MUM,Outbound,57,10547.52
INV02123,2026-06-25,SKU00338,WH-MUM,Inbound,614,10439.58
INV02124,2026-05-07,SKU00109,WH-KOL,Outbound,27,2319.81
INV02125,2026-05-17,SKU00231,WH-MUM,Inbound,561,11833.47
INV02126,2026-04-23,SKU00089,WH-MUM,Outbound,30,1266.65
INV02127,2026-02-04,SKU00021,WH-BLR,Outbound,57,1201.01
INV02128,2026-04-26,SKU00499,WH-BLR,Outbound,45,2025.27
INV02129,2026-07-14,SKU00419,WH-KOL,Inbound,755,440.1
INV02130,2026-04-26,SKU00350,WH-BLR,Outbound,56,2294.26
INV02131,2026-02-07,SKU00395,WH-BLR,Inbound,781,1053.28
INV02132,2026-07-28,SKU00050,WH-BLR,Outbound,5,1378.09
INV02133,2026-07-07,SKU00480,WH-BLR,Outbound,6,2279.72
INV02134,2026-06-29,SKU00318,WH-DEL,Inbound,641,8028.65
INV02135,2026-06-04,SKU00042,WH-DEL,Outbound,30,366.12
INV02136,2026-06-09,SKU00464,WH-BLR,Outbound,22,2473.24
INV02137,2026-02-12,SKU00102,WH-DEL,Inbound,454,1168.19
INV02138,2026-04-24,SKU00134,WH-DEL,Outbound,44,3530.0
INV02139,2026-02-23,SKU00145,WH-MUM,Outbound,27,1430.63
INV02140,2026-05-20,SKU00089,WH-MUM,Outbound,7,1266.65
INV02141,2026-07-28,SKU00309,WH-MUM,Inbound,648,1171.45
INV02142,2026-04-15,SKU00323,WH-BLR,Outbound,21,499.13
INV02143,2026-05-01,SKU00481,WH-MUM,Inbound,685,1046.17
INV02144,2026-07-24,SKU00388,WH-KOL,Outbound,18,1917.96
INV02145,2026-04-20,SKU00415,WH-KOL,Outbound,7,10691.87
INV02146,2026-04-16,SKU00155,WH-MUM,Inbound,53,1737.81
INV02147,2026-03-10,SKU00440,WH-BLR,Inbound,641,905.06
INV02148,2026-06-15,SKU00387,WH-MUM,Outbound,13,1977.63
INV02149,2026-03-05,SKU00492,WH-BLR,Inbound,325,1123.17
INV02150,2026-03-06,SKU00084,WH-DEL,Inbound,431,1208.11
INV02151,2026-02-02,SKU00371,WH-BLR,Outbound,9,644.58
INV02152,2026-03-03,SKU00388,WH-KOL,Outbound,50,1917.96
INV02153,2026-03-24,SKU00253,WH-MUM,Outbound,10,11334.19
INV02154,2026-04-10,SKU00319,WH-MUM,Inbound,196,595.08
INV02155,2026-06-02,SKU00107,WH-BLR,Outbound,22,5299.07
INV02156,2026-07-09,SKU00363,WH-MUM,Outbound,1,5713.08
INV02157,2026-05-30,SKU00158,WH-MUM,Inbound,405,9970.62
INV02158,2026-02-03,SKU00497,WH-KOL,Outbound,32,1676.27
INV02159,2026-06-11,SKU00310,WH-BLR,Inbound,477,6386.15
INV02160,2026-07-15,SKU00015,WH-DEL,Outbound,38,7048.89
INV02161,2026-06-07,SKU00470,WH-MUM,Outbound,25,882.17
INV02162,2026-02-06,SKU00133,WH-DEL,Outbound,28,1838.05
INV02163,2026-04-25,SKU00236,WH-BLR,Inbound,178,2085.22
INV02164,2026-03-16,SKU00384,WH-MUM,Inbound,62,971.4
INV02165,2026-07-20,SKU00250,WH-KOL,Inbound,721,3336.03
INV02166,2026-03-09,SKU00229,WH-KOL,Outbound,12,1018.62
INV02167,2026-02-10,SKU00264,WH-BLR,Outbound,54,111.35
INV02168,2026-03-09,SKU00175,WH-MUM,Outbound,40,9741.4
INV02169,2026-05-11,SKU00413,WH-MUM,Inbound,446,5304.73
INV02170,2026-02-06,SKU00290,WH-DEL,Outbound,55,8503.82
INV02171,2026-07-03,SKU00326,WH-MUM,Outbound,17,1987.62
INV02172,2026-04-15,SKU00462,WH-BLR,Inbound,676,517.67
INV02173,2026-04-06,SKU00251,WH-MUM,Outbound,14,8829.48
INV02174,2026-03-12,SKU00015,WH-DEL,Outbound,2,7048.89
INV02175,2026-05-03,SKU00305,WH-DEL,Inbound,362,3004.65
INV02176,2026-03-18,SKU00113,WH-KOL,Inbound,389,1673.2
INV02177,2026-06-07,SKU00077,WH-MUM,Outbound,21,2528.25
INV02178,2026-04-11,SKU00490,WH-KOL,Inbound,612,1787.72
INV02179,2026-06-30,SKU00014,WH-KOL,Outbound,49,8341.7
INV02180,2026-03-13,SKU00357,WH-MUM,Outbound,11,825.85
INV02181,2026-03-14,SKU00168,WH-MUM,Outbound,58,867.2
INV02182,2026-06-08,SKU00440,WH-BLR,Inbound,385,905.06
INV02183,2026-03-28,SKU00490,WH-KOL,Outbound,27,1787.72
INV02184,2026-03-13,SKU00063,WH-MUM,Inbound,797,10724.93
INV02185,2026-02-03,SKU00329,WH-BLR,Outbound,52,2228.79
INV02186,2026-03-23,SKU00053,WH-DEL,Outbound,30,868.57
INV02187,2026-06-22,SKU00042,WH-DEL,Inbound,637,366.12
INV02188,2026-05-12,SKU00380,WH-BLR,Outbound,11,380.87
INV02189,2026-03-16,SKU00262,WH-KOL,Inbound,525,882.31
INV02190,2026-04-03,SKU00186,WH-BLR,Outbound,42,166.06
INV02191,2026-03-31,SKU00070,WH-MUM,Outbound,47,758.25
INV02192,2026-03-25,SKU00274,WH-KOL,Inbound,606,6759.66
INV02193,2026-02-08,SKU00353,WH-MUM,Outbound,50,1292.72
INV02194,2026-05-30,SKU00468,WH-MUM,Inbound,198,961.59
INV02195,2026-04-24,SKU00289,WH-DEL,Inbound,74,781.96
INV02196,2026-04-07,SKU00474,WH-KOL,Outbound,58,7851.39
INV02197,2026-07-12,SKU00340,WH-KOL,Inbound,419,1389.69
INV02198,2026-02-23,SKU00209,WH-KOL,Outbound,10,680.56
INV02199,2026-03-05,SKU00379,WH-MUM,Outbound,42,4206.88
INV02200,2026-07-05,SKU00275,WH-BLR,Outbound,50,7591.41
INV02201,2026-06-28,SKU00206,WH-KOL,Outbound,24,7902.26
INV02202,2026-03-05,SKU00031,WH-MUM,Inbound,200,670.48
INV02203,2026-04-01,SKU00126,WH-MUM,Inbound,446,2406.61
INV02204,2026-03-22,SKU00229,WH-KOL,Inbound,76,1018.62
INV02205,2026-02-19,SKU00041,WH-DEL,Outbound,22,1123.07
INV02206,2026-02-15,SKU00347,WH-DEL,Outbound,44,757.27
INV02207,2026-07-16,SKU00468,WH-MUM,Outbound,54,961.59
INV02208,2026-07-26,SKU00420,WH-BLR,Inbound,282,655.32
INV02209,2026-07-03,SKU00008,WH-BLR,Outbound,33,2301.12
INV02210,2026-02-16,SKU00281,WH-BLR,Outbound,13,6051.72
INV02211,2026-04-27,SKU00370,WH-MUM,Outbound,27,5792.33
INV02212,2026-02-03,SKU00336,WH-BLR,Outbound,42,1514.56
INV02213,2026-06-19,SKU00452,WH-MUM,Outbound,53,323.23
INV02214,2026-02-16,SKU00281,WH-BLR,Outbound,18,6051.72
INV02215,2026-03-12,SKU00243,WH-MUM,Inbound,616,11188.78
INV02216,2026-02-08,SKU00493,WH-BLR,Outbound,36,558.06
INV02217,2026-03-24,SKU00006,WH-KOL,Outbound,41,687.85
INV02218,2026-07-15,SKU00352,WH-MUM,Outbound,30,1791.37
INV02219,2026-06-21,SKU00340,WH-KOL,Inbound,112,1389.69
INV02220,2026-03-23,SKU00065,WH-MUM,Outbound,16,2082.57
INV02221,2026-02-04,SKU00116,WH-MUM,Outbound,12,3552.65
INV02222,2026-06-08,SKU00425,WH-KOL,Inbound,205,5885.58
INV02223,2026-02-04,SKU00149,WH-BLR,Outbound,28,543.76
INV02224,2026-05-20,SKU00203,WH-KOL,Inbound,436,380.44
INV02225,2026-05-15,SKU00277,WH-MUM,Inbound,678,9601.1
INV02226,2026-05-08,SKU00177,WH-DEL,Outbound,7,2327.45
INV02227,2026-07-01,SKU00080,WH-KOL,Outbound,25,6023.78
INV02228,2026-07-01,SKU00049,WH-BLR,Outbound,6,366.94
INV02229,2026-03-12,SKU00170,WH-KOL,Inbound,713,854.17
INV02230,2026-07-28,SKU00169,WH-BLR,Outbound,3,9131.35
INV02231,2026-02-14,SKU00332,WH-MUM,Inbound,137,672.03
INV02232,2026-06-11,SKU00392,WH-BLR,Outbound,41,52.43
INV02233,2026-02-21,SKU00347,WH-DEL,Outbound,23,757.27
INV02234,2026-05-30,SKU00036,WH-DEL,Outbound,12,1364.59
INV02235,2026-05-03,SKU00452,WH-MUM,Outbound,36,323.23
INV02236,2026-04-12,SKU00239,WH-BLR,Inbound,400,631.96
INV02237,2026-02-01,SKU00332,WH-MUM,Inbound,94,672.03
INV02238,2026-04-04,SKU00330,WH-BLR,Outbound,5,849.1
INV02239,2026-07-17,SKU00038,WH-KOL,Outbound,22,3912.67
INV02240,2026-04-13,SKU00261,WH-DEL,Inbound,509,7060.4
INV02241,2026-03-15,SKU00056,WH-MUM,Outbound,55,169.48
INV02242,2026-04-01,SKU00490,WH-KOL,Outbound,9,1787.72
INV02243,2026-07-16,SKU00396,WH-BLR,Inbound,344,5350.41
INV02244,2026-07-14,SKU00384,WH-MUM,Inbound,304,971.4
INV02245,2026-04-08,SKU00275,WH-BLR,Outbound,42,7591.41
INV02246,2026-06-30,SKU00485,WH-KOL,Outbound,57,3725.58
INV02247,2026-03-08,SKU00074,WH-KOL,Outbound,15,5681.87
INV02248,2026-02-08,SKU00346,WH-BLR,Outbound,45,1095.65
INV02249,2026-03-01,SKU00302,WH-BLR,Outbound,30,182.43
INV02250,2026-06-05,SKU00073,WH-DEL,Inbound,592,867.66
INV02251,2026-07-20,SKU00116,WH-MUM,Outbound,15,3552.65
INV02252,2026-07-23,SKU00294,WH-BLR,Outbound,3,1140.9
INV02253,2026-06-05,SKU00030,WH-BLR,Inbound,252,795.94
INV02254,2026-03-10,SKU00318,WH-DEL,Inbound,672,8028.65
INV02255,2026-06-08,SKU00136,WH-BLR,Outbound,7,2010.34
INV02256,2026-03-16,SKU00076,WH-MUM,Outbound,22,2157.69
INV02257,2026-03-10,SKU00154,WH-KOL,Outbound,56,4016.0
INV02258,2026-02-26,SKU00376,WH-BLR,Inbound,483,883.34
INV02259,2026-05-25,SKU00226,WH-BLR,Inbound,53,11667.08
INV02260,2026-05-03,SKU00072,WH-MUM,Outbound,36,6769.78
INV02261,2026-02-16,SKU00479,WH-MUM,Outbound,19,8467.6
INV02262,2026-04-26,SKU00432,WH-MUM,Outbound,59,1455.14
INV02263,2026-02-24,SKU00267,WH-MUM,Inbound,431,2154.47
INV02264,2026-04-10,SKU00156,WH-MUM,Inbound,70,7355.2
INV02265,2026-02-06,SKU00489,WH-BLR,Outbound,18,1585.7
INV02266,2026-02-10,SKU00273,WH-MUM,Outbound,1,10833.62
INV02267,2026-05-21,SKU00241,WH-MUM,Inbound,776,2478.55
INV02268,2026-04-16,SKU00246,WH-KOL,Inbound,173,2079.08
INV02269,2026-07-11,SKU00309,WH-MUM,Inbound,103,1171.45
INV02270,2026-04-07,SKU00356,WH-MUM,Outbound,36,9157.17
INV02271,2026-06-13,SKU00362,WH-KOL,Inbound,328,11036.39
INV02272,2026-02-23,SKU00401,WH-BLR,Inbound,368,1900.66
INV02273,2026-02-19,SKU00117,WH-MUM,Inbound,309,1222.09
INV02274,2026-05-10,SKU00334,WH-BLR,Inbound,471,1179.4
INV02275,2026-02-14,SKU00429,WH-BLR,Outbound,35,1908.01
INV02276,2026-07-12,SKU00094,WH-DEL,Outbound,14,575.1
INV02277,2026-03-24,SKU00002,WH-KOL,Outbound,12,137.81
INV02278,2026-04-06,SKU00001,WH-DEL,Outbound,22,2287.34
INV02279,2026-04-21,SKU00358,WH-MUM,Inbound,705,408.77
INV02280,2026-07-01,SKU00197,WH-MUM,Outbound,16,4238.42
INV02281,2026-03-08,SKU00289,WH-DEL,Outbound,53,781.96
INV02282,2026-03-25,SKU00170,WH-KOL,Inbound,652,854.17
INV02283,2026-02-06,SKU00395,WH-BLR,Outbound,13,1053.28
INV02284,2026-07-27,SKU00244,WH-DEL,Inbound,78,629.92
INV02285,2026-06-19,SKU00478,WH-KOL,Inbound,559,2079.08
INV02286,2026-04-08,SKU00272,WH-MUM,Outbound,10,5954.63
INV02287,2026-06-24,SKU00365,WH-BLR,Outbound,57,1218.85
INV02288,2026-04-29,SKU00227,WH-MUM,Inbound,322,155.78
INV02289,2026-04-16,SKU00161,WH-DEL,Inbound,679,1214.64
INV02290,2026-03-07,SKU00082,WH-BLR,Outbound,56,5223.71
INV02291,2026-05-24,SKU00471,WH-KOL,Outbound,5,2274.94
INV02292,2026-03-08,SKU00315,WH-BLR,Outbound,24,1700.11
INV02293,2026-02-12,SKU00082,WH-BLR,Outbound,2,5223.71
INV02294,2026-05-19,SKU00010,WH-MUM,Inbound,339,1943.7
INV02295,2026-03-24,SKU00234,WH-MUM,Outbound,33,10361.57
INV02296,2026-05-20,SKU00360,WH-DEL,Inbound,95,7805.28
INV02297,2026-03-17,SKU00020,WH-BLR,Outbound,34,1860.54
INV02298,2026-04-05,SKU00200,WH-DEL,Outbound,3,886.77
INV02299,2026-02-10,SKU00254,WH-MUM,Inbound,468,9288.27
INV02300,2026-05-02,SKU00180,WH-DEL,Outbound,57,5711.83
INV02301,2026-06-18,SKU00312,WH-MUM,Inbound,400,1563.27
INV02302,2026-03-02,SKU00431,WH-DEL,Outbound,41,9608.31
INV02303,2026-05-03,SKU00382,WH-BLR,Outbound,24,2309.85
INV02304,2026-03-07,SKU00230,WH-MUM,Inbound,511,1265.91
INV02305,2026-04-20,SKU00097,WH-BLR,Inbound,757,789.32
INV02306,2026-06-14,SKU00380,WH-BLR,Inbound,675,380.87
INV02307,2026-02-14,SKU00499,WH-BLR,Outbound,44,2025.27
INV02308,2026-02-11,SKU00161,WH-DEL,Outbound,57,1214.64
INV02309,2026-05-19,SKU00161,WH-DEL,Outbound,22,1214.64
INV02310,2026-02-19,SKU00221,WH-MUM,Outbound,6,6302.0
INV02311,2026-05-07,SKU00271,WH-MUM,Outbound,31,1798.35
INV02312,2026-05-11,SKU00446,WH-MUM,Outbound,12,1215.99
INV02313,2026-05-16,SKU00465,WH-BLR,Inbound,148,3344.27
INV02314,2026-05-29,SKU00109,WH-KOL,Inbound,63,2319.81
INV02315,2026-04-14,SKU00281,WH-BLR,Outbound,15,6051.72
INV02316,2026-02-24,SKU00168,WH-MUM,Outbound,24,867.2
INV02317,2026-04-05,SKU00149,WH-BLR,Inbound,179,543.76
INV02318,2026-04-11,SKU00260,WH-MUM,Outbound,58,2081.26
INV02319,2026-02-12,SKU00209,WH-KOL,Inbound,428,680.56
INV02320,2026-07-06,SKU00468,WH-MUM,Inbound,699,961.59
INV02321,2026-06-19,SKU00127,WH-KOL,Outbound,51,479.88
INV02322,2026-06-15,SKU00429,WH-BLR,Outbound,21,1908.01
INV02323,2026-04-26,SKU00008,WH-BLR,Outbound,42,2301.12
INV02324,2026-07-04,SKU00334,WH-BLR,Inbound,506,1179.4
INV02325,2026-03-13,SKU00123,WH-DEL,Outbound,13,5972.23
INV02326,2026-04-06,SKU00202,WH-BLR,Outbound,44,3409.91
INV02327,2026-03-04,SKU00365,WH-BLR,Inbound,189,1218.85
INV02328,2026-04-28,SKU00262,WH-KOL,Inbound,553,882.31
INV02329,2026-03-29,SKU00030,WH-BLR,Outbound,56,795.94
INV02330,2026-03-13,SKU00184,WH-KOL,Inbound,632,748.55
INV02331,2026-07-22,SKU00381,WH-MUM,Outbound,19,1089.62
INV02332,2026-02-05,SKU00349,WH-DEL,Inbound,291,7214.46
INV02333,2026-04-24,SKU00331,WH-KOL,Outbound,31,1764.17
INV02334,2026-05-16,SKU00132,WH-KOL,Outbound,22,1623.52
INV02335,2026-04-24,SKU00383,WH-KOL,Outbound,3,707.86
INV02336,2026-04-27,SKU00180,WH-DEL,Inbound,224,5711.83
INV02337,2026-02-28,SKU00184,WH-KOL,Outbound,24,748.55
INV02338,2026-04-24,SKU00488,WH-DEL,Outbound,55,2491.44
INV02339,2026-07-07,SKU00293,WH-BLR,Outbound,16,1336.48
INV02340,2026-02-01,SKU00480,WH-BLR,Outbound,23,2279.72
INV02341,2026-04-14,SKU00435,WH-KOL,Inbound,248,1890.71
INV02342,2026-04-26,SKU00206,WH-KOL,Outbound,23,7902.26
INV02343,2026-02-17,SKU00222,WH-BLR,Outbound,21,1173.02
INV02344,2026-04-05,SKU00271,WH-MUM,Outbound,7,1798.35
INV02345,2026-02-19,SKU00392,WH-BLR,Outbound,10,52.43
INV02346,2026-03-04,SKU00170,WH-KOL,Inbound,776,854.17
INV02347,2026-03-30,SKU00421,WH-KOL,Inbound,772,253.19
INV02348,2026-04-01,SKU00225,WH-MUM,Outbound,6,8469.03
INV02349,2026-03-06,SKU00345,WH-KOL,Outbound,23,5493.81
INV02350,2026-05-08,SKU00064,WH-KOL,Outbound,2,709.46
INV02351,2026-04-28,SKU00296,WH-MUM,Inbound,515,336.52
INV02352,2026-05-25,SKU00416,WH-BLR,Outbound,55,7491.99
INV02353,2026-05-11,SKU00047,WH-MUM,Inbound,370,4945.23
INV02354,2026-06-24,SKU00037,WH-MUM,Inbound,295,2029.84
INV02355,2026-07-01,SKU00342,WH-BLR,Inbound,461,2400.48
INV02356,2026-05-26,SKU00466,WH-DEL,Outbound,42,11449.89
INV02357,2026-03-29,SKU00283,WH-MUM,Inbound,139,6172.83
INV02358,2026-03-21,SKU00405,WH-MUM,Inbound,391,601.86
INV02359,2026-04-12,SKU00129,WH-DEL,Outbound,3,9327.43
INV02360,2026-04-04,SKU00076,WH-MUM,Inbound,283,2157.69
INV02361,2026-03-26,SKU00261,WH-DEL,Inbound,310,7060.4
INV02362,2026-07-12,SKU00245,WH-BLR,Inbound,420,1235.46
INV02363,2026-07-22,SKU00294,WH-BLR,Outbound,8,1140.9
INV02364,2026-02-27,SKU00488,WH-DEL,Outbound,15,2491.44
INV02365,2026-07-13,SKU00177,WH-DEL,Inbound,371,2327.45
INV02366,2026-05-04,SKU00438,WH-KOL,Inbound,659,1991.44
INV02367,2026-03-12,SKU00124,WH-BLR,Inbound,606,9532.62
INV02368,2026-07-29,SKU00075,WH-MUM,Outbound,10,1714.84
INV02369,2026-05-30,SKU00433,WH-MUM,Inbound,798,5339.29
INV02370,2026-03-31,SKU00105,WH-BLR,Outbound,40,205.15
INV02371,2026-02-24,SKU00157,WH-KOL,Inbound,691,1144.76
INV02372,2026-04-17,SKU00060,WH-KOL,Outbound,48,1649.08
INV02373,2026-06-14,SKU00365,WH-BLR,Outbound,26,1218.85
INV02374,2026-02-22,SKU00196,WH-BLR,Inbound,645,1010.0
INV02375,2026-06-28,SKU00319,WH-MUM,Outbound,54,595.08
INV02376,2026-05-09,SKU00199,WH-MUM,Outbound,20,1638.56
INV02377,2026-03-16,SKU00043,WH-MUM,Outbound,37,1179.69
INV02378,2026-02-02,SKU00030,WH-BLR,Outbound,24,795.94
INV02379,2026-07-26,SKU00500,WH-MUM,Inbound,643,5429.77
INV02380,2026-07-11,SKU00461,WH-MUM,Inbound,256,695.7
INV02381,2026-06-30,SKU00180,WH-DEL,Inbound,232,5711.83
INV02382,2026-06-14,SKU00178,WH-DEL,Inbound,463,10878.35
INV02383,2026-05-01,SKU00262,WH-KOL,Outbound,14,882.31
INV02384,2026-06-07,SKU00051,WH-BLR,Outbound,38,2441.51
INV02385,2026-02-18,SKU00159,WH-MUM,Outbound,21,1254.94
INV02386,2026-06-09,SKU00319,WH-MUM,Outbound,53,595.08
INV02387,2026-04-13,SKU00246,WH-KOL,Outbound,56,2079.08
INV02388,2026-04-03,SKU00313,WH-KOL,Inbound,50,1079.2
INV02389,2026-04-27,SKU00400,WH-BLR,Outbound,32,8201.96
INV02390,2026-06-22,SKU00261,WH-DEL,Outbound,14,7060.4
INV02391,2026-07-01,SKU00445,WH-KOL,Outbound,21,126.16
INV02392,2026-03-21,SKU00445,WH-KOL,Outbound,2,126.16
INV02393,2026-04-20,SKU00235,WH-DEL,Inbound,569,6615.42
INV02394,2026-04-06,SKU00438,WH-KOL,Inbound,693,1991.44
INV02395,2026-02-03,SKU00418,WH-MUM,Outbound,24,1493.1
INV02396,2026-04-17,SKU00215,WH-DEL,Outbound,42,5829.92
INV02397,2026-04-07,SKU00258,WH-KOL,Inbound,104,2854.17
INV02398,2026-07-28,SKU00325,WH-BLR,Inbound,326,7306.51
INV02399,2026-04-06,SKU00254,WH-MUM,Outbound,25,9288.27
INV02400,2026-04-28,SKU00118,WH-KOL,Inbound,342,221.33
INV02401,2026-06-01,SKU00175,WH-MUM,Inbound,428,9741.4
INV02402,2026-07-20,SKU00113,WH-KOL,Inbound,160,1673.2
INV02403,2026-03-16,SKU00289,WH-DEL,Inbound,303,781.96
INV02404,2026-06-27,SKU00248,WH-KOL,Inbound,156,1229.37
INV02405,2026-02-28,SKU00440,WH-BLR,Inbound,314,905.06
INV02406,2026-04-08,SKU00443,WH-KOL,Inbound,164,2005.51
INV02407,2026-04-16,SKU00011,WH-KOL,Inbound,321,4389.51
INV02408,2026-06-02,SKU00124,WH-BLR,Outbound,38,9532.62
INV02409,2026-05-21,SKU00035,WH-BLR,Inbound,191,445.07
INV02410,2026-07-24,SKU00218,WH-MUM,Inbound,661,1883.86
INV02411,2026-03-22,SKU00040,WH-DEL,Outbound,59,4161.45
INV02412,2026-06-05,SKU00060,WH-KOL,Inbound,508,1649.08
INV02413,2026-04-21,SKU00498,WH-KOL,Outbound,3,735.5
INV02414,2026-02-01,SKU00403,WH-MUM,Outbound,9,5853.86
INV02415,2026-06-07,SKU00109,WH-KOL,Outbound,4,2319.81
INV02416,2026-06-04,SKU00444,WH-DEL,Inbound,109,5179.54
INV02417,2026-05-24,SKU00487,WH-KOL,Outbound,55,2169.7
INV02418,2026-02-07,SKU00007,WH-MUM,Inbound,600,2329.44
INV02419,2026-02-01,SKU00476,WH-MUM,Inbound,349,1133.85
INV02420,2026-02-16,SKU00229,WH-KOL,Inbound,230,1018.62
INV02421,2026-02-12,SKU00426,WH-MUM,Outbound,12,145.33
INV02422,2026-02-03,SKU00244,WH-DEL,Inbound,474,629.92
INV02423,2026-04-27,SKU00230,WH-MUM,Outbound,9,1265.91
INV02424,2026-06-20,SKU00419,WH-KOL,Inbound,56,440.1
INV02425,2026-02-15,SKU00312,WH-MUM,Inbound,532,1563.27
INV02426,2026-04-25,SKU00168,WH-MUM,Inbound,84,867.2
INV02427,2026-06-27,SKU00096,WH-MUM,Outbound,31,5218.43
INV02428,2026-03-07,SKU00101,WH-KOL,Inbound,552,1999.68
INV02429,2026-05-21,SKU00185,WH-BLR,Outbound,7,7837.47
INV02430,2026-05-14,SKU00030,WH-BLR,Inbound,109,795.94
INV02431,2026-02-08,SKU00190,WH-KOL,Inbound,88,1523.36
INV02432,2026-04-13,SKU00134,WH-DEL,Outbound,22,3530.0
INV02433,2026-05-08,SKU00123,WH-DEL,Outbound,1,5972.23
INV02434,2026-03-01,SKU00432,WH-MUM,Outbound,37,1455.14
INV02435,2026-04-07,SKU00243,WH-MUM,Inbound,125,11188.78
INV02436,2026-06-25,SKU00350,WH-BLR,Outbound,4,2294.26
INV02437,2026-02-07,SKU00204,WH-KOL,Outbound,13,820.72
INV02438,2026-05-29,SKU00128,WH-DEL,Outbound,36,2884.26
INV02439,2026-07-06,SKU00359,WH-KOL,Outbound,14,9757.49
INV02440,2026-07-07,SKU00251,WH-MUM,Inbound,780,8829.48
INV02441,2026-02-18,SKU00477,WH-MUM,Outbound,41,699.44
INV02442,2026-02-03,SKU00016,WH-BLR,Outbound,5,173.77
INV02443,2026-07-20,SKU00262,WH-KOL,Outbound,32,882.31
INV02444,2026-03-21,SKU00089,WH-MUM,Inbound,221,1266.65
INV02445,2026-06-03,SKU00081,WH-MUM,Outbound,40,836.66
INV02446,2026-02-26,SKU00252,WH-BLR,Outbound,35,8701.98
INV02447,2026-05-19,SKU00098,WH-KOL,Inbound,620,10029.72
INV02448,2026-06-24,SKU00170,WH-KOL,Outbound,22,854.17
INV02449,2026-05-23,SKU00415,WH-KOL,Inbound,642,10691.87
INV02450,2026-02-17,SKU00258,WH-KOL,Inbound,238,2854.17
INV02451,2026-06-26,SKU00007,WH-MUM,Inbound,796,2329.44
INV02452,2026-02-25,SKU00377,WH-MUM,Outbound,46,7108.33
INV02453,2026-04-14,SKU00054,WH-BLR,Outbound,58,1923.43
INV02454,2026-06-09,SKU00446,WH-MUM,Outbound,49,1215.99
INV02455,2026-02-05,SKU00305,WH-DEL,Outbound,46,3004.65
INV02456,2026-02-06,SKU00053,WH-DEL,Outbound,52,868.57
INV02457,2026-06-20,SKU00425,WH-KOL,Outbound,57,5885.58
INV02458,2026-05-30,SKU00043,WH-MUM,Inbound,615,1179.69
INV02459,2026-02-03,SKU00357,WH-MUM,Outbound,35,825.85
INV02460,2026-02-18,SKU00400,WH-BLR,Inbound,65,8201.96
INV02461,2026-02-19,SKU00082,WH-BLR,Inbound,724,5223.71
INV02462,2026-02-01,SKU00110,WH-DEL,Outbound,26,5876.46
INV02463,2026-03-27,SKU00465,WH-BLR,Outbound,15,3344.27
INV02464,2026-07-23,SKU00170,WH-KOL,Outbound,27,854.17
INV02465,2026-07-12,SKU00278,WH-MUM,Inbound,570,5478.21
INV02466,2026-04-30,SKU00445,WH-KOL,Outbound,52,126.16
INV02467,2026-02-01,SKU00296,WH-MUM,Inbound,450,336.52
INV02468,2026-05-09,SKU00239,WH-BLR,Outbound,9,631.96
INV02469,2026-02-18,SKU00372,WH-MUM,Inbound,753,1387.83
INV02470,2026-05-22,SKU00330,WH-BLR,Inbound,790,849.1
INV02471,2026-05-19,SKU00281,WH-BLR,Inbound,134,6051.72
INV02472,2026-06-15,SKU00114,WH-KOL,Outbound,48,8859.95
INV02473,2026-03-13,SKU00422,WH-DEL,Inbound,114,2230.54
INV02474,2026-04-20,SKU00170,WH-KOL,Inbound,328,854.17
INV02475,2026-03-23,SKU00138,WH-MUM,Outbound,22,9387.59
INV02476,2026-05-13,SKU00144,WH-BLR,Outbound,34,875.3
INV02477,2026-05-19,SKU00050,WH-BLR,Inbound,182,1378.09
INV02478,2026-05-05,SKU00091,WH-DEL,Inbound,190,7317.96
INV02479,2026-03-05,SKU00118,WH-KOL,Inbound,728,221.33
INV02480,2026-04-26,SKU00384,WH-MUM,Inbound,52,971.4
INV02481,2026-06-04,SKU00266,WH-KOL,Outbound,3,268.37
INV02482,2026-06-15,SKU00428,WH-DEL,Outbound,18,199.03
INV02483,2026-05-16,SKU00359,WH-KOL,Inbound,773,9757.49
INV02484,2026-02-16,SKU00300,WH-KOL,Inbound,202,2270.99
INV02485,2026-04-29,SKU00476,WH-MUM,Outbound,20,1133.85
INV02486,2026-06-13,SKU00091,WH-DEL,Outbound,11,7317.96
INV02487,2026-04-27,SKU00090,WH-MUM,Outbound,26,10547.52
INV02488,2026-04-04,SKU00162,WH-BLR,Outbound,10,1919.05
INV02489,2026-06-29,SKU00243,WH-MUM,Outbound,24,11188.78
INV02490,2026-02-20,SKU00442,WH-DEL,Inbound,192,3803.66
INV02491,2026-04-06,SKU00435,WH-KOL,Outbound,32,1890.71
INV02492,2026-07-07,SKU00199,WH-MUM,Outbound,22,1638.56
INV02493,2026-04-23,SKU00392,WH-BLR,Outbound,26,52.43
INV02494,2026-02-17,SKU00211,WH-MUM,Inbound,150,466.45
INV02495,2026-03-19,SKU00330,WH-BLR,Outbound,46,849.1
INV02496,2026-03-18,SKU00289,WH-DEL,Outbound,23,781.96
INV02497,2026-03-28,SKU00072,WH-MUM,Inbound,309,6769.78
INV02498,2026-02-28,SKU00359,WH-KOL,Outbound,47,9757.49
INV02499,2026-06-28,SKU00281,WH-BLR,Outbound,58,6051.72
INV02500,2026-04-14,SKU00019,WH-KOL,Inbound,216,9568.66
INV02501,2026-05-31,SKU00131,WH-BLR,Outbound,29,8985.14
INV02502,2026-06-17,SKU00274,WH-KOL,Inbound,394,6759.66
INV02503,2026-07-20,SKU00216,WH-BLR,Outbound,16,920.15
INV02504,2026-03-23,SKU00485,WH-KOL,Inbound,324,3725.58
INV02505,2026-02-06,SKU00079,WH-BLR,Outbound,48,4863.08
INV02506,2026-06-06,SKU00238,WH-BLR,Outbound,11,944.37
INV02507,2026-06-15,SKU00268,WH-KOL,Inbound,641,59.54
INV02508,2026-03-06,SKU00377,WH-MUM,Inbound,354,7108.33
INV02509,2026-07-16,SKU00252,WH-BLR,Outbound,28,8701.98
INV02510,2026-06-12,SKU00355,WH-BLR,Inbound,373,8423.07
INV02511,2026-05-13,SKU00085,WH-DEL,Outbound,17,3148.47
INV02512,2026-05-04,SKU00014,WH-KOL,Outbound,12,8341.7
INV02513,2026-03-29,SKU00011,WH-KOL,Inbound,699,4389.51
INV02514,2026-03-19,SKU00272,WH-MUM,Outbound,19,5954.63
INV02515,2026-05-25,SKU00214,WH-BLR,Outbound,34,8639.3
INV02516,2026-03-22,SKU00002,WH-KOL,Inbound,433,137.81
INV02517,2026-02-20,SKU00135,WH-BLR,Inbound,247,1689.65
INV02518,2026-05-26,SKU00054,WH-BLR,Outbound,42,1923.43
INV02519,2026-02-17,SKU00167,WH-KOL,Outbound,43,3904.53
INV02520,2026-03-20,SKU00183,WH-BLR,Inbound,789,418.97
INV02521,2026-07-25,SKU00389,WH-KOL,Outbound,12,1416.12
INV02522,2026-03-27,SKU00091,WH-DEL,Inbound,218,7317.96
INV02523,2026-06-23,SKU00091,WH-DEL,Outbound,23,7317.96
INV02524,2026-06-22,SKU00036,WH-DEL,Outbound,20,1364.59
INV02525,2026-05-01,SKU00087,WH-KOL,Inbound,74,115.0
INV02526,2026-04-17,SKU00220,WH-MUM,Outbound,7,4706.79
INV02527,2026-07-13,SKU00243,WH-MUM,Inbound,667,11188.78
INV02528,2026-02-21,SKU00476,WH-MUM,Outbound,45,1133.85
INV02529,2026-03-31,SKU00375,WH-BLR,Inbound,454,2972.67
INV02530,2026-03-13,SKU00394,WH-BLR,Outbound,3,1568.3
INV02531,2026-07-27,SKU00288,WH-BLR,Outbound,45,2081.82
INV02532,2026-04-16,SKU00370,WH-MUM,Inbound,740,5792.33
INV02533,2026-02-13,SKU00453,WH-BLR,Outbound,4,1075.54
INV02534,2026-05-05,SKU00448,WH-MUM,Inbound,728,11512.49
INV02535,2026-05-25,SKU00375,WH-BLR,Inbound,712,2972.67
INV02536,2026-07-26,SKU00489,WH-BLR,Inbound,731,1585.7
INV02537,2026-02-04,SKU00216,WH-BLR,Outbound,14,920.15
INV02538,2026-04-08,SKU00467,WH-KOL,Outbound,27,391.52
INV02539,2026-05-27,SKU00176,WH-KOL,Outbound,57,2745.2
INV02540,2026-03-09,SKU00085,WH-DEL,Inbound,451,3148.47
INV02541,2026-07-03,SKU00443,WH-KOL,Outbound,32,2005.51
INV02542,2026-03-13,SKU00450,WH-MUM,Inbound,401,8498.43
INV02543,2026-07-15,SKU00494,WH-MUM,Outbound,53,311.32
INV02544,2026-06-08,SKU00054,WH-BLR,Outbound,53,1923.43
INV02545,2026-07-07,SKU00317,WH-MUM,Inbound,287,7090.7
INV02546,2026-02-12,SKU00268,WH-KOL,Outbound,18,59.54
INV02547,2026-07-04,SKU00352,WH-MUM,Outbound,19,1791.37
INV02548,2026-05-05,SKU00166,WH-BLR,Inbound,614,792.85
INV02549,2026-06-23,SKU00219,WH-KOL,Outbound,54,802.72
INV02550,2026-05-13,SKU00489,WH-BLR,Outbound,57,1585.7
INV02551,2026-03-23,SKU00297,WH-BLR,Inbound,643,1370.96
INV02552,2026-04-29,SKU00206,WH-KOL,Inbound,453,7902.26
INV02553,2026-05-24,SKU00329,WH-BLR,Outbound,1,2228.79
INV02554,2026-05-31,SKU00298,WH-BLR,Inbound,257,2124.17
INV02555,2026-07-19,SKU00498,WH-KOL,Outbound,23,735.5
INV02556,2026-02-14,SKU00488,WH-DEL,Outbound,49,2491.44
INV02557,2026-04-06,SKU00182,WH-DEL,Outbound,57,10232.53
INV02558,2026-04-16,SKU00248,WH-KOL,Outbound,44,1229.37
INV02559,2026-02-27,SKU00294,WH-BLR,Inbound,712,1140.9
INV02560,2026-03-10,SKU00183,WH-BLR,Inbound,103,418.97
INV02561,2026-06-17,SKU00010,WH-MUM,Outbound,10,1943.7
INV02562,2026-03-26,SKU00112,WH-DEL,Outbound,22,1638.05
INV02563,2026-07-30,SKU00452,WH-MUM,Inbound,712,323.23
INV02564,2026-07-09,SKU00110,WH-DEL,Inbound,81,5876.46
INV02565,2026-02-03,SKU00491,WH-MUM,Outbound,37,3122.09
INV02566,2026-04-13,SKU00294,WH-BLR,Outbound,2,1140.9
INV02567,2026-04-30,SKU00295,WH-KOL,Outbound,48,662.59
INV02568,2026-05-21,SKU00142,WH-MUM,Outbound,47,912.52
INV02569,2026-02-01,SKU00201,WH-MUM,Inbound,62,11137.81
INV02570,2026-05-16,SKU00321,WH-MUM,Outbound,31,874.13
INV02571,2026-05-18,SKU00406,WH-KOL,Outbound,49,10375.09
INV02572,2026-05-01,SKU00453,WH-BLR,Outbound,59,1075.54
INV02573,2026-02-12,SKU00032,WH-MUM,Inbound,111,4905.87
INV02574,2026-03-23,SKU00452,WH-MUM,Inbound,374,323.23
INV02575,2026-06-05,SKU00301,WH-MUM,Inbound,510,1418.75
INV02576,2026-06-10,SKU00099,WH-BLR,Inbound,740,832.36
INV02577,2026-03-14,SKU00178,WH-DEL,Inbound,372,10878.35
INV02578,2026-04-10,SKU00413,WH-MUM,Outbound,51,5304.73
INV02579,2026-06-21,SKU00098,WH-KOL,Outbound,55,10029.72
INV02580,2026-04-08,SKU00269,WH-MUM,Outbound,8,10726.11
INV02581,2026-06-23,SKU00068,WH-MUM,Outbound,57,2170.13
INV02582,2026-04-20,SKU00469,WH-BLR,Outbound,48,5123.19
INV02583,2026-07-21,SKU00375,WH-BLR,Outbound,15,2972.67
INV02584,2026-07-27,SKU00056,WH-MUM,Outbound,5,169.48
INV02585,2026-06-09,SKU00268,WH-KOL,Inbound,774,59.54
INV02586,2026-06-19,SKU00394,WH-BLR,Outbound,25,1568.3
INV02587,2026-03-17,SKU00461,WH-MUM,Inbound,677,695.7
INV02588,2026-04-19,SKU00036,WH-DEL,Outbound,43,1364.59
INV02589,2026-04-01,SKU00281,WH-BLR,Outbound,30,6051.72
INV02590,2026-06-01,SKU00166,WH-BLR,Outbound,15,792.85
INV02591,2026-06-21,SKU00060,WH-KOL,Inbound,757,1649.08
INV02592,2026-06-09,SKU00039,WH-MUM,Outbound,38,9834.23
INV02593,2026-04-30,SKU00182,WH-DEL,Outbound,37,10232.53
INV02594,2026-05-29,SKU00200,WH-DEL,Outbound,39,886.77
INV02595,2026-06-17,SKU00170,WH-KOL,Inbound,87,854.17
INV02596,2026-06-29,SKU00332,WH-MUM,Inbound,316,672.03
INV02597,2026-07-13,SKU00230,WH-MUM,Outbound,24,1265.91
INV02598,2026-04-11,SKU00037,WH-MUM,Outbound,16,2029.84
INV02599,2026-06-04,SKU00213,WH-KOL,Inbound,643,1674.16
INV02600,2026-02-06,SKU00021,WH-BLR,Outbound,48,1201.01
INV02601,2026-02-16,SKU00047,WH-MUM,Outbound,47,4945.23
INV02602,2026-06-19,SKU00162,WH-BLR,Outbound,42,1919.05
INV02603,2026-05-26,SKU00242,WH-MUM,Inbound,725,1895.03
INV02604,2026-06-05,SKU00415,WH-KOL,Outbound,56,10691.87
INV02605,2026-05-21,SKU00332,WH-MUM,Outbound,29,672.03
INV02606,2026-07-29,SKU00315,WH-BLR,Outbound,50,1700.11
INV02607,2026-02-26,SKU00010,WH-MUM,Outbound,50,1943.7
INV02608,2026-02-04,SKU00354,WH-BLR,Outbound,26,8745.97
INV02609,2026-04-25,SKU00014,WH-KOL,Outbound,58,8341.7
INV02610,2026-03-04,SKU00136,WH-BLR,Inbound,418,2010.34
INV02611,2026-03-25,SKU00309,WH-MUM,Outbound,5,1171.45
INV02612,2026-06-07,SKU00454,WH-BLR,Inbound,263,2467.89
INV02613,2026-06-15,SKU00288,WH-BLR,Outbound,58,2081.82
INV02614,2026-03-14,SKU00378,WH-MUM,Outbound,38,1263.95
INV02615,2026-02-14,SKU00333,WH-BLR,Outbound,52,1607.08
INV02616,2026-04-27,SKU00034,WH-BLR,Inbound,643,1790.1
INV02617,2026-02-19,SKU00345,WH-KOL,Inbound,237,5493.81
INV02618,2026-03-08,SKU00168,WH-MUM,Inbound,411,867.2
INV02619,2026-05-13,SKU00422,WH-DEL,Outbound,22,2230.54
INV02620,2026-03-02,SKU00392,WH-BLR,Outbound,49,52.43
INV02621,2026-06-16,SKU00219,WH-KOL,Outbound,53,802.72
INV02622,2026-04-28,SKU00447,WH-DEL,Outbound,31,556.11
INV02623,2026-06-03,SKU00373,WH-BLR,Inbound,755,812.5
INV02624,2026-06-26,SKU00267,WH-MUM,Outbound,7,2154.47
INV02625,2026-06-25,SKU00083,WH-KOL,Inbound,540,6849.78
INV02626,2026-07-20,SKU00029,WH-MUM,Outbound,19,10530.39
INV02627,2026-03-18,SKU00002,WH-KOL,Outbound,1,137.81
INV02628,2026-05-18,SKU00186,WH-BLR,Inbound,497,166.06
INV02629,2026-05-09,SKU00088,WH-BLR,Outbound,25,860.25
INV02630,2026-02-14,SKU00100,WH-BLR,Outbound,25,2174.89
INV02631,2026-06-13,SKU00364,WH-MUM,Outbound,36,298.52
INV02632,2026-03-02,SKU00372,WH-MUM,Inbound,333,1387.83
INV02633,2026-03-06,SKU00449,WH-BLR,Outbound,14,730.36
INV02634,2026-06-06,SKU00201,WH-MUM,Outbound,5,11137.81
INV02635,2026-04-13,SKU00051,WH-BLR,Outbound,3,2441.51
INV02636,2026-06-19,SKU00061,WH-DEL,Outbound,21,3874.45
INV02637,2026-05-09,SKU00223,WH-KOL,Outbound,2,2179.94
INV02638,2026-04-11,SKU00393,WH-DEL,Inbound,143,9518.82
INV02639,2026-07-24,SKU00287,WH-MUM,Inbound,441,2477.64
INV02640,2026-05-12,SKU00080,WH-KOL,Outbound,44,6023.78
INV02641,2026-07-16,SKU00445,WH-KOL,Inbound,749,126.16
INV02642,2026-03-04,SKU00437,WH-MUM,Outbound,25,875.62
INV02643,2026-02-06,SKU00109,WH-KOL,Inbound,543,2319.81
INV02644,2026-03-16,SKU00423,WH-BLR,Outbound,30,6943.79
INV02645,2026-04-07,SKU00328,WH-KOL,Outbound,19,1087.01
INV02646,2026-04-18,SKU00136,WH-BLR,Outbound,16,2010.34
INV02647,2026-05-24,SKU00418,WH-MUM,Inbound,397,1493.1
INV02648,2026-07-16,SKU00332,WH-MUM,Inbound,244,672.03
INV02649,2026-06-30,SKU00034,WH-BLR,Inbound,562,1790.1
INV02650,2026-04-30,SKU00193,WH-KOL,Outbound,2,176.72
INV02651,2026-07-17,SKU00109,WH-KOL,Outbound,1,2319.81
INV02652,2026-07-07,SKU00250,WH-KOL,Outbound,48,3336.03
INV02653,2026-02-09,SKU00068,WH-MUM,Outbound,27,2170.13
INV02654,2026-02-24,SKU00171,WH-MUM,Inbound,664,5380.68
INV02655,2026-07-27,SKU00355,WH-BLR,Outbound,7,8423.07
INV02656,2026-07-11,SKU00138,WH-MUM,Outbound,39,9387.59
INV02657,2026-05-17,SKU00145,WH-MUM,Outbound,57,1430.63
INV02658,2026-06-14,SKU00211,WH-MUM,Inbound,656,466.45
INV02659,2026-03-14,SKU00035,WH-BLR,Outbound,23,445.07
INV02660,2026-06-30,SKU00341,WH-BLR,Inbound,331,166.31
INV02661,2026-06-25,SKU00047,WH-MUM,Outbound,53,4945.23
INV02662,2026-04-21,SKU00497,WH-KOL,Outbound,58,1676.27
INV02663,2026-02-14,SKU00343,WH-MUM,Inbound,792,2347.38
INV02664,2026-04-22,SKU00262,WH-KOL,Outbound,50,882.31
INV02665,2026-06-09,SKU00291,WH-DEL,Outbound,7,9410.52
INV02666,2026-05-03,SKU00151,WH-BLR,Inbound,430,929.95
INV02667,2026-07-28,SKU00167,WH-KOL,Inbound,790,3904.53
INV02668,2026-02-18,SKU00414,WH-MUM,Outbound,5,400.83
INV02669,2026-07-24,SKU00458,WH-MUM,Outbound,48,4799.28
INV02670,2026-04-25,SKU00079,WH-BLR,Outbound,5,4863.08
INV02671,2026-02-05,SKU00014,WH-KOL,Outbound,44,8341.7
INV02672,2026-05-24,SKU00198,WH-KOL,Inbound,492,10809.09
INV02673,2026-04-22,SKU00117,WH-MUM,Outbound,14,1222.09
INV02674,2026-04-28,SKU00379,WH-MUM,Outbound,41,4206.88
INV02675,2026-03-19,SKU00275,WH-BLR,Inbound,401,7591.41
INV02676,2026-04-09,SKU00126,WH-MUM,Inbound,120,2406.61
INV02677,2026-06-28,SKU00475,WH-BLR,Outbound,36,6589.98
INV02678,2026-05-13,SKU00082,WH-BLR,Outbound,27,5223.71
INV02679,2026-07-18,SKU00443,WH-KOL,Inbound,509,2005.51
INV02680,2026-03-16,SKU00397,WH-BLR,Inbound,258,1878.03
INV02681,2026-05-13,SKU00365,WH-BLR,Inbound,503,1218.85
INV02682,2026-03-03,SKU00475,WH-BLR,Outbound,31,6589.98
INV02683,2026-02-16,SKU00240,WH-BLR,Inbound,580,1882.77
INV02684,2026-04-18,SKU00202,WH-BLR,Outbound,15,3409.91
INV02685,2026-06-23,SKU00218,WH-MUM,Inbound,325,1883.86
INV02686,2026-05-25,SKU00132,WH-KOL,Outbound,54,1623.52
INV02687,2026-03-30,SKU00355,WH-BLR,Inbound,515,8423.07
INV02688,2026-02-06,SKU00212,WH-KOL,Inbound,459,8674.8
INV02689,2026-06-22,SKU00339,WH-KOL,Inbound,750,329.07
INV02690,2026-05-20,SKU00082,WH-BLR,Outbound,38,5223.71
INV02691,2026-02-12,SKU00198,WH-KOL,Outbound,10,10809.09
INV02692,2026-06-11,SKU00369,WH-DEL,Inbound,498,8667.87
INV02693,2026-04-01,SKU00440,WH-BLR,Outbound,31,905.06
INV02694,2026-02-01,SKU00491,WH-MUM,Inbound,416,3122.09
INV02695,2026-07-14,SKU00406,WH-KOL,Inbound,281,10375.09
INV02696,2026-02-23,SKU00049,WH-BLR,Outbound,14,366.94
INV02697,2026-02-26,SKU00493,WH-BLR,Inbound,719,558.06
INV02698,2026-07-02,SKU00256,WH-MUM,Outbound,2,483.82
INV02699,2026-07-13,SKU00198,WH-KOL,Outbound,54,10809.09
INV02700,2026-03-13,SKU00351,WH-DEL,Outbound,55,1742.09
INV02701,2026-07-09,SKU00106,WH-BLR,Inbound,59,2011.43
INV02702,2026-04-16,SKU00063,WH-MUM,Outbound,48,10724.93
INV02703,2026-03-11,SKU00102,WH-DEL,Inbound,780,1168.19
INV02704,2026-07-09,SKU00489,WH-BLR,Outbound,59,1585.7
INV02705,2026-04-05,SKU00322,WH-KOL,Outbound,57,1281.08
INV02706,2026-04-03,SKU00374,WH-KOL,Outbound,34,4925.51
INV02707,2026-03-15,SKU00101,WH-KOL,Inbound,399,1999.68
INV02708,2026-05-11,SKU00480,WH-BLR,Outbound,10,2279.72
INV02709,2026-07-14,SKU00370,WH-MUM,Inbound,170,5792.33
INV02710,2026-06-25,SKU00237,WH-KOL,Outbound,22,1075.51
INV02711,2026-07-19,SKU00474,WH-KOL,Outbound,47,7851.39
INV02712,2026-05-15,SKU00271,WH-MUM,Outbound,28,1798.35
INV02713,2026-02-04,SKU00014,WH-KOL,Outbound,12,8341.7
INV02714,2026-06-03,SKU00212,WH-KOL,Outbound,28,8674.8
INV02715,2026-06-29,SKU00439,WH-BLR,Outbound,20,2098.48
INV02716,2026-02-15,SKU00353,WH-MUM,Outbound,3,1292.72
INV02717,2026-06-29,SKU00115,WH-BLR,Inbound,726,8987.46
INV02718,2026-03-16,SKU00073,WH-DEL,Outbound,47,867.66
INV02719,2026-04-03,SKU00276,WH-KOL,Outbound,18,1805.73
INV02720,2026-05-10,SKU00371,WH-BLR,Inbound,731,644.58
INV02721,2026-07-15,SKU00134,WH-DEL,Outbound,18,3530.0
INV02722,2026-06-30,SKU00377,WH-MUM,Inbound,145,7108.33
INV02723,2026-05-12,SKU00153,WH-BLR,Outbound,40,1195.75
INV02724,2026-03-18,SKU00222,WH-BLR,Outbound,21,1173.02
INV02725,2026-04-21,SKU00412,WH-MUM,Outbound,23,9687.41
INV02726,2026-04-09,SKU00042,WH-DEL,Outbound,30,366.12
INV02727,2026-03-03,SKU00146,WH-BLR,Inbound,210,11346.17
INV02728,2026-04-13,SKU00459,WH-DEL,Outbound,40,10412.76
INV02729,2026-02-19,SKU00418,WH-MUM,Outbound,44,1493.1
INV02730,2026-05-21,SKU00492,WH-BLR,Outbound,6,1123.17
INV02731,2026-07-30,SKU00160,WH-KOL,Inbound,641,11066.49
INV02732,2026-02-18,SKU00389,WH-KOL,Inbound,621,1416.12
INV02733,2026-03-26,SKU00116,WH-MUM,Inbound,748,3552.65
INV02734,2026-07-22,SKU00421,WH-KOL,Inbound,376,253.19
INV02735,2026-05-13,SKU00380,WH-BLR,Outbound,29,380.87
INV02736,2026-05-04,SKU00400,WH-BLR,Outbound,51,8201.96
INV02737,2026-03-11,SKU00150,WH-MUM,Outbound,18,2262.09
INV02738,2026-02-13,SKU00050,WH-BLR,Outbound,28,1378.09
INV02739,2026-02-04,SKU00013,WH-MUM,Outbound,35,1784.82
INV02740,2026-02-09,SKU00032,WH-MUM,Outbound,17,4905.87
INV02741,2026-03-16,SKU00120,WH-KOL,Outbound,26,3821.05
INV02742,2026-03-10,SKU00107,WH-BLR,Inbound,462,5299.07
INV02743,2026-06-21,SKU00407,WH-KOL,Outbound,35,11116.04
INV02744,2026-03-30,SKU00217,WH-BLR,Outbound,19,214.53
INV02745,2026-05-08,SKU00310,WH-BLR,Outbound,47,6386.15
INV02746,2026-07-08,SKU00422,WH-DEL,Outbound,21,2230.54
INV02747,2026-07-13,SKU00202,WH-BLR,Outbound,25,3409.91
INV02748,2026-07-16,SKU00241,WH-MUM,Outbound,29,2478.55
INV02749,2026-05-21,SKU00263,WH-KOL,Inbound,554,3584.01
INV02750,2026-02-18,SKU00197,WH-MUM,Outbound,24,4238.42
INV02751,2026-06-27,SKU00095,WH-BLR,Inbound,326,2031.98
INV02752,2026-03-16,SKU00402,WH-MUM,Inbound,625,1387.1
INV02753,2026-06-13,SKU00132,WH-KOL,Outbound,6,1623.52
INV02754,2026-06-28,SKU00146,WH-BLR,Outbound,49,11346.17
INV02755,2026-02-15,SKU00043,WH-MUM,Outbound,15,1179.69
INV02756,2026-05-09,SKU00323,WH-BLR,Inbound,574,499.13
INV02757,2026-04-15,SKU00140,WH-KOL,Outbound,14,1477.48
INV02758,2026-07-23,SKU00264,WH-BLR,Outbound,45,111.35
INV02759,2026-05-02,SKU00131,WH-BLR,Inbound,650,8985.14
INV02760,2026-05-24,SKU00449,WH-BLR,Outbound,39,730.36
INV02761,2026-05-24,SKU00219,WH-KOL,Outbound,40,802.72
INV02762,2026-07-01,SKU00402,WH-MUM,Inbound,225,1387.1
INV02763,2026-06-26,SKU00323,WH-BLR,Outbound,25,499.13
INV02764,2026-05-20,SKU00211,WH-MUM,Inbound,171,466.45
INV02765,2026-04-30,SKU00284,WH-DEL,Inbound,306,2058.16
INV02766,2026-02-26,SKU00179,WH-MUM,Outbound,6,1072.27
INV02767,2026-05-19,SKU00380,WH-BLR,Inbound,325,380.87
INV02768,2026-04-06,SKU00400,WH-BLR,Outbound,36,8201.96
INV02769,2026-07-05,SKU00135,WH-BLR,Inbound,153,1689.65
INV02770,2026-02-09,SKU00034,WH-BLR,Inbound,437,1790.1
INV02771,2026-02-19,SKU00089,WH-MUM,Outbound,48,1266.65
INV02772,2026-06-22,SKU00114,WH-KOL,Outbound,19,8859.95
INV02773,2026-03-11,SKU00346,WH-BLR,Outbound,28,1095.65
INV02774,2026-05-18,SKU00174,WH-MUM,Outbound,8,912.92
INV02775,2026-05-18,SKU00038,WH-KOL,Outbound,28,3912.67
INV02776,2026-04-03,SKU00439,WH-BLR,Inbound,606,2098.48
INV02777,2026-04-20,SKU00050,WH-BLR,Outbound,33,1378.09
INV02778,2026-03-21,SKU00351,WH-DEL,Outbound,5,1742.09
INV02779,2026-06-24,SKU00371,WH-BLR,Outbound,22,644.58
INV02780,2026-05-02,SKU00007,WH-MUM,Inbound,385,2329.44
INV02781,2026-04-24,SKU00425,WH-KOL,Outbound,6,5885.58
INV02782,2026-07-13,SKU00136,WH-BLR,Outbound,41,2010.34
INV02783,2026-07-29,SKU00023,WH-KOL,Outbound,26,2516.42
INV02784,2026-03-18,SKU00371,WH-BLR,Outbound,17,644.58
INV02785,2026-04-22,SKU00147,WH-MUM,Inbound,91,2653.82
INV02786,2026-02-08,SKU00391,WH-MUM,Inbound,383,874.84
INV02787,2026-02-18,SKU00197,WH-MUM,Inbound,782,4238.42
INV02788,2026-03-05,SKU00493,WH-BLR,Outbound,53,558.06
INV02789,2026-04-26,SKU00193,WH-KOL,Inbound,517,176.72
INV02790,2026-05-01,SKU00167,WH-KOL,Outbound,33,3904.53
INV02791,2026-06-23,SKU00452,WH-MUM,Inbound,55,323.23
INV02792,2026-05-03,SKU00422,WH-DEL,Inbound,463,2230.54
INV02793,2026-02-10,SKU00129,WH-DEL,Outbound,14,9327.43
INV02794,2026-03-04,SKU00052,WH-DEL,Inbound,144,1137.66
INV02795,2026-04-13,SKU00495,WH-BLR,Inbound,544,772.9
INV02796,2026-05-23,SKU00085,WH-DEL,Outbound,58,3148.47
INV02797,2026-04-20,SKU00155,WH-MUM,Inbound,699,1737.81
INV02798,2026-05-11,SKU00448,WH-MUM,Inbound,249,11512.49
INV02799,2026-07-22,SKU00026,WH-MUM,Outbound,42,881.72
INV02800,2026-05-09,SKU00227,WH-MUM,Outbound,12,155.78
INV02801,2026-02-17,SKU00170,WH-KOL,Outbound,14,854.17
INV02802,2026-06-21,SKU00078,WH-KOL,Outbound,8,1533.87
INV02803,2026-02-28,SKU00243,WH-MUM,Inbound,82,11188.78
INV02804,2026-07-20,SKU00406,WH-KOL,Outbound,34,10375.09
INV02805,2026-04-29,SKU00322,WH-KOL,Outbound,30,1281.08
INV02806,2026-02-01,SKU00114,WH-KOL,Inbound,724,8859.95
INV02807,2026-07-12,SKU00322,WH-KOL,Inbound,176,1281.08
INV02808,2026-06-28,SKU00412,WH-MUM,Inbound,412,9687.41
INV02809,2026-04-21,SKU00143,WH-MUM,Inbound,294,745.93
INV02810,2026-02-07,SKU00406,WH-KOL,Inbound,372,10375.09
INV02811,2026-06-30,SKU00481,WH-MUM,Outbound,59,1046.17
INV02812,2026-04-12,SKU00151,WH-BLR,Inbound,639,929.95
INV02813,2026-03-18,SKU00028,WH-BLR,Outbound,23,2400.36
INV02814,2026-06-09,SKU00061,WH-DEL,Outbound,11,3874.45
INV02815,2026-03-04,SKU00297,WH-BLR,Inbound,318,1370.96
INV02816,2026-07-02,SKU00284,WH-DEL,Inbound,155,2058.16
INV02817,2026-07-05,SKU00307,WH-MUM,Inbound,281,1107.62
INV02818,2026-05-19,SKU00238,WH-BLR,Outbound,33,944.37
INV02819,2026-04-16,SKU00167,WH-KOL,Outbound,30,3904.53
INV02820,2026-03-02,SKU00073,WH-DEL,Outbound,20,867.66
INV02821,2026-06-25,SKU00382,WH-BLR,Outbound,56,2309.85
INV02822,2026-02-11,SKU00281,WH-BLR,Outbound,47,6051.72
INV02823,2026-07-05,SKU00136,WH-BLR,Outbound,24,2010.34
INV02824,2026-06-24,SKU00372,WH-MUM,Outbound,11,1387.83
INV02825,2026-04-07,SKU00118,WH-KOL,Inbound,361,221.33
INV02826,2026-03-02,SKU00345,WH-KOL,Inbound,320,5493.81
INV02827,2026-02-04,SKU00331,WH-KOL,Inbound,710,1764.17
INV02828,2026-04-27,SKU00140,WH-KOL,Outbound,22,1477.48
INV02829,2026-06-24,SKU00289,WH-DEL,Inbound,66,781.96
INV02830,2026-03-11,SKU00308,WH-MUM,Inbound,471,1066.39
INV02831,2026-04-05,SKU00370,WH-MUM,Outbound,17,5792.33
INV02832,2026-07-09,SKU00200,WH-DEL,Inbound,735,886.77
INV02833,2026-06-14,SKU00253,WH-MUM,Outbound,27,11334.19
INV02834,2026-06-27,SKU00072,WH-MUM,Outbound,9,6769.78
INV02835,2026-05-08,SKU00021,WH-BLR,Outbound,51,1201.01
INV02836,2026-06-20,SKU00492,WH-BLR,Outbound,39,1123.17
INV02837,2026-06-07,SKU00189,WH-MUM,Outbound,47,1312.08
INV02838,2026-05-16,SKU00458,WH-MUM,Outbound,56,4799.28
INV02839,2026-05-03,SKU00260,WH-MUM,Outbound,7,2081.26
INV02840,2026-02-01,SKU00446,WH-MUM,Outbound,14,1215.99
INV02841,2026-04-17,SKU00460,WH-KOL,Inbound,597,1735.11
INV02842,2026-07-05,SKU00138,WH-MUM,Inbound,115,9387.59
INV02843,2026-04-30,SKU00205,WH-DEL,Outbound,38,9692.27
INV02844,2026-06-20,SKU00273,WH-MUM,Outbound,58,10833.62
INV02845,2026-06-15,SKU00015,WH-DEL,Inbound,81,7048.89
INV02846,2026-03-23,SKU00373,WH-BLR,Outbound,3,812.5
INV02847,2026-04-01,SKU00461,WH-MUM,Outbound,3,695.7
INV02848,2026-02-10,SKU00012,WH-BLR,Inbound,132,828.21
INV02849,2026-07-07,SKU00436,WH-BLR,Outbound,35,11859.06
INV02850,2026-04-21,SKU00208,WH-DEL,Inbound,317,10562.59
INV02851,2026-04-09,SKU00295,WH-KOL,Inbound,587,662.59
INV02852,2026-02-11,SKU00230,WH-MUM,Outbound,8,1265.91
INV02853,2026-06-25,SKU00293,WH-BLR,Outbound,41,1336.48
INV02854,2026-03-18,SKU00008,WH-BLR,Outbound,6,2301.12
INV02855,2026-03-11,SKU00482,WH-MUM,Inbound,175,1836.71
INV02856,2026-04-26,SKU00168,WH-MUM,Outbound,14,867.2
INV02857,2026-02-11,SKU00076,WH-MUM,Inbound,716,2157.69
INV02858,2026-05-24,SKU00229,WH-KOL,Inbound,543,1018.62
INV02859,2026-02-10,SKU00357,WH-MUM,Outbound,10,825.85
INV02860,2026-07-27,SKU00225,WH-MUM,Outbound,52,8469.03
INV02861,2026-04-19,SKU00091,WH-DEL,Inbound,378,7317.96
INV02862,2026-04-05,SKU00019,WH-KOL,Outbound,55,9568.66
INV02863,2026-07-29,SKU00016,WH-BLR,Outbound,29,173.77
INV02864,2026-03-31,SKU00128,WH-DEL,Outbound,23,2884.26
INV02865,2026-07-19,SKU00066,WH-MUM,Inbound,733,4782.22
INV02866,2026-05-03,SKU00340,WH-KOL,Outbound,7,1389.69
INV02867,2026-06-13,SKU00063,WH-MUM,Outbound,23,10724.93
INV02868,2026-05-20,SKU00254,WH-MUM,Outbound,22,9288.27
INV02869,2026-02-07,SKU00006,WH-KOL,Outbound,39,687.85
INV02870,2026-04-16,SKU00303,WH-BLR,Inbound,66,1854.07
INV02871,2026-07-30,SKU00296,WH-MUM,Outbound,24,336.52
INV02872,2026-03-05,SKU00266,WH-KOL,Outbound,56,268.37
INV02873,2026-05-19,SKU00352,WH-MUM,Inbound,347,1791.37
INV02874,2026-04-27,SKU00340,WH-KOL,Inbound,597,1389.69
INV02875,2026-04-16,SKU00398,WH-DEL,Outbound,53,1619.31
INV02876,2026-04-14,SKU00095,WH-BLR,Inbound,235,2031.98
INV02877,2026-05-22,SKU00111,WH-MUM,Outbound,18,174.54
INV02878,2026-02-08,SKU00033,WH-KOL,Inbound,500,1276.72
INV02879,2026-04-08,SKU00202,WH-BLR,Outbound,40,3409.91
INV02880,2026-05-06,SKU00041,WH-DEL,Outbound,34,1123.07
INV02881,2026-05-20,SKU00165,WH-BLR,Outbound,10,6359.14
INV02882,2026-07-11,SKU00250,WH-KOL,Inbound,369,3336.03
INV02883,2026-02-16,SKU00202,WH-BLR,Inbound,267,3409.91
INV02884,2026-07-14,SKU00070,WH-MUM,Outbound,22,758.25
INV02885,2026-04-20,SKU00483,WH-MUM,Outbound,10,486.43
INV02886,2026-03-04,SKU00318,WH-DEL,Inbound,371,8028.65
INV02887,2026-06-23,SKU00206,WH-KOL,Outbound,50,7902.26
INV02888,2026-05-18,SKU00368,WH-BLR,Inbound,355,2353.47
INV02889,2026-03-15,SKU00223,WH-KOL,Inbound,644,2179.94
INV02890,2026-07-17,SKU00122,WH-BLR,Inbound,244,10686.17
INV02891,2026-03-16,SKU00427,WH-MUM,Inbound,620,166.09
INV02892,2026-02-20,SKU00127,WH-KOL,Outbound,44,479.88
INV02893,2026-03-10,SKU00260,WH-MUM,Outbound,40,2081.26
INV02894,2026-07-21,SKU00295,WH-KOL,Outbound,17,662.59
INV02895,2026-04-11,SKU00215,WH-DEL,Outbound,6,5829.92
INV02896,2026-04-13,SKU00248,WH-KOL,Outbound,37,1229.37
INV02897,2026-06-11,SKU00080,WH-KOL,Outbound,55,6023.78
INV02898,2026-07-20,SKU00048,WH-KOL,Inbound,250,315.62
INV02899,2026-03-22,SKU00358,WH-MUM,Outbound,30,408.77
INV02900,2026-02-20,SKU00085,WH-DEL,Outbound,33,3148.47
INV02901,2026-04-21,SKU00344,WH-BLR,Outbound,25,440.76
INV02902,2026-06-22,SKU00304,WH-KOL,Outbound,15,1642.08
INV02903,2026-04-23,SKU00448,WH-MUM,Outbound,34,11512.49
INV02904,2026-05-12,SKU00047,WH-MUM,Outbound,58,4945.23
INV02905,2026-04-27,SKU00283,WH-MUM,Outbound,52,6172.83
INV02906,2026-06-14,SKU00307,WH-MUM,Inbound,405,1107.62
INV02907,2026-04-20,SKU00068,WH-MUM,Inbound,478,2170.13
INV02908,2026-02-07,SKU00338,WH-MUM,Outbound,30,10439.58
INV02909,2026-02-11,SKU00418,WH-MUM,Outbound,27,1493.1
INV02910,2026-02-28,SKU00482,WH-MUM,Outbound,5,1836.71
INV02911,2026-05-12,SKU00045,WH-BLR,Outbound,10,1351.96
INV02912,2026-04-13,SKU00083,WH-KOL,Outbound,52,6849.78
INV02913,2026-03-29,SKU00158,WH-MUM,Inbound,694,9970.62
INV02914,2026-05-10,SKU00442,WH-DEL,Outbound,50,3803.66
INV02915,2026-06-29,SKU00298,WH-BLR,Outbound,59,2124.17
INV02916,2026-02-10,SKU00033,WH-KOL,Outbound,24,1276.72
INV02917,2026-02-07,SKU00261,WH-DEL,Inbound,433,7060.4
INV02918,2026-07-03,SKU00411,WH-MUM,Outbound,29,9624.5
INV02919,2026-04-10,SKU00342,WH-BLR,Outbound,40,2400.48
INV02920,2026-07-12,SKU00269,WH-MUM,Outbound,3,10726.11
INV02921,2026-03-10,SKU00290,WH-DEL,Outbound,42,8503.82
INV02922,2026-05-07,SKU00457,WH-MUM,Inbound,605,10584.3
INV02923,2026-04-29,SKU00285,WH-BLR,Outbound,21,2040.13
INV02924,2026-02-09,SKU00123,WH-DEL,Outbound,11,5972.23
INV02925,2026-03-22,SKU00291,WH-DEL,Inbound,774,9410.52
INV02926,2026-07-30,SKU00230,WH-MUM,Outbound,53,1265.91
INV02927,2026-04-05,SKU00164,WH-DEL,Inbound,243,2749.43
INV02928,2026-03-15,SKU00455,WH-DEL,Outbound,19,1331.76
INV02929,2026-02-15,SKU00456,WH-BLR,Outbound,50,401.21
INV02930,2026-07-29,SKU00097,WH-BLR,Outbound,2,789.32
INV02931,2026-02-23,SKU00149,WH-BLR,Inbound,563,543.76
INV02932,2026-02-11,SKU00228,WH-BLR,Outbound,58,5278.75
INV02933,2026-03-19,SKU00228,WH-BLR,Outbound,43,5278.75
INV02934,2026-02-05,SKU00140,WH-KOL,Outbound,3,1477.48
INV02935,2026-06-03,SKU00454,WH-BLR,Outbound,22,2467.89
INV02936,2026-07-12,SKU00384,WH-MUM,Inbound,435,971.4
INV02937,2026-04-05,SKU00049,WH-BLR,Outbound,36,366.94
INV02938,2026-05-13,SKU00214,WH-BLR,Outbound,52,8639.3
INV02939,2026-05-03,SKU00259,WH-BLR,Outbound,56,1430.12
INV02940,2026-03-22,SKU00320,WH-BLR,Outbound,12,11495.71
INV02941,2026-02-09,SKU00104,WH-KOL,Outbound,36,585.83
INV02942,2026-06-12,SKU00123,WH-DEL,Inbound,436,5972.23
INV02943,2026-06-11,SKU00385,WH-DEL,Outbound,19,2272.63
INV02944,2026-03-02,SKU00219,WH-KOL,Inbound,669,802.72
INV02945,2026-05-18,SKU00218,WH-MUM,Inbound,641,1883.86
INV02946,2026-02-03,SKU00161,WH-DEL,Outbound,1,1214.64
INV02947,2026-06-21,SKU00457,WH-MUM,Outbound,46,10584.3
INV02948,2026-07-21,SKU00314,WH-MUM,Inbound,107,2421.37
INV02949,2026-02-03,SKU00188,WH-DEL,Outbound,52,5522.04
INV02950,2026-04-16,SKU00038,WH-KOL,Outbound,54,3912.67
INV02951,2026-06-03,SKU00469,WH-BLR,Inbound,199,5123.19
INV02952,2026-05-17,SKU00357,WH-MUM,Outbound,11,825.85
INV02953,2026-06-08,SKU00212,WH-KOL,Outbound,19,8674.8
INV02954,2026-03-16,SKU00074,WH-KOL,Inbound,230,5681.87
INV02955,2026-04-08,SKU00500,WH-MUM,Outbound,36,5429.77
INV02956,2026-03-22,SKU00497,WH-KOL,Inbound,212,1676.27
INV02957,2026-06-11,SKU00135,WH-BLR,Outbound,20,1689.65
INV02958,2026-02-09,SKU00027,WH-MUM,Inbound,456,2488.89
INV02959,2026-07-16,SKU00256,WH-MUM,Outbound,30,483.82
INV02960,2026-06-07,SKU00407,WH-KOL,Inbound,108,11116.04
INV02961,2026-03-21,SKU00295,WH-KOL,Outbound,15,662.59
INV02962,2026-02-14,SKU00239,WH-BLR,Inbound,338,631.96
INV02963,2026-04-02,SKU00394,WH-BLR,Outbound,20,1568.3
INV02964,2026-02-26,SKU00372,WH-MUM,Inbound,239,1387.83
INV02965,2026-02-13,SKU00051,WH-BLR,Outbound,48,2441.51
INV02966,2026-04-14,SKU00491,WH-MUM,Outbound,56,3122.09
INV02967,2026-06-21,SKU00356,WH-MUM,Outbound,33,9157.17
INV02968,2026-07-30,SKU00366,WH-BLR,Outbound,55,2401.22
INV02969,2026-06-11,SKU00186,WH-BLR,Outbound,38,166.06
INV02970,2026-04-08,SKU00189,WH-MUM,Outbound,13,1312.08
INV02971,2026-02-27,SKU00193,WH-KOL,Inbound,434,176.72
INV02972,2026-07-08,SKU00142,WH-MUM,Outbound,54,912.52
INV02973,2026-06-27,SKU00066,WH-MUM,Outbound,20,4782.22
INV02974,2026-05-29,SKU00037,WH-MUM,Outbound,12,2029.84
INV02975,2026-06-22,SKU00095,WH-BLR,Inbound,350,2031.98
INV02976,2026-02-21,SKU00190,WH-KOL,Outbound,57,1523.36
INV02977,2026-05-12,SKU00316,WH-MUM,Inbound,373,2498.51
INV02978,2026-03-03,SKU00406,WH-KOL,Inbound,133,10375.09
INV02979,2026-07-17,SKU00017,WH-DEL,Outbound,10,2836.86
INV02980,2026-03-22,SKU00241,WH-MUM,Inbound,367,2478.55
INV02981,2026-04-19,SKU00003,WH-DEL,Outbound,14,1314.42
INV02982,2026-03-04,SKU00090,WH-MUM,Inbound,632,10547.52
INV02983,2026-04-18,SKU00457,WH-MUM,Inbound,431,10584.3
INV02984,2026-02-12,SKU00348,WH-BLR,Inbound,263,9937.94
INV02985,2026-04-28,SKU00001,WH-DEL,Outbound,45,2287.34
INV02986,2026-05-29,SKU00185,WH-BLR,Outbound,22,7837.47
INV02987,2026-05-02,SKU00068,WH-MUM,Outbound,17,2170.13
INV02988,2026-06-13,SKU00038,WH-KOL,Outbound,27,3912.67
INV02989,2026-03-16,SKU00250,WH-KOL,Inbound,689,3336.03
INV02990,2026-03-30,SKU00460,WH-KOL,Inbound,90,1735.11
INV02991,2026-06-24,SKU00111,WH-MUM,Outbound,23,174.54
INV02992,2026-02-21,SKU00037,WH-MUM,Inbound,367,2029.84
INV02993,2026-03-24,SKU00203,WH-KOL,Outbound,34,380.44
INV02994,2026-02-14,SKU00297,WH-BLR,Outbound,37,1370.96
INV02995,2026-02-04,SKU00317,WH-MUM,Inbound,337,7090.7
INV02996,2026-05-24,SKU00047,WH-MUM,Inbound,487,4945.23
INV02997,2026-05-28,SKU00138,WH-MUM,Outbound,30,9387.59
INV02998,2026-07-12,SKU00375,WH-BLR,Outbound,14,2972.67
INV02999,2026-07-12,SKU00055,WH-MUM,Outbound,3,681.63
INV03000,2026-04-03,SKU00474,WH-KOL,Inbound,188,7851.39
