Return_ID,Order_ID,SKU,Seller_ID,Warehouse_ID,Return_Reason,Return_Date,Refund_Amount,Resolution_Time_hrs,Return_Category
RET00001,ORD007806,SKU00260,SEL0138,WH-MUM,Wrong Item Delivered,2026-03-02,5969.38,118,Seller Fault
RET00002,ORD001918,SKU00075,SEL0088,WH-MUM,Product Defective,2026-07-03,4274.56,88,Seller Fault
RET00003,ORD001735,SKU00385,SEL0126,WH-DEL,Quality Not as Expected,2026-05-01,3511.43,8,Customer Preference
RET00004,ORD009627,SKU00030,SEL0011,WH-BLR,Size Issue,2026-08-06,3340.08,104,Customer Preference
RET00005,ORD007011,SKU00211,SEL0022,WH-MUM,Product Defective,2026-06-03,2124.51,48,Seller Fault
RET00006,ORD002208,SKU00462,SEL0011,WH-BLR,Wrong Item Delivered,2026-03-25,1474.06,117,Seller Fault
RET00007,ORD005627,SKU00021,SEL0137,WH-BLR,Damaged Product,2026-06-19,1777.58,71,Seller Fault
RET00008,ORD008383,SKU00162,SEL0005,WH-BLR,Wrong Item Delivered,2026-03-30,9058.8,47,Seller Fault
RET00009,ORD007458,SKU00108,SEL0028,WH-DEL,Late Delivery,2026-06-24,11427.67,60,Logistics Fault
RET00010,ORD001044,SKU00159,SEL0093,WH-MUM,Changed Mind,2026-06-06,1741.73,9,Customer Preference
RET00011,ORD007102,SKU00278,SEL0123,WH-MUM,Damaged Product,2026-08-06,8585.05,22,Seller Fault
RET00012,ORD010903,SKU00498,SEL0083,WH-KOL,Wrong Item Delivered,2026-05-19,1017.65,87,Seller Fault
RET00013,ORD005456,SKU00339,SEL0041,WH-KOL,Damaged Product,2026-07-28,476.06,105,Seller Fault
RET00014,ORD010100,SKU00047,SEL0098,WH-MUM,Size Issue,2026-04-05,13332.56,90,Customer Preference
RET00015,ORD009083,SKU00137,SEL0128,WH-DEL,Wrong Item Delivered,2026-04-02,3276.31,96,Seller Fault
RET00016,ORD003978,SKU00066,SEL0123,WH-MUM,Changed Mind,2026-07-12,14174.58,52,Customer Preference
RET00017,ORD004565,SKU00189,SEL0090,WH-MUM,Product Defective,2026-05-31,3424.98,113,Seller Fault
RET00018,ORD003255,SKU00284,SEL0132,WH-DEL,Product Defective,2026-03-27,7189.98,103,Seller Fault
RET00019,ORD010213,SKU00482,SEL0056,WH-MUM,Quality Not as Expected,2026-03-11,4736.3,71,Customer Preference
RET00020,ORD010191,SKU00052,SEL0132,WH-DEL,Damaged Product,2026-02-04,1787.46,27,Seller Fault
RET00021,ORD003867,SKU00283,SEL0101,WH-MUM,Damaged Product,2026-04-24,29201.64,11,Seller Fault
RET00022,ORD007432,SKU00241,SEL0002,WH-MUM,Size Issue,2026-02-28,3137.67,89,Customer Preference
RET00023,ORD007444,SKU00100,SEL0145,WH-BLR,Quality Not as Expected,2026-07-16,6387.78,55,Customer Preference
RET00024,ORD010404,SKU00444,SEL0065,WH-DEL,Damaged Product,2026-05-14,6608.69,51,Seller Fault
RET00025,ORD000581,SKU00386,SEL0076,WH-KOL,Damaged Product,2026-02-27,4028.26,6,Seller Fault
RET00026,ORD005572,SKU00225,SEL0029,WH-MUM,Damaged Product,2026-02-24,21036.42,55,Seller Fault
RET00027,ORD007190,SKU00403,SEL0024,WH-MUM,Late Delivery,2026-02-22,6860.29,94,Logistics Fault
RET00028,ORD007234,SKU00450,SEL0121,WH-MUM,Wrong Item Delivered,2026-05-27,30253.95,89,Seller Fault
RET00029,ORD000607,SKU00089,SEL0025,WH-MUM,Product Defective,2026-05-20,5287.32,63,Seller Fault
RET00030,ORD002645,SKU00441,SEL0024,WH-MUM,Product Defective,2026-03-10,22682.34,63,Seller Fault
RET00031,ORD005816,SKU00296,SEL0039,WH-MUM,Size Issue,2026-04-23,402.64,73,Customer Preference
RET00032,ORD006784,SKU00296,SEL0039,WH-MUM,Changed Mind,2026-03-02,402.64,5,Customer Preference
RET00033,ORD010872,SKU00356,SEL0024,WH-MUM,Size Issue,2026-02-27,28666.2,68,Customer Preference
RET00034,ORD006563,SKU00232,SEL0088,WH-MUM,Late Delivery,2026-07-31,2516.34,27,Logistics Fault
RET00035,ORD010934,SKU00466,SEL0065,WH-DEL,Wrong Item Delivered,2026-04-14,41743.17,110,Seller Fault
RET00036,ORD009891,SKU00405,SEL0082,WH-MUM,Quality Not as Expected,2026-02-28,2344.56,20,Customer Preference
RET00037,ORD003821,SKU00254,SEL0123,WH-MUM,Product Defective,2026-06-03,14036.59,110,Seller Fault
RET00038,ORD002484,SKU00055,SEL0097,WH-MUM,Changed Mind,2026-04-20,963.61,98,Customer Preference
RET00039,ORD003341,SKU00301,SEL0006,WH-MUM,Damaged Product,2026-06-26,3623.88,67,Seller Fault
RET00040,ORD009888,SKU00441,SEL0024,WH-MUM,Damaged Product,2026-07-22,11341.17,20,Seller Fault
RET00041,ORD002990,SKU00089,SEL0025,WH-MUM,Better Price Found,2026-06-08,3524.88,37,Customer Preference
RET00042,ORD007639,SKU00245,SEL0030,WH-BLR,Size Issue,2026-05-05,1921.29,24,Customer Preference
RET00043,ORD006505,SKU00088,SEL0001,WH-BLR,Wrong Item Delivered,2026-03-01,3988.41,29,Seller Fault
RET00044,ORD008115,SKU00197,SEL0040,WH-MUM,Quality Not as Expected,2026-06-02,12482.48,12,Customer Preference
RET00045,ORD010897,SKU00402,SEL0079,WH-MUM,Size Issue,2026-04-06,1832.95,56,Customer Preference
RET00046,ORD002355,SKU00106,SEL0094,WH-BLR,Changed Mind,2026-02-12,8616.99,21,Customer Preference
RET00047,ORD006276,SKU00151,SEL0014,WH-BLR,Quality Not as Expected,2026-05-27,4450.98,37,Customer Preference
RET00048,ORD003082,SKU00060,SEL0076,WH-KOL,Changed Mind,2026-05-27,5265.24,84,Customer Preference
RET00049,ORD007480,SKU00388,SEL0099,WH-KOL,Product Defective,2026-07-10,5323.86,75,Seller Fault
RET00050,ORD006813,SKU00477,SEL0039,WH-MUM,Quality Not as Expected,2026-08-13,919.78,98,Customer Preference
RET00051,ORD004651,SKU00297,SEL0104,WH-BLR,Late Delivery,2026-06-09,4306.82,30,Logistics Fault
RET00052,ORD003381,SKU00387,SEL0035,WH-MUM,Quality Not as Expected,2026-06-28,4650.54,58,Customer Preference
RET00053,ORD009581,SKU00172,SEL0002,WH-MUM,Product Defective,2026-04-20,9492.66,20,Seller Fault
RET00054,ORD011286,SKU00499,SEL0016,WH-BLR,Quality Not as Expected,2026-06-19,2425.5,67,Customer Preference
RET00055,ORD010526,SKU00293,SEL0105,WH-BLR,Size Issue,2026-07-08,1929.55,95,Customer Preference
RET00056,ORD005120,SKU00220,SEL0040,WH-MUM,Better Price Found,2026-03-12,6144.35,84,Customer Preference
RET00057,ORD000140,SKU00101,SEL0142,WH-KOL,Quality Not as Expected,2026-04-21,5581.32,96,Customer Preference
RET00058,ORD009689,SKU00296,SEL0039,WH-MUM,Late Delivery,2026-05-17,402.64,107,Logistics Fault
RET00059,ORD011203,SKU00172,SEL0002,WH-MUM,Changed Mind,2026-03-18,9492.66,108,Customer Preference
RET00060,ORD000280,SKU00363,SEL0121,WH-MUM,Changed Mind,2026-05-27,9067.3,66,Customer Preference
RET00061,ORD006568,SKU00295,SEL0120,WH-KOL,Damaged Product,2026-06-30,986.82,59,Seller Fault
RET00062,ORD003090,SKU00363,SEL0121,WH-MUM,Size Issue,2026-03-28,9067.3,48,Customer Preference
RET00063,ORD006081,SKU00209,SEL0076,WH-KOL,Better Price Found,2026-02-26,936.59,14,Customer Preference
RET00064,ORD008799,SKU00386,SEL0076,WH-KOL,Quality Not as Expected,2026-02-23,2014.13,55,Customer Preference
RET00065,ORD007142,SKU00181,SEL0056,WH-MUM,Damaged Product,2026-04-12,798.91,101,Seller Fault
RET00066,ORD003560,SKU00134,SEL0028,WH-DEL,Size Issue,2026-04-19,5324.04,94,Customer Preference
RET00067,ORD000384,SKU00203,SEL0050,WH-KOL,Damaged Product,2026-05-03,472.11,40,Seller Fault
RET00068,ORD002921,SKU00483,SEL0093,WH-MUM,Quality Not as Expected,2026-03-24,581.49,40,Customer Preference
RET00069,ORD008538,SKU00094,SEL0070,WH-DEL,Damaged Product,2026-02-28,697.5,63,Seller Fault
RET00070,ORD006516,SKU00153,SEL0068,WH-BLR,Product Defective,2026-06-01,1466.43,63,Seller Fault
RET00071,ORD011154,SKU00202,SEL0042,WH-BLR,Quality Not as Expected,2026-06-21,4217.46,31,Customer Preference
RET00072,ORD001748,SKU00219,SEL0081,WH-KOL,Product Defective,2026-03-22,2112.76,103,Seller Fault
RET00073,ORD008369,SKU00392,SEL0104,WH-BLR,Changed Mind,2026-04-10,183.36,75,Customer Preference
RET00074,ORD005987,SKU00057,SEL0117,WH-MUM,Quality Not as Expected,2026-03-14,4825.23,86,Customer Preference
RET00075,ORD000934,SKU00369,SEL0066,WH-DEL,Damaged Product,2026-06-26,12226.57,114,Seller Fault
RET00076,ORD007517,SKU00184,SEL0072,WH-KOL,Wrong Item Delivered,2026-06-16,973.69,87,Seller Fault
RET00077,ORD002757,SKU00442,SEL0003,WH-DEL,Quality Not as Expected,2026-04-12,9358.48,64,Customer Preference
RET00078,ORD007783,SKU00226,SEL0030,WH-BLR,Size Issue,2026-02-12,17135.24,26,Customer Preference
RET00079,ORD005747,SKU00458,SEL0130,WH-MUM,Product Defective,2026-03-08,12355.36,99,Seller Fault
RET00080,ORD001338,SKU00487,SEL0041,WH-KOL,Changed Mind,2026-06-17,2805.62,13,Customer Preference
RET00081,ORD006922,SKU00162,SEL0005,WH-BLR,Size Issue,2026-03-13,6039.2,50,Customer Preference
RET00082,ORD002021,SKU00272,SEL0133,WH-MUM,Quality Not as Expected,2026-03-20,17837.72,60,Customer Preference
RET00083,ORD002659,SKU00111,SEL0035,WH-MUM,Size Issue,2026-06-08,277.8,99,Customer Preference
RET00084,ORD003124,SKU00266,SEL0099,WH-KOL,Quality Not as Expected,2026-06-22,1127.88,82,Customer Preference
RET00085,ORD009439,SKU00482,SEL0056,WH-MUM,Damaged Product,2026-06-10,2368.15,35,Seller Fault
RET00086,ORD002342,SKU00394,SEL0113,WH-BLR,Quality Not as Expected,2026-04-26,6048.45,103,Customer Preference
RET00087,ORD003589,SKU00025,SEL0091,WH-KOL,Size Issue,2026-06-21,7003.01,33,Customer Preference
RET00088,ORD003152,SKU00279,SEL0034,WH-MUM,Product Defective,2026-06-08,1355.94,35,Seller Fault
RET00089,ORD002855,SKU00258,SEL0018,WH-KOL,Size Issue,2026-02-23,4356.86,53,Customer Preference
RET00090,ORD010462,SKU00481,SEL0027,WH-MUM,Late Delivery,2026-05-18,1508.73,65,Logistics Fault
RET00091,ORD009051,SKU00009,SEL0094,WH-BLR,Damaged Product,2026-08-08,4089.84,75,Seller Fault
RET00092,ORD006671,SKU00288,SEL0054,WH-BLR,Better Price Found,2026-06-12,3088.1,103,Customer Preference
RET00093,ORD006957,SKU00159,SEL0093,WH-MUM,Quality Not as Expected,2026-05-06,1741.73,56,Customer Preference
RET00094,ORD007842,SKU00495,SEL0107,WH-BLR,Quality Not as Expected,2026-02-16,3489.81,46,Customer Preference
RET00095,ORD003518,SKU00029,SEL0045,WH-MUM,Quality Not as Expected,2026-07-31,16382.54,36,Customer Preference
RET00096,ORD002139,SKU00196,SEL0046,WH-BLR,Size Issue,2026-04-15,1252.48,45,Customer Preference
RET00097,ORD008573,SKU00114,SEL0122,WH-KOL,Size Issue,2026-08-05,12021.79,62,Customer Preference
RET00098,ORD010193,SKU00057,SEL0117,WH-MUM,Damaged Product,2026-02-25,1608.41,53,Seller Fault
RET00099,ORD003890,SKU00005,SEL0017,WH-BLR,Quality Not as Expected,2026-04-24,130.56,53,Customer Preference
RET00100,ORD006086,SKU00063,SEL0121,WH-MUM,Size Issue,2026-06-27,39084.6,51,Customer Preference
RET00101,ORD006298,SKU00368,SEL0042,WH-BLR,Late Delivery,2026-04-15,3382.95,57,Logistics Fault
RET00102,ORD011197,SKU00361,SEL0015,WH-MUM,Damaged Product,2026-03-17,591.85,45,Seller Fault
RET00103,ORD006087,SKU00396,SEL0140,WH-BLR,Damaged Product,2026-07-15,7850.97,98,Seller Fault
RET00104,ORD005030,SKU00176,SEL0037,WH-KOL,Quality Not as Expected,2026-04-12,3718.93,55,Customer Preference
RET00105,ORD002525,SKU00480,SEL0043,WH-BLR,Changed Mind,2026-02-25,2807.37,109,Customer Preference
RET00106,ORD005521,SKU00448,SEL0098,WH-MUM,Size Issue,2026-06-27,47618.7,78,Customer Preference
RET00107,ORD009412,SKU00018,SEL0060,WH-BLR,Product Defective,2026-02-28,24536.72,9,Seller Fault
RET00108,ORD005561,SKU00315,SEL0023,WH-BLR,Size Issue,2026-04-09,4608.36,112,Customer Preference
RET00109,ORD005705,SKU00042,SEL0010,WH-DEL,Size Issue,2026-04-23,446.13,103,Customer Preference
RET00110,ORD003143,SKU00393,SEL0136,WH-DEL,Size Issue,2026-03-20,25758.22,11,Customer Preference
RET00111,ORD008418,SKU00305,SEL0065,WH-DEL,Size Issue,2026-06-12,7477.02,69,Customer Preference
RET00112,ORD002474,SKU00368,SEL0042,WH-BLR,Late Delivery,2026-08-01,3382.95,111,Logistics Fault
RET00113,ORD011063,SKU00221,SEL0089,WH-MUM,Better Price Found,2026-03-07,29482.17,37,Customer Preference
RET00114,ORD010730,SKU00346,SEL0104,WH-BLR,Product Defective,2026-07-02,1704.28,14,Seller Fault
RET00115,ORD002149,SKU00189,SEL0090,WH-MUM,Quality Not as Expected,2026-08-09,5137.47,108,Customer Preference
RET00116,ORD005011,SKU00328,SEL0037,WH-KOL,Size Issue,2026-04-24,4886.61,96,Customer Preference
RET00117,ORD003865,SKU00418,SEL0090,WH-MUM,Product Defective,2026-07-02,3517.2,31,Seller Fault
RET00118,ORD002148,SKU00356,SEL0024,WH-MUM,Changed Mind,2026-07-12,42999.3,79,Customer Preference
RET00119,ORD003996,SKU00041,SEL0032,WH-DEL,Changed Mind,2026-04-14,3228.96,62,Customer Preference
RET00120,ORD009209,SKU00463,SEL0014,WH-BLR,Better Price Found,2026-03-02,4829.59,95,Customer Preference
RET00121,ORD007424,SKU00218,SEL0015,WH-MUM,Wrong Item Delivered,2026-03-20,5818.56,109,Seller Fault
RET00122,ORD000427,SKU00378,SEL0006,WH-MUM,Changed Mind,2026-04-15,3312.42,48,Customer Preference
RET00123,ORD010158,SKU00453,SEL0143,WH-BLR,Quality Not as Expected,2026-05-03,1584.13,8,Customer Preference
RET00124,ORD006061,SKU00324,SEL0076,WH-KOL,Product Defective,2026-03-26,2427.72,36,Seller Fault
RET00125,ORD009086,SKU00173,SEL0109,WH-MUM,Wrong Item Delivered,2026-06-20,31403.08,86,Seller Fault
RET00126,ORD005776,SKU00057,SEL0117,WH-MUM,Quality Not as Expected,2026-07-19,1608.41,90,Customer Preference
RET00127,ORD010008,SKU00472,SEL0040,WH-MUM,Damaged Product,2026-02-23,26106.56,39,Seller Fault
RET00128,ORD006070,SKU00053,SEL0074,WH-DEL,Damaged Product,2026-07-12,2188.6,14,Seller Fault
RET00129,ORD002028,SKU00122,SEL0150,WH-BLR,Wrong Item Delivered,2026-04-26,16658.39,47,Seller Fault
RET00130,ORD002070,SKU00321,SEL0138,WH-MUM,Better Price Found,2026-02-22,1067.02,7,Customer Preference
RET00131,ORD005286,SKU00482,SEL0056,WH-MUM,Quality Not as Expected,2026-05-31,2368.15,61,Customer Preference
RET00132,ORD006643,SKU00247,SEL0144,WH-BLR,Wrong Item Delivered,2026-04-20,32316.9,119,Seller Fault
RET00133,ORD001928,SKU00059,SEL0133,WH-MUM,Quality Not as Expected,2026-08-03,4309.2,71,Customer Preference
RET00134,ORD004601,SKU00416,SEL0049,WH-BLR,Product Defective,2026-03-16,9551.39,81,Seller Fault
RET00135,ORD005948,SKU00185,SEL0067,WH-BLR,Damaged Product,2026-05-06,18843.7,28,Seller Fault
RET00136,ORD003211,SKU00219,SEL0081,WH-KOL,Changed Mind,2026-04-12,1056.38,26,Customer Preference
RET00137,ORD011280,SKU00363,SEL0121,WH-MUM,Quality Not as Expected,2026-08-09,27201.9,81,Customer Preference
RET00138,ORD003322,SKU00268,SEL0012,WH-KOL,Late Delivery,2026-04-26,80.4,56,Logistics Fault
RET00139,ORD010060,SKU00114,SEL0122,WH-KOL,Size Issue,2026-04-12,12021.79,39,Customer Preference
RET00140,ORD009423,SKU00042,SEL0010,WH-DEL,Size Issue,2026-03-16,446.13,5,Customer Preference
RET00141,ORD011519,SKU00394,SEL0113,WH-BLR,Late Delivery,2026-08-01,2016.15,33,Logistics Fault
RET00142,ORD004908,SKU00326,SEL0025,WH-MUM,Better Price Found,2026-06-25,3020.88,55,Customer Preference
RET00143,ORD008440,SKU00456,SEL0021,WH-BLR,Size Issue,2026-04-03,1215.38,72,Customer Preference
RET00144,ORD009208,SKU00433,SEL0109,WH-MUM,Late Delivery,2026-07-22,19942.83,90,Logistics Fault
RET00145,ORD003267,SKU00151,SEL0014,WH-BLR,Late Delivery,2026-03-28,1483.66,43,Logistics Fault
RET00146,ORD006604,SKU00201,SEL0092,WH-MUM,Wrong Item Delivered,2026-06-26,14134.53,7,Seller Fault
RET00147,ORD002321,SKU00388,SEL0099,WH-KOL,Better Price Found,2026-07-02,7985.79,39,Customer Preference
RET00148,ORD010664,SKU00258,SEL0018,WH-KOL,Size Issue,2026-04-19,8713.72,62,Customer Preference
RET00149,ORD000790,SKU00099,SEL0060,WH-BLR,Damaged Product,2026-03-25,1320.07,61,Seller Fault
RET00150,ORD008698,SKU00483,SEL0093,WH-MUM,Better Price Found,2026-07-05,581.49,9,Customer Preference
RET00151,ORD009873,SKU00256,SEL0123,WH-MUM,Changed Mind,2026-06-23,1410.2,115,Customer Preference
RET00152,ORD008489,SKU00254,SEL0123,WH-MUM,Changed Mind,2026-05-10,14036.59,25,Customer Preference
RET00153,ORD000385,SKU00445,SEL0095,WH-KOL,Changed Mind,2026-07-07,372.26,91,Customer Preference
RET00154,ORD009555,SKU00447,SEL0066,WH-DEL,Better Price Found,2026-02-21,1676.96,54,Customer Preference
RET00155,ORD003162,SKU00306,SEL0116,WH-KOL,Late Delivery,2026-05-28,6199.51,18,Logistics Fault
RET00156,ORD007197,SKU00375,SEL0042,WH-BLR,Late Delivery,2026-05-30,3909.09,16,Logistics Fault
RET00157,ORD007323,SKU00353,SEL0055,WH-MUM,Quality Not as Expected,2026-03-16,4063.42,55,Customer Preference
RET00158,ORD002060,SKU00295,SEL0120,WH-KOL,Damaged Product,2026-04-09,1973.64,78,Seller Fault
RET00159,ORD003889,SKU00036,SEL0074,WH-DEL,Damaged Product,2026-03-19,1836.13,81,Seller Fault
RET00160,ORD002189,SKU00311,SEL0050,WH-KOL,Product Defective,2026-05-12,3162.45,32,Seller Fault
RET00161,ORD010108,SKU00070,SEL0034,WH-MUM,Wrong Item Delivered,2026-04-02,2245.36,71,Seller Fault
RET00162,ORD008948,SKU00172,SEL0002,WH-MUM,Wrong Item Delivered,2026-07-16,6328.44,41,Seller Fault
RET00163,ORD007669,SKU00414,SEL0141,WH-MUM,Damaged Product,2026-05-19,505.41,56,Seller Fault
RET00164,ORD011174,SKU00272,SEL0133,WH-MUM,Size Issue,2026-04-25,17837.72,92,Customer Preference
RET00165,ORD006485,SKU00030,SEL0011,WH-BLR,Better Price Found,2026-08-10,1113.36,119,Customer Preference
RET00166,ORD006842,SKU00290,SEL0028,WH-DEL,Damaged Product,2026-03-28,11980.89,68,Seller Fault
RET00167,ORD000579,SKU00066,SEL0123,WH-MUM,Changed Mind,2026-03-03,7087.29,111,Customer Preference
RET00168,ORD003188,SKU00296,SEL0039,WH-MUM,Wrong Item Delivered,2026-02-14,402.64,91,Seller Fault
RET00169,ORD005343,SKU00377,SEL0101,WH-MUM,Wrong Item Delivered,2026-06-25,21299.86,41,Seller Fault
RET00170,ORD004343,SKU00162,SEL0005,WH-BLR,Changed Mind,2026-03-24,3019.6,35,Customer Preference
RET00171,ORD004865,SKU00381,SEL0025,WH-MUM,Product Defective,2026-06-12,1258.03,62,Seller Fault
RET00172,ORD007482,SKU00435,SEL0077,WH-KOL,Changed Mind,2026-04-21,2569.61,54,Customer Preference
RET00173,ORD000076,SKU00255,SEL0061,WH-MUM,Product Defective,2026-05-02,17156.89,54,Seller Fault
RET00174,ORD002928,SKU00109,SEL0026,WH-KOL,Better Price Found,2026-07-12,5559.62,27,Customer Preference
RET00175,ORD005584,SKU00279,SEL0034,WH-MUM,Product Defective,2026-06-18,4067.82,72,Seller Fault
RET00176,ORD010125,SKU00221,SEL0089,WH-MUM,Size Issue,2026-04-19,19654.78,98,Customer Preference
RET00177,ORD000390,SKU00396,SEL0140,WH-BLR,Damaged Product,2026-06-12,15701.94,7,Seller Fault
RET00178,ORD010326,SKU00405,SEL0082,WH-MUM,Changed Mind,2026-07-26,781.52,94,Customer Preference
RET00179,ORD001113,SKU00197,SEL0040,WH-MUM,Changed Mind,2026-03-04,18723.72,26,Customer Preference
RET00180,ORD010207,SKU00074,SEL0026,WH-KOL,Damaged Product,2026-06-12,7751.44,32,Seller Fault
RET00181,ORD005305,SKU00162,SEL0005,WH-BLR,Changed Mind,2026-05-26,3019.6,53,Customer Preference
RET00182,ORD008905,SKU00104,SEL0031,WH-KOL,Wrong Item Delivered,2026-05-05,1619.34,66,Seller Fault
RET00183,ORD008137,SKU00123,SEL0003,WH-DEL,Changed Mind,2026-04-01,7962.85,86,Customer Preference
RET00184,ORD000247,SKU00168,SEL0062,WH-MUM,Size Issue,2026-08-06,3378.96,57,Customer Preference
RET00185,ORD004136,SKU00430,SEL0110,WH-DEL,Product Defective,2026-06-02,30608.52,15,Seller Fault
RET00186,ORD000556,SKU00183,SEL0104,WH-BLR,Wrong Item Delivered,2026-03-21,498.48,67,Seller Fault
RET00187,ORD000481,SKU00054,SEL0147,WH-BLR,Quality Not as Expected,2026-04-14,8616.0,58,Customer Preference
RET00188,ORD011240,SKU00036,SEL0074,WH-DEL,Damaged Product,2026-06-16,3672.26,91,Seller Fault
RET00189,ORD002422,SKU00053,SEL0074,WH-DEL,Late Delivery,2026-07-25,1094.3,84,Logistics Fault
RET00190,ORD003976,SKU00024,SEL0108,WH-DEL,Product Defective,2026-07-27,2630.78,58,Seller Fault
RET00191,ORD002520,SKU00273,SEL0130,WH-MUM,Better Price Found,2026-03-31,33472.96,53,Customer Preference
RET00192,ORD005999,SKU00497,SEL0122,WH-KOL,Wrong Item Delivered,2026-08-02,3960.44,34,Seller Fault
RET00193,ORD007036,SKU00215,SEL0069,WH-DEL,Changed Mind,2026-07-03,9124.18,109,Customer Preference
RET00194,ORD002830,SKU00393,SEL0136,WH-DEL,Late Delivery,2026-03-08,25758.22,92,Logistics Fault
RET00195,ORD006076,SKU00093,SEL0070,WH-DEL,Quality Not as Expected,2026-03-01,1959.87,110,Customer Preference
RET00196,ORD004777,SKU00073,SEL0085,WH-DEL,Quality Not as Expected,2026-06-21,1996.46,31,Customer Preference
RET00197,ORD002126,SKU00375,SEL0042,WH-BLR,Size Issue,2026-08-10,7818.18,99,Customer Preference
RET00198,ORD006173,SKU00472,SEL0040,WH-MUM,Changed Mind,2026-04-30,39159.84,89,Customer Preference
RET00199,ORD002638,SKU00188,SEL0003,WH-DEL,Damaged Product,2026-03-24,14659.16,36,Seller Fault
RET00200,ORD006612,SKU00436,SEL0140,WH-BLR,Product Defective,2026-03-09,15382.55,67,Seller Fault
RET00201,ORD001292,SKU00251,SEL0089,WH-MUM,Better Price Found,2026-07-24,40324.62,107,Customer Preference
RET00202,ORD009189,SKU00076,SEL0027,WH-MUM,Product Defective,2026-03-25,2792.44,8,Seller Fault
RET00203,ORD011145,SKU00159,SEL0093,WH-MUM,Product Defective,2026-07-04,3483.46,38,Seller Fault
RET00204,ORD004745,SKU00069,SEL0099,WH-KOL,Better Price Found,2026-05-12,14707.92,117,Customer Preference
RET00205,ORD007808,SKU00419,SEL0081,WH-KOL,Size Issue,2026-04-07,667.69,11,Customer Preference
RET00206,ORD007223,SKU00439,SEL0145,WH-BLR,Quality Not as Expected,2026-05-02,3294.28,78,Customer Preference
RET00207,ORD010953,SKU00488,SEL0134,WH-DEL,Size Issue,2026-07-28,3036.2,86,Customer Preference
RET00208,ORD010914,SKU00104,SEL0031,WH-KOL,Quality Not as Expected,2026-06-13,2429.01,75,Customer Preference
RET00209,ORD008715,SKU00312,SEL0022,WH-MUM,Product Defective,2026-08-17,2227.08,92,Seller Fault
RET00210,ORD009556,SKU00377,SEL0101,WH-MUM,Quality Not as Expected,2026-02-24,21299.86,47,Customer Preference
RET00211,ORD006391,SKU00380,SEL0105,WH-BLR,Quality Not as Expected,2026-05-06,1027.18,18,Customer Preference
RET00212,ORD002137,SKU00135,SEL0042,WH-BLR,Product Defective,2026-02-21,7982.13,107,Seller Fault
RET00213,ORD005232,SKU00163,SEL0097,WH-MUM,Quality Not as Expected,2026-03-20,2396.19,111,Customer Preference
RET00214,ORD007984,SKU00001,SEL0136,WH-DEL,Damaged Product,2026-07-14,6418.18,5,Seller Fault
RET00215,ORD008585,SKU00076,SEL0027,WH-MUM,Product Defective,2026-07-25,8377.32,60,Seller Fault
RET00216,ORD001720,SKU00351,SEL0108,WH-DEL,Quality Not as Expected,2026-06-25,4157.62,23,Customer Preference
RET00217,ORD009119,SKU00419,SEL0081,WH-KOL,Late Delivery,2026-06-16,1335.38,56,Logistics Fault
RET00218,ORD006140,SKU00229,SEL0135,WH-KOL,Late Delivery,2026-04-10,2695.48,42,Logistics Fault
RET00219,ORD011368,SKU00102,SEL0106,WH-DEL,Size Issue,2026-02-14,1546.51,17,Customer Preference
RET00220,ORD011295,SKU00130,SEL0001,WH-BLR,Product Defective,2026-05-31,5803.08,98,Seller Fault
RET00221,ORD008629,SKU00333,SEL0001,WH-BLR,Changed Mind,2026-04-07,4245.5,24,Customer Preference
RET00222,ORD008424,SKU00187,SEL0079,WH-MUM,Wrong Item Delivered,2026-06-01,658.97,45,Seller Fault
RET00223,ORD010680,SKU00198,SEL0086,WH-KOL,Damaged Product,2026-06-09,14097.14,106,Seller Fault
RET00224,ORD007205,SKU00466,SEL0065,WH-DEL,Wrong Item Delivered,2026-07-17,27828.78,12,Seller Fault
RET00225,ORD002810,SKU00462,SEL0011,WH-BLR,Changed Mind,2026-06-17,1474.06,24,Customer Preference
RET00226,ORD003557,SKU00330,SEL0143,WH-BLR,Damaged Product,2026-04-25,3198.39,58,Seller Fault
RET00227,ORD004688,SKU00364,SEL0006,WH-MUM,Quality Not as Expected,2026-06-03,384.77,61,Customer Preference
RET00228,ORD002662,SKU00071,SEL0107,WH-BLR,Wrong Item Delivered,2026-06-17,243.18,12,Seller Fault
RET00229,ORD005171,SKU00078,SEL0018,WH-KOL,Damaged Product,2026-02-10,2352.3,116,Seller Fault
RET00230,ORD000782,SKU00251,SEL0089,WH-MUM,Quality Not as Expected,2026-05-29,13441.54,6,Customer Preference
RET00231,ORD001233,SKU00214,SEL0049,WH-BLR,Wrong Item Delivered,2026-07-22,23312.2,99,Seller Fault
RET00232,ORD005160,SKU00144,SEL0046,WH-BLR,Quality Not as Expected,2026-04-28,1245.43,71,Customer Preference
RET00233,ORD010806,SKU00482,SEL0056,WH-MUM,Quality Not as Expected,2026-06-23,4736.3,78,Customer Preference
RET00234,ORD004626,SKU00257,SEL0008,WH-BLR,Quality Not as Expected,2026-02-21,6519.38,29,Customer Preference
RET00235,ORD002007,SKU00250,SEL0091,WH-KOL,Size Issue,2026-03-28,9256.34,81,Customer Preference
RET00236,ORD009256,SKU00496,SEL0099,WH-KOL,Size Issue,2026-04-07,31623.21,59,Customer Preference
RET00237,ORD000763,SKU00189,SEL0090,WH-MUM,Damaged Product,2026-06-19,5137.47,46,Seller Fault
RET00238,ORD003630,SKU00151,SEL0014,WH-BLR,Changed Mind,2026-03-20,1483.66,54,Customer Preference
RET00239,ORD006238,SKU00141,SEL0111,WH-BLR,Wrong Item Delivered,2026-07-24,4932.81,98,Seller Fault
RET00240,ORD001115,SKU00151,SEL0014,WH-BLR,Quality Not as Expected,2026-04-27,4450.98,66,Customer Preference
RET00241,ORD002616,SKU00312,SEL0022,WH-MUM,Changed Mind,2026-05-01,6681.24,70,Customer Preference
RET00242,ORD007500,SKU00018,SEL0060,WH-BLR,Changed Mind,2026-06-25,36805.08,34,Customer Preference
RET00243,ORD000109,SKU00321,SEL0138,WH-MUM,Better Price Found,2026-02-10,2134.04,12,Customer Preference
RET00244,ORD006746,SKU00081,SEL0088,WH-MUM,Late Delivery,2026-04-28,2069.8,66,Logistics Fault
RET00245,ORD004440,SKU00356,SEL0024,WH-MUM,Wrong Item Delivered,2026-08-01,28666.2,19,Seller Fault
RET00246,ORD008692,SKU00327,SEL0071,WH-BLR,Damaged Product,2026-07-20,8221.3,15,Seller Fault
RET00247,ORD011433,SKU00362,SEL0135,WH-KOL,Damaged Product,2026-05-03,28362.78,96,Seller Fault
RET00248,ORD010983,SKU00398,SEL0129,WH-DEL,Damaged Product,2026-07-24,7371.24,48,Seller Fault
RET00249,ORD003083,SKU00371,SEL0150,WH-BLR,Late Delivery,2026-05-12,759.22,61,Logistics Fault
RET00250,ORD000224,SKU00324,SEL0076,WH-KOL,Quality Not as Expected,2026-05-26,2427.72,104,Customer Preference
RET00251,ORD008078,SKU00270,SEL0014,WH-BLR,Quality Not as Expected,2026-03-28,35704.52,114,Customer Preference
RET00252,ORD005519,SKU00342,SEL0143,WH-BLR,Changed Mind,2026-05-01,7164.84,5,Customer Preference
RET00253,ORD004288,SKU00084,SEL0052,WH-DEL,Wrong Item Delivered,2026-05-13,4438.83,104,Seller Fault
RET00254,ORD003193,SKU00181,SEL0056,WH-MUM,Wrong Item Delivered,2026-06-02,1597.82,5,Seller Fault
RET00255,ORD008635,SKU00006,SEL0118,WH-KOL,Better Price Found,2026-03-26,1781.7,73,Customer Preference
RET00256,ORD006199,SKU00366,SEL0143,WH-BLR,Damaged Product,2026-03-11,3404.07,41,Seller Fault
RET00257,ORD004372,SKU00406,SEL0018,WH-KOL,Damaged Product,2026-05-11,29028.24,118,Seller Fault
RET00258,ORD005398,SKU00054,SEL0147,WH-BLR,Product Defective,2026-08-07,8616.0,36,Seller Fault
RET00259,ORD011534,SKU00215,SEL0069,WH-DEL,Better Price Found,2026-04-17,27372.54,4,Customer Preference
RET00260,ORD005327,SKU00373,SEL0016,WH-BLR,Damaged Product,2026-06-11,1877.86,103,Seller Fault
RET00261,ORD007111,SKU00402,SEL0079,WH-MUM,Late Delivery,2026-06-14,5498.85,50,Logistics Fault
RET00262,ORD006327,SKU00242,SEL0090,WH-MUM,Quality Not as Expected,2026-03-25,2940.41,36,Customer Preference
RET00263,ORD004635,SKU00030,SEL0011,WH-BLR,Wrong Item Delivered,2026-07-07,1113.36,15,Seller Fault
RET00264,ORD008880,SKU00157,SEL0103,WH-KOL,Damaged Product,2026-03-10,1527.19,83,Seller Fault
RET00265,ORD011309,SKU00152,SEL0088,WH-MUM,Size Issue,2026-06-30,4937.12,29,Customer Preference
RET00266,ORD003725,SKU00413,SEL0133,WH-MUM,Late Delivery,2026-03-24,6785.15,108,Logistics Fault
RET00267,ORD005695,SKU00464,SEL0011,WH-BLR,Product Defective,2026-05-06,3898.1,59,Seller Fault
RET00268,ORD010495,SKU00416,SEL0049,WH-BLR,Changed Mind,2026-03-31,28654.17,104,Customer Preference
RET00269,ORD002539,SKU00003,SEL0010,WH-DEL,Wrong Item Delivered,2026-03-30,3392.92,98,Seller Fault
RET00270,ORD005446,SKU00485,SEL0099,WH-KOL,Size Issue,2026-07-08,5805.71,84,Customer Preference
RET00271,ORD006907,SKU00245,SEL0030,WH-BLR,Damaged Product,2026-05-01,1921.29,71,Seller Fault
RET00272,ORD002266,SKU00316,SEL0006,WH-MUM,Damaged Product,2026-03-25,2881.7,38,Seller Fault
RET00273,ORD000410,SKU00090,SEL0029,WH-MUM,Wrong Item Delivered,2026-07-05,27814.0,35,Seller Fault
RET00274,ORD007943,SKU00131,SEL0014,WH-BLR,Quality Not as Expected,2026-06-25,11835.18,101,Customer Preference
RET00275,ORD004824,SKU00329,SEL0113,WH-BLR,Size Issue,2026-03-21,3327.43,118,Customer Preference
RET00276,ORD009012,SKU00330,SEL0143,WH-BLR,Size Issue,2026-04-20,2132.26,59,Customer Preference
RET00277,ORD004207,SKU00171,SEL0024,WH-MUM,Size Issue,2026-03-11,14520.12,64,Customer Preference
RET00278,ORD001093,SKU00342,SEL0143,WH-BLR,Quality Not as Expected,2026-04-01,7164.84,17,Customer Preference
RET00279,ORD011497,SKU00434,SEL0014,WH-BLR,Better Price Found,2026-05-25,4728.95,45,Customer Preference
RET00280,ORD003354,SKU00106,SEL0094,WH-BLR,Quality Not as Expected,2026-07-26,8616.99,12,Customer Preference
RET00281,ORD006773,SKU00037,SEL0073,WH-MUM,Size Issue,2026-06-20,8522.22,74,Customer Preference
RET00282,ORD004537,SKU00207,SEL0129,WH-DEL,Damaged Product,2026-02-15,9004.56,9,Seller Fault
RET00283,ORD000406,SKU00317,SEL0089,WH-MUM,Better Price Found,2026-03-01,18639.08,6,Customer Preference
RET00284,ORD007860,SKU00390,SEL0050,WH-KOL,Damaged Product,2026-06-16,699.75,117,Seller Fault
RET00285,ORD005366,SKU00257,SEL0008,WH-BLR,Damaged Product,2026-05-29,3259.69,61,Seller Fault
RET00286,ORD010583,SKU00486,SEL0138,WH-MUM,Product Defective,2026-07-10,1275.8,43,Seller Fault
RET00287,ORD005907,SKU00037,SEL0073,WH-MUM,Quality Not as Expected,2026-04-22,5681.48,34,Customer Preference
RET00288,ORD006716,SKU00424,SEL0119,WH-MUM,Size Issue,2026-07-18,1180.6,54,Customer Preference
RET00289,ORD009355,SKU00495,SEL0107,WH-BLR,Size Issue,2026-05-08,3489.81,94,Customer Preference
RET00290,ORD004345,SKU00469,SEL0150,WH-BLR,Size Issue,2026-07-10,12155.34,80,Customer Preference
RET00291,ORD010414,SKU00167,SEL0120,WH-KOL,Size Issue,2026-02-25,10903.62,78,Customer Preference
RET00292,ORD003594,SKU00440,SEL0145,WH-BLR,Size Issue,2026-05-09,2650.32,101,Customer Preference
RET00293,ORD000994,SKU00175,SEL0092,WH-MUM,Quality Not as Expected,2026-05-23,14322.46,105,Customer Preference
RET00294,ORD003112,SKU00188,SEL0003,WH-DEL,Size Issue,2026-03-04,7329.58,93,Customer Preference
RET00295,ORD008822,SKU00076,SEL0027,WH-MUM,Size Issue,2026-06-22,2792.44,18,Customer Preference
RET00296,ORD009145,SKU00291,SEL0115,WH-DEL,Size Issue,2026-02-10,11695.61,80,Customer Preference
RET00297,ORD007166,SKU00277,SEL0133,WH-MUM,Size Issue,2026-04-27,13912.58,18,Customer Preference
RET00298,ORD008520,SKU00379,SEL0101,WH-MUM,Changed Mind,2026-04-13,17836.95,71,Customer Preference
RET00299,ORD008850,SKU00054,SEL0147,WH-BLR,Better Price Found,2026-04-11,2872.0,32,Customer Preference
RET00300,ORD002048,SKU00299,SEL0116,WH-KOL,Better Price Found,2026-06-08,14013.66,78,Customer Preference
RET00301,ORD009970,SKU00326,SEL0025,WH-MUM,Quality Not as Expected,2026-06-01,3020.88,107,Customer Preference
RET00302,ORD008609,SKU00008,SEL0008,WH-BLR,Size Issue,2026-05-31,2655.88,107,Customer Preference
RET00303,ORD005032,SKU00099,SEL0060,WH-BLR,Quality Not as Expected,2026-03-03,1320.07,114,Customer Preference
RET00304,ORD005435,SKU00010,SEL0093,WH-MUM,Quality Not as Expected,2026-06-22,2983.52,65,Customer Preference
RET00305,ORD011030,SKU00382,SEL0044,WH-BLR,Changed Mind,2026-03-06,3235.12,89,Customer Preference
RET00306,ORD008408,SKU00247,SEL0144,WH-BLR,Quality Not as Expected,2026-06-06,10772.3,90,Customer Preference
RET00307,ORD010832,SKU00415,SEL0050,WH-KOL,Changed Mind,2026-05-21,45584.28,55,Customer Preference
RET00308,ORD007732,SKU00097,SEL0007,WH-BLR,Changed Mind,2026-07-22,3685.35,102,Customer Preference
RET00309,ORD002675,SKU00241,SEL0002,WH-MUM,Product Defective,2026-07-16,3137.67,62,Seller Fault
RET00310,ORD002127,SKU00162,SEL0005,WH-BLR,Changed Mind,2026-06-05,9058.8,53,Customer Preference
RET00311,ORD011325,SKU00393,SEL0136,WH-DEL,Product Defective,2026-03-27,12879.11,32,Seller Fault
RET00312,ORD002057,SKU00430,SEL0110,WH-DEL,Late Delivery,2026-05-22,15304.26,54,Logistics Fault
RET00313,ORD001076,SKU00121,SEL0056,WH-MUM,Product Defective,2026-05-23,3011.1,78,Seller Fault
RET00314,ORD001423,SKU00414,SEL0141,WH-MUM,Quality Not as Expected,2026-07-08,1010.82,19,Customer Preference
RET00315,ORD005228,SKU00401,SEL0146,WH-BLR,Late Delivery,2026-06-13,5414.0,117,Logistics Fault
RET00316,ORD007800,SKU00007,SEL0035,WH-MUM,Product Defective,2026-07-01,5459.54,50,Seller Fault
RET00317,ORD004114,SKU00184,SEL0072,WH-KOL,Damaged Product,2026-03-30,1947.38,23,Seller Fault
RET00318,ORD003918,SKU00187,SEL0079,WH-MUM,Changed Mind,2026-04-20,658.97,61,Customer Preference
RET00319,ORD003744,SKU00031,SEL0082,WH-MUM,Damaged Product,2026-03-08,819.42,29,Seller Fault
RET00320,ORD002535,SKU00119,SEL0068,WH-BLR,Quality Not as Expected,2026-05-15,1679.44,100,Customer Preference
RET00321,ORD004324,SKU00276,SEL0124,WH-KOL,Damaged Product,2026-04-10,5388.28,51,Seller Fault
RET00322,ORD002358,SKU00446,SEL0141,WH-MUM,Changed Mind,2026-07-20,1738.15,33,Customer Preference
RET00323,ORD005330,SKU00451,SEL0052,WH-DEL,Size Issue,2026-03-17,5535.63,99,Customer Preference
RET00324,ORD007014,SKU00270,SEL0014,WH-BLR,Damaged Product,2026-04-29,17852.26,42,Seller Fault
RET00325,ORD010297,SKU00443,SEL0095,WH-KOL,Late Delivery,2026-03-31,2818.72,73,Logistics Fault
RET00326,ORD009940,SKU00134,SEL0028,WH-DEL,Size Issue,2026-03-17,10648.08,21,Customer Preference
RET00327,ORD010333,SKU00169,SEL0067,WH-BLR,Quality Not as Expected,2026-06-28,12777.42,84,Customer Preference
RET00328,ORD002086,SKU00455,SEL0100,WH-DEL,Size Issue,2026-04-23,2085.64,18,Customer Preference
RET00329,ORD003164,SKU00016,SEL0094,WH-BLR,Quality Not as Expected,2026-04-02,246.33,80,Customer Preference
RET00330,ORD011466,SKU00361,SEL0015,WH-MUM,Size Issue,2026-02-21,591.85,36,Customer Preference
RET00331,ORD004691,SKU00113,SEL0095,WH-KOL,Better Price Found,2026-02-14,4860.1,14,Customer Preference
RET00332,ORD004987,SKU00049,SEL0038,WH-BLR,Changed Mind,2026-04-19,1402.26,97,Customer Preference
RET00333,ORD008403,SKU00263,SEL0026,WH-KOL,Size Issue,2026-06-19,9995.72,80,Customer Preference
RET00334,ORD004611,SKU00326,SEL0025,WH-MUM,Product Defective,2026-02-28,9062.64,11,Seller Fault
RET00335,ORD011235,SKU00150,SEL0022,WH-MUM,Damaged Product,2026-04-01,7079.68,114,Seller Fault
RET00336,ORD005647,SKU00369,SEL0066,WH-DEL,Size Issue,2026-05-26,12226.57,81,Customer Preference
RET00337,ORD010330,SKU00196,SEL0046,WH-BLR,Size Issue,2026-05-26,1252.48,9,Customer Preference
RET00338,ORD000583,SKU00293,SEL0105,WH-BLR,Quality Not as Expected,2026-05-03,1929.55,64,Customer Preference
RET00339,ORD010266,SKU00251,SEL0089,WH-MUM,Quality Not as Expected,2026-07-05,13441.54,59,Customer Preference
RET00340,ORD006734,SKU00154,SEL0037,WH-KOL,Wrong Item Delivered,2026-05-12,17574.69,15,Seller Fault
RET00341,ORD004783,SKU00458,SEL0130,WH-MUM,Product Defective,2026-02-25,12355.36,98,Seller Fault
RET00342,ORD000808,SKU00033,SEL0019,WH-KOL,Changed Mind,2026-04-04,3240.42,48,Customer Preference
RET00343,ORD003133,SKU00266,SEL0099,WH-KOL,Better Price Found,2026-06-29,375.96,38,Customer Preference
RET00344,ORD000946,SKU00333,SEL0001,WH-BLR,Changed Mind,2026-06-01,2122.75,53,Customer Preference
RET00345,ORD001849,SKU00348,SEL0150,WH-BLR,Wrong Item Delivered,2026-03-24,14288.5,13,Seller Fault
RET00346,ORD007938,SKU00184,SEL0072,WH-KOL,Damaged Product,2026-04-02,973.69,67,Seller Fault
RET00347,ORD000397,SKU00259,SEL0033,WH-BLR,Quality Not as Expected,2026-08-07,3763.06,60,Customer Preference
RET00348,ORD005708,SKU00402,SEL0079,WH-MUM,Wrong Item Delivered,2026-06-09,3665.9,52,Seller Fault
RET00349,ORD002343,SKU00355,SEL0005,WH-BLR,Better Price Found,2026-05-10,24284.46,13,Customer Preference
RET00350,ORD007925,SKU00454,SEL0147,WH-BLR,Product Defective,2026-07-24,7562.74,7,Seller Fault
RET00351,ORD009885,SKU00113,SEL0095,WH-KOL,Damaged Product,2026-02-23,7290.15,74,Seller Fault
RET00352,ORD004189,SKU00196,SEL0046,WH-BLR,Better Price Found,2026-03-22,1252.48,18,Customer Preference
RET00353,ORD006253,SKU00112,SEL0010,WH-DEL,Changed Mind,2026-07-24,4920.02,94,Customer Preference
RET00354,ORD010248,SKU00104,SEL0031,WH-KOL,Wrong Item Delivered,2026-06-23,1619.34,45,Seller Fault
RET00355,ORD007624,SKU00408,SEL0136,WH-DEL,Changed Mind,2026-04-29,35408.78,52,Customer Preference
RET00356,ORD000089,SKU00090,SEL0029,WH-MUM,Wrong Item Delivered,2026-05-18,13907.0,112,Seller Fault
RET00357,ORD010972,SKU00482,SEL0056,WH-MUM,Damaged Product,2026-03-31,2368.15,59,Seller Fault
RET00358,ORD006154,SKU00324,SEL0076,WH-KOL,Wrong Item Delivered,2026-04-20,2427.72,72,Seller Fault
RET00359,ORD011016,SKU00231,SEL0013,WH-MUM,Size Issue,2026-03-27,14721.21,67,Customer Preference
RET00360,ORD010812,SKU00433,SEL0109,WH-MUM,Product Defective,2026-03-07,19942.83,84,Seller Fault
RET00361,ORD002889,SKU00387,SEL0035,WH-MUM,Wrong Item Delivered,2026-04-29,4650.54,68,Seller Fault
RET00362,ORD005681,SKU00454,SEL0147,WH-BLR,Product Defective,2026-04-23,7562.74,75,Seller Fault
RET00363,ORD011026,SKU00164,SEL0128,WH-DEL,Damaged Product,2026-04-08,7033.6,91,Seller Fault
RET00364,ORD001564,SKU00487,SEL0041,WH-KOL,Wrong Item Delivered,2026-07-14,2805.62,6,Seller Fault
RET00365,ORD008338,SKU00194,SEL0064,WH-MUM,Better Price Found,2026-05-04,2032.82,81,Customer Preference
RET00366,ORD003392,SKU00200,SEL0108,WH-DEL,Changed Mind,2026-07-03,1084.77,65,Customer Preference
RET00367,ORD010003,SKU00073,SEL0085,WH-DEL,Product Defective,2026-07-16,998.23,90,Seller Fault
RET00368,ORD009798,SKU00095,SEL0143,WH-BLR,Product Defective,2026-05-20,3227.78,37,Seller Fault
RET00369,ORD003493,SKU00397,SEL0113,WH-BLR,Damaged Product,2026-08-09,2336.06,66,Seller Fault
RET00370,ORD003237,SKU00015,SEL0003,WH-DEL,Product Defective,2026-05-18,8508.78,12,Seller Fault
RET00371,ORD000695,SKU00383,SEL0142,WH-KOL,Product Defective,2026-03-15,2574.27,33,Seller Fault
RET00372,ORD006358,SKU00217,SEL0038,WH-BLR,Changed Mind,2026-05-10,751.35,94,Customer Preference
RET00373,ORD001388,SKU00149,SEL0068,WH-BLR,Better Price Found,2026-04-22,842.62,34,Customer Preference
RET00374,ORD010196,SKU00305,SEL0065,WH-DEL,Better Price Found,2026-03-12,11215.53,90,Customer Preference
RET00375,ORD007139,SKU00348,SEL0150,WH-BLR,Size Issue,2026-07-01,28577.0,95,Customer Preference
RET00376,ORD008630,SKU00185,SEL0067,WH-BLR,Product Defective,2026-07-08,18843.7,76,Seller Fault
RET00377,ORD004607,SKU00289,SEL0134,WH-DEL,Damaged Product,2026-05-24,2189.12,101,Seller Fault
RET00378,ORD006054,SKU00204,SEL0076,WH-KOL,Size Issue,2026-03-03,2459.32,41,Customer Preference
RET00379,ORD000318,SKU00122,SEL0150,WH-BLR,Late Delivery,2026-07-16,33316.78,32,Logistics Fault
RET00380,ORD004558,SKU00326,SEL0025,WH-MUM,Changed Mind,2026-07-22,3020.88,52,Customer Preference
RET00381,ORD008542,SKU00085,SEL0085,WH-DEL,Quality Not as Expected,2026-02-12,9584.3,17,Customer Preference
RET00382,ORD003850,SKU00077,SEL0040,WH-MUM,Damaged Product,2026-03-05,3918.19,98,Seller Fault
RET00383,ORD003762,SKU00231,SEL0013,WH-MUM,Quality Not as Expected,2026-03-06,44163.63,52,Customer Preference
RET00384,ORD003254,SKU00401,SEL0146,WH-BLR,Damaged Product,2026-05-04,2707.0,43,Seller Fault
RET00385,ORD002264,SKU00029,SEL0045,WH-MUM,Quality Not as Expected,2026-02-21,32765.08,101,Customer Preference
RET00386,ORD001746,SKU00390,SEL0050,WH-KOL,Size Issue,2026-04-10,466.5,24,Customer Preference
RET00387,ORD009206,SKU00315,SEL0023,WH-BLR,Late Delivery,2026-05-09,2304.18,96,Logistics Fault
RET00388,ORD000190,SKU00150,SEL0022,WH-MUM,Product Defective,2026-08-08,3539.84,87,Seller Fault
RET00389,ORD001962,SKU00380,SEL0105,WH-BLR,Better Price Found,2026-07-02,1540.77,17,Customer Preference
RET00390,ORD007981,SKU00008,SEL0008,WH-BLR,Quality Not as Expected,2026-03-06,5311.76,12,Customer Preference
RET00391,ORD002262,SKU00109,SEL0026,WH-KOL,Late Delivery,2026-03-28,8339.43,24,Logistics Fault
RET00392,ORD002667,SKU00363,SEL0121,WH-MUM,Size Issue,2026-05-13,18134.6,40,Customer Preference
RET00393,ORD007077,SKU00170,SEL0099,WH-KOL,Quality Not as Expected,2026-07-02,2006.82,19,Customer Preference
RET00394,ORD003556,SKU00421,SEL0031,WH-KOL,Changed Mind,2026-04-02,618.46,9,Customer Preference
RET00395,ORD004812,SKU00249,SEL0088,WH-MUM,Damaged Product,2026-07-24,7831.68,89,Seller Fault
RET00396,ORD007493,SKU00442,SEL0003,WH-DEL,Damaged Product,2026-03-11,9358.48,32,Seller Fault
RET00397,ORD009224,SKU00461,SEL0006,WH-MUM,Quality Not as Expected,2026-06-07,2722.02,60,Customer Preference
RET00398,ORD001627,SKU00361,SEL0015,WH-MUM,Quality Not as Expected,2026-06-18,1183.7,15,Customer Preference
RET00399,ORD010995,SKU00409,SEL0047,WH-MUM,Damaged Product,2026-08-10,507.67,117,Seller Fault
RET00400,ORD005499,SKU00033,SEL0019,WH-KOL,Size Issue,2026-03-18,1620.21,8,Customer Preference
RET00401,ORD010477,SKU00061,SEL0110,WH-DEL,Changed Mind,2026-07-21,5259.74,49,Customer Preference
RET00402,ORD005959,SKU00391,SEL0055,WH-MUM,Size Issue,2026-04-24,3820.2,114,Customer Preference
RET00403,ORD003879,SKU00087,SEL0103,WH-KOL,Better Price Found,2026-05-21,341.44,101,Customer Preference
RET00404,ORD009701,SKU00327,SEL0071,WH-BLR,Damaged Product,2026-05-30,4110.65,87,Seller Fault
RET00405,ORD004168,SKU00396,SEL0140,WH-BLR,Size Issue,2026-06-20,15701.94,101,Customer Preference
RET00406,ORD011340,SKU00011,SEL0091,WH-KOL,Size Issue,2026-05-01,6654.15,86,Customer Preference
RET00407,ORD005097,SKU00342,SEL0143,WH-BLR,Size Issue,2026-07-05,3582.42,115,Customer Preference
RET00408,ORD003676,SKU00483,SEL0093,WH-MUM,Product Defective,2026-07-22,581.49,56,Seller Fault
RET00409,ORD004182,SKU00493,SEL0011,WH-BLR,Wrong Item Delivered,2026-06-21,773.3,63,Seller Fault
RET00410,ORD001947,SKU00285,SEL0080,WH-BLR,Quality Not as Expected,2026-05-31,2997.57,24,Customer Preference
RET00411,ORD009954,SKU00045,SEL0113,WH-BLR,Size Issue,2026-05-10,1956.28,13,Customer Preference
RET00412,ORD001942,SKU00150,SEL0022,WH-MUM,Wrong Item Delivered,2026-07-07,3539.84,10,Seller Fault
RET00413,ORD000635,SKU00277,SEL0133,WH-MUM,Damaged Product,2026-04-04,13912.58,109,Seller Fault
RET00414,ORD002167,SKU00358,SEL0119,WH-MUM,Quality Not as Expected,2026-05-27,1215.32,63,Customer Preference
RET00415,ORD001454,SKU00403,SEL0024,WH-MUM,Late Delivery,2026-04-12,6860.29,46,Logistics Fault
RET00416,ORD002904,SKU00121,SEL0056,WH-MUM,Damaged Product,2026-06-04,3011.1,115,Seller Fault
RET00417,ORD007865,SKU00109,SEL0026,WH-KOL,Damaged Product,2026-04-14,5559.62,111,Seller Fault
RET00418,ORD009924,SKU00005,SEL0017,WH-BLR,Changed Mind,2026-06-05,261.12,85,Customer Preference
RET00419,ORD000326,SKU00197,SEL0040,WH-MUM,Damaged Product,2026-07-19,6241.24,63,Seller Fault
RET00420,ORD005458,SKU00079,SEL0150,WH-BLR,Size Issue,2026-07-16,12602.88,38,Customer Preference
RET00421,ORD001916,SKU00004,SEL0010,WH-DEL,Damaged Product,2026-04-17,716.52,50,Seller Fault
RET00422,ORD008878,SKU00463,SEL0014,WH-BLR,Product Defective,2026-03-14,14488.77,118,Seller Fault
RET00423,ORD009483,SKU00346,SEL0104,WH-BLR,Damaged Product,2026-05-23,1704.28,11,Seller Fault
RET00424,ORD004103,SKU00063,SEL0121,WH-MUM,Size Issue,2026-03-26,26056.4,28,Customer Preference
RET00425,ORD007396,SKU00049,SEL0038,WH-BLR,Quality Not as Expected,2026-08-01,1402.26,92,Customer Preference
RET00426,ORD006584,SKU00071,SEL0107,WH-BLR,Product Defective,2026-03-03,243.18,102,Seller Fault
RET00427,ORD005773,SKU00354,SEL0009,WH-BLR,Damaged Product,2026-05-10,13458.59,83,Seller Fault
RET00428,ORD007950,SKU00235,SEL0129,WH-DEL,Changed Mind,2026-03-06,8876.64,87,Customer Preference
RET00429,ORD008590,SKU00114,SEL0122,WH-KOL,Late Delivery,2026-05-25,36065.37,117,Logistics Fault
RET00430,ORD007227,SKU00384,SEL0112,WH-MUM,Better Price Found,2026-07-10,2330.54,6,Customer Preference
RET00431,ORD001190,SKU00279,SEL0034,WH-MUM,Wrong Item Delivered,2026-07-12,1355.94,58,Seller Fault
RET00432,ORD006745,SKU00450,SEL0121,WH-MUM,Late Delivery,2026-05-22,20169.3,100,Logistics Fault
RET00433,ORD001563,SKU00333,SEL0001,WH-BLR,Better Price Found,2026-05-24,2122.75,100,Customer Preference
RET00434,ORD008147,SKU00185,SEL0067,WH-BLR,Changed Mind,2026-04-12,9421.85,116,Customer Preference
RET00435,ORD011422,SKU00253,SEL0029,WH-MUM,Damaged Product,2026-03-02,15610.8,93,Seller Fault
RET00436,ORD009746,SKU00342,SEL0143,WH-BLR,Wrong Item Delivered,2026-03-19,3582.42,97,Seller Fault
RET00437,ORD001745,SKU00111,SEL0035,WH-MUM,Quality Not as Expected,2026-08-05,277.8,73,Customer Preference
RET00438,ORD002687,SKU00256,SEL0123,WH-MUM,Wrong Item Delivered,2026-03-15,705.1,52,Seller Fault
RET00439,ORD006630,SKU00136,SEL0060,WH-BLR,Late Delivery,2026-05-27,2890.19,88,Logistics Fault
RET00440,ORD000915,SKU00176,SEL0037,WH-KOL,Quality Not as Expected,2026-07-14,3718.93,52,Customer Preference
RET00441,ORD006575,SKU00268,SEL0012,WH-KOL,Better Price Found,2026-03-24,80.4,52,Customer Preference
RET00442,ORD010097,SKU00354,SEL0009,WH-BLR,Changed Mind,2026-07-17,13458.59,88,Customer Preference
RET00443,ORD000530,SKU00302,SEL0044,WH-BLR,Changed Mind,2026-06-28,576.52,104,Customer Preference
RET00444,ORD000780,SKU00066,SEL0123,WH-MUM,Product Defective,2026-04-20,14174.58,12,Seller Fault
RET00445,ORD004227,SKU00060,SEL0076,WH-KOL,Quality Not as Expected,2026-06-25,7897.86,114,Customer Preference
RET00446,ORD001553,SKU00360,SEL0102,WH-DEL,Quality Not as Expected,2026-05-18,10674.35,18,Customer Preference
RET00447,ORD006887,SKU00305,SEL0065,WH-DEL,Quality Not as Expected,2026-03-01,3738.51,6,Customer Preference
RET00448,ORD005838,SKU00054,SEL0147,WH-BLR,Product Defective,2026-04-25,8616.0,113,Seller Fault
RET00449,ORD000572,SKU00044,SEL0052,WH-DEL,Size Issue,2026-05-22,24989.9,55,Customer Preference
RET00450,ORD010639,SKU00132,SEL0072,WH-KOL,Product Defective,2026-06-22,4742.88,16,Seller Fault
RET00451,ORD008992,SKU00092,SEL0120,WH-KOL,Wrong Item Delivered,2026-06-28,4464.89,19,Seller Fault
RET00452,ORD009463,SKU00497,SEL0122,WH-KOL,Quality Not as Expected,2026-06-26,3960.44,5,Customer Preference
RET00453,ORD006411,SKU00219,SEL0081,WH-KOL,Size Issue,2026-06-30,2112.76,33,Customer Preference
RET00454,ORD008958,SKU00392,SEL0104,WH-BLR,Product Defective,2026-05-03,61.12,112,Seller Fault
RET00455,ORD004944,SKU00019,SEL0078,WH-KOL,Better Price Found,2026-04-04,13244.02,77,Customer Preference
RET00456,ORD001059,SKU00410,SEL0124,WH-KOL,Quality Not as Expected,2026-05-19,4439.12,99,Customer Preference
RET00457,ORD004873,SKU00259,SEL0033,WH-BLR,Quality Not as Expected,2026-03-13,5644.59,50,Customer Preference
RET00458,ORD003830,SKU00318,SEL0085,WH-DEL,Quality Not as Expected,2026-03-13,21874.96,104,Customer Preference
RET00459,ORD010836,SKU00051,SEL0094,WH-BLR,Quality Not as Expected,2026-05-30,3246.85,20,Customer Preference
RET00460,ORD005196,SKU00377,SEL0101,WH-MUM,Late Delivery,2026-05-13,21299.86,42,Logistics Fault
RET00461,ORD007659,SKU00275,SEL0075,WH-BLR,Late Delivery,2026-03-05,31529.52,88,Logistics Fault
RET00462,ORD004203,SKU00201,SEL0092,WH-MUM,Changed Mind,2026-03-07,14134.53,44,Customer Preference
RET00463,ORD009842,SKU00212,SEL0018,WH-KOL,Damaged Product,2026-04-15,30617.22,109,Seller Fault
RET00464,ORD010732,SKU00290,SEL0028,WH-DEL,Size Issue,2026-05-21,11980.89,87,Customer Preference
RET00465,ORD011363,SKU00102,SEL0106,WH-DEL,Quality Not as Expected,2026-03-08,3093.02,6,Customer Preference
RET00466,ORD007243,SKU00398,SEL0129,WH-DEL,Damaged Product,2026-05-18,4914.16,65,Seller Fault
RET00467,ORD001799,SKU00213,SEL0077,WH-KOL,Changed Mind,2026-04-12,6044.07,43,Customer Preference
RET00468,ORD009761,SKU00096,SEL0096,WH-MUM,Damaged Product,2026-07-25,18256.5,61,Seller Fault
RET00469,ORD007317,SKU00026,SEL0025,WH-MUM,Product Defective,2026-05-01,2785.72,18,Seller Fault
RET00470,ORD010560,SKU00407,SEL0120,WH-KOL,Better Price Found,2026-06-02,47694.84,58,Customer Preference
RET00471,ORD010004,SKU00129,SEL0065,WH-DEL,Size Issue,2026-04-01,27932.52,45,Customer Preference
RET00472,ORD001140,SKU00278,SEL0123,WH-MUM,Quality Not as Expected,2026-07-15,8585.05,109,Customer Preference
RET00473,ORD000529,SKU00042,SEL0010,WH-DEL,Changed Mind,2026-04-09,446.13,83,Customer Preference
RET00474,ORD009001,SKU00244,SEL0074,WH-DEL,Quality Not as Expected,2026-02-17,873.97,115,Customer Preference
RET00475,ORD008427,SKU00490,SEL0076,WH-KOL,Size Issue,2026-08-09,5392.0,21,Customer Preference
RET00476,ORD001447,SKU00177,SEL0139,WH-DEL,Product Defective,2026-04-11,5390.54,24,Seller Fault
RET00477,ORD008580,SKU00125,SEL0048,WH-MUM,Changed Mind,2026-03-30,2011.34,5,Customer Preference
RET00478,ORD002515,SKU00103,SEL0012,WH-KOL,Damaged Product,2026-06-17,5378.88,16,Seller Fault
RET00479,ORD006908,SKU00057,SEL0117,WH-MUM,Better Price Found,2026-08-03,3216.82,100,Customer Preference
RET00480,ORD006570,SKU00494,SEL0096,WH-MUM,Changed Mind,2026-03-25,414.64,63,Customer Preference
RET00481,ORD006255,SKU00235,SEL0129,WH-DEL,Better Price Found,2026-04-08,26629.92,100,Customer Preference
RET00482,ORD010843,SKU00410,SEL0124,WH-KOL,Wrong Item Delivered,2026-03-01,4439.12,15,Seller Fault
RET00483,ORD004476,SKU00210,SEL0063,WH-MUM,Quality Not as Expected,2026-04-29,9962.96,45,Customer Preference
RET00484,ORD001540,SKU00113,SEL0095,WH-KOL,Quality Not as Expected,2026-03-27,2430.05,82,Customer Preference
RET00485,ORD007986,SKU00421,SEL0031,WH-KOL,Damaged Product,2026-07-24,309.23,108,Seller Fault
RET00486,ORD010246,SKU00139,SEL0080,WH-BLR,Wrong Item Delivered,2026-02-26,3064.01,15,Seller Fault
RET00487,ORD006702,SKU00203,SEL0050,WH-KOL,Product Defective,2026-06-23,944.22,4,Seller Fault
RET00488,ORD002607,SKU00226,SEL0030,WH-BLR,Wrong Item Delivered,2026-04-30,17135.24,17,Seller Fault
RET00489,ORD002929,SKU00248,SEL0031,WH-KOL,Damaged Product,2026-03-29,1729.98,53,Seller Fault
RET00490,ORD002762,SKU00154,SEL0037,WH-KOL,Product Defective,2026-08-02,11716.46,54,Seller Fault
RET00491,ORD007296,SKU00275,SEL0075,WH-BLR,Product Defective,2026-04-25,21019.68,51,Seller Fault
RET00492,ORD005527,SKU00250,SEL0091,WH-KOL,Product Defective,2026-02-17,4628.17,39,Seller Fault
RET00493,ORD009978,SKU00366,SEL0143,WH-BLR,Changed Mind,2026-03-04,6808.14,43,Customer Preference
RET00494,ORD002916,SKU00255,SEL0061,WH-MUM,Quality Not as Expected,2026-07-20,17156.89,15,Customer Preference
RET00495,ORD000011,SKU00102,SEL0106,WH-DEL,Size Issue,2026-04-11,1546.51,36,Customer Preference
RET00496,ORD007306,SKU00276,SEL0124,WH-KOL,Size Issue,2026-03-15,2694.14,21,Customer Preference
RET00497,ORD008120,SKU00283,SEL0101,WH-MUM,Damaged Product,2026-03-21,19467.76,35,Seller Fault
RET00498,ORD006765,SKU00212,SEL0018,WH-KOL,Product Defective,2026-05-02,10205.74,21,Seller Fault
RET00499,ORD000017,SKU00412,SEL0121,WH-MUM,Changed Mind,2026-06-30,23037.82,33,Customer Preference
RET00500,ORD004490,SKU00074,SEL0026,WH-KOL,Quality Not as Expected,2026-07-17,7751.44,85,Customer Preference
RET00501,ORD010284,SKU00057,SEL0117,WH-MUM,Wrong Item Delivered,2026-06-28,3216.82,86,Seller Fault
RET00502,ORD010742,SKU00029,SEL0045,WH-MUM,Wrong Item Delivered,2026-02-27,16382.54,85,Seller Fault
RET00503,ORD010508,SKU00499,SEL0016,WH-BLR,Quality Not as Expected,2026-03-01,2425.5,106,Customer Preference
RET00504,ORD003487,SKU00333,SEL0001,WH-BLR,Quality Not as Expected,2026-02-16,4245.5,114,Customer Preference
RET00505,ORD007412,SKU00217,SEL0038,WH-BLR,Product Defective,2026-04-21,250.45,118,Seller Fault
RET00506,ORD001941,SKU00081,SEL0088,WH-MUM,Better Price Found,2026-07-09,2069.8,87,Customer Preference
RET00507,ORD004921,SKU00379,SEL0101,WH-MUM,Changed Mind,2026-03-05,17836.95,62,Customer Preference
RET00508,ORD006285,SKU00030,SEL0011,WH-BLR,Product Defective,2026-04-15,1113.36,51,Seller Fault
RET00509,ORD007832,SKU00315,SEL0023,WH-BLR,Quality Not as Expected,2026-07-20,2304.18,50,Customer Preference
RET00510,ORD004313,SKU00316,SEL0006,WH-MUM,Wrong Item Delivered,2026-03-17,8645.1,58,Seller Fault
RET00511,ORD006349,SKU00442,SEL0003,WH-DEL,Wrong Item Delivered,2026-05-13,4679.24,110,Seller Fault
RET00512,ORD001788,SKU00415,SEL0050,WH-KOL,Changed Mind,2026-03-29,45584.28,48,Customer Preference
RET00513,ORD007614,SKU00006,SEL0118,WH-KOL,Damaged Product,2026-03-16,890.85,94,Seller Fault
RET00514,ORD001926,SKU00361,SEL0015,WH-MUM,Changed Mind,2026-03-23,1183.7,78,Customer Preference
RET00515,ORD003149,SKU00020,SEL0060,WH-BLR,Changed Mind,2026-04-24,5889.34,55,Customer Preference
RET00516,ORD001666,SKU00356,SEL0024,WH-MUM,Damaged Product,2026-07-27,42999.3,15,Seller Fault
RET00517,ORD003791,SKU00135,SEL0042,WH-BLR,Product Defective,2026-03-15,2660.71,44,Seller Fault
RET00518,ORD006143,SKU00202,SEL0042,WH-BLR,Damaged Product,2026-06-18,8434.92,112,Seller Fault
RET00519,ORD002145,SKU00010,SEL0093,WH-MUM,Wrong Item Delivered,2026-02-07,5967.04,15,Seller Fault
RET00520,ORD010159,SKU00032,SEL0045,WH-MUM,Wrong Item Delivered,2026-06-03,14639.18,90,Seller Fault
RET00521,ORD009152,SKU00166,SEL0080,WH-BLR,Damaged Product,2026-06-05,3206.07,29,Seller Fault
RET00522,ORD009084,SKU00474,SEL0120,WH-KOL,Quality Not as Expected,2026-06-19,11371.28,56,Customer Preference
RET00523,ORD007617,SKU00198,SEL0086,WH-KOL,Product Defective,2026-06-15,14097.14,117,Seller Fault
RET00524,ORD000146,SKU00369,SEL0066,WH-DEL,Quality Not as Expected,2026-03-24,12226.57,41,Customer Preference
RET00525,ORD003534,SKU00367,SEL0123,WH-MUM,Size Issue,2026-06-10,16682.76,96,Customer Preference
RET00526,ORD009388,SKU00320,SEL0049,WH-BLR,Product Defective,2026-08-03,35496.06,104,Seller Fault
RET00527,ORD008829,SKU00448,SEL0098,WH-MUM,Size Issue,2026-05-13,47618.7,53,Customer Preference
RET00528,ORD009850,SKU00074,SEL0026,WH-KOL,Changed Mind,2026-06-01,15502.88,54,Customer Preference
RET00529,ORD007238,SKU00025,SEL0091,WH-KOL,Better Price Found,2026-06-08,7003.01,80,Customer Preference
RET00530,ORD003939,SKU00298,SEL0111,WH-BLR,Product Defective,2026-03-25,2996.88,39,Seller Fault
RET00531,ORD011225,SKU00204,SEL0076,WH-KOL,Size Issue,2026-04-24,2459.32,16,Customer Preference
RET00532,ORD008801,SKU00013,SEL0025,WH-MUM,Quality Not as Expected,2026-05-06,5291.5,67,Customer Preference
RET00533,ORD000739,SKU00463,SEL0014,WH-BLR,Quality Not as Expected,2026-03-01,9659.18,114,Customer Preference
RET00534,ORD002348,SKU00195,SEL0068,WH-BLR,Changed Mind,2026-05-23,2844.3,45,Customer Preference
RET00535,ORD000675,SKU00228,SEL0071,WH-BLR,Damaged Product,2026-03-30,6841.73,67,Seller Fault
RET00536,ORD011491,SKU00419,SEL0081,WH-KOL,Product Defective,2026-07-18,667.69,106,Seller Fault
RET00537,ORD005878,SKU00085,SEL0085,WH-DEL,Changed Mind,2026-06-06,4792.15,92,Customer Preference
RET00538,ORD007643,SKU00195,SEL0068,WH-BLR,Changed Mind,2026-03-15,5688.6,9,Customer Preference
RET00539,ORD006992,SKU00168,SEL0062,WH-MUM,Damaged Product,2026-03-10,1126.32,79,Seller Fault
RET00540,ORD011438,SKU00295,SEL0120,WH-KOL,Wrong Item Delivered,2026-03-06,986.82,75,Seller Fault
RET00541,ORD000189,SKU00387,SEL0035,WH-MUM,Quality Not as Expected,2026-06-15,4650.54,73,Customer Preference
RET00542,ORD007730,SKU00472,SEL0040,WH-MUM,Damaged Product,2026-02-20,26106.56,81,Seller Fault
RET00543,ORD001741,SKU00040,SEL0052,WH-DEL,Late Delivery,2026-04-01,6273.41,65,Logistics Fault
RET00544,ORD009136,SKU00162,SEL0005,WH-BLR,Size Issue,2026-06-08,3019.6,68,Customer Preference
RET00545,ORD005939,SKU00129,SEL0065,WH-DEL,Late Delivery,2026-06-10,41898.78,23,Logistics Fault
RET00546,ORD003836,SKU00030,SEL0011,WH-BLR,Wrong Item Delivered,2026-05-08,2226.72,46,Seller Fault
RET00547,ORD007351,SKU00415,SEL0050,WH-KOL,Better Price Found,2026-08-06,30389.52,62,Customer Preference
RET00548,ORD001214,SKU00105,SEL0008,WH-BLR,Quality Not as Expected,2026-06-20,507.88,52,Customer Preference
RET00549,ORD011032,SKU00064,SEL0081,WH-KOL,Damaged Product,2026-07-10,816.04,117,Seller Fault
RET00550,ORD010637,SKU00033,SEL0019,WH-KOL,Quality Not as Expected,2026-05-24,3240.42,57,Customer Preference
RET00551,ORD004133,SKU00102,SEL0106,WH-DEL,Changed Mind,2026-06-24,1546.51,10,Customer Preference
RET00552,ORD008183,SKU00311,SEL0050,WH-KOL,Damaged Product,2026-06-20,3162.45,24,Seller Fault
RET00553,ORD008469,SKU00424,SEL0119,WH-MUM,Damaged Product,2026-05-11,2361.2,44,Seller Fault
RET00554,ORD010782,SKU00276,SEL0124,WH-KOL,Quality Not as Expected,2026-04-23,2694.14,68,Customer Preference
RET00555,ORD006792,SKU00016,SEL0094,WH-BLR,Quality Not as Expected,2026-05-12,492.66,100,Customer Preference
RET00556,ORD010902,SKU00295,SEL0120,WH-KOL,Quality Not as Expected,2026-05-14,986.82,28,Customer Preference
RET00557,ORD005093,SKU00492,SEL0038,WH-BLR,Quality Not as Expected,2026-04-07,4593.63,82,Customer Preference
RET00558,ORD008710,SKU00087,SEL0103,WH-KOL,Product Defective,2026-06-12,170.72,114,Seller Fault
RET00559,ORD005274,SKU00008,SEL0008,WH-BLR,Damaged Product,2026-07-20,2655.88,24,Seller Fault
RET00560,ORD002891,SKU00054,SEL0147,WH-BLR,Better Price Found,2026-06-16,2872.0,84,Customer Preference
RET00561,ORD008125,SKU00382,SEL0044,WH-BLR,Wrong Item Delivered,2026-05-26,9705.36,22,Seller Fault
RET00562,ORD001398,SKU00202,SEL0042,WH-BLR,Changed Mind,2026-02-27,12652.38,108,Customer Preference
RET00563,ORD008355,SKU00358,SEL0119,WH-MUM,Quality Not as Expected,2026-05-11,607.66,59,Customer Preference
RET00564,ORD004801,SKU00100,SEL0145,WH-BLR,Late Delivery,2026-05-02,3193.89,34,Logistics Fault
RET00565,ORD004814,SKU00328,SEL0037,WH-KOL,Size Issue,2026-03-23,3257.74,35,Customer Preference
RET00566,ORD011019,SKU00308,SEL0048,WH-MUM,Better Price Found,2026-06-08,1285.78,22,Customer Preference
RET00567,ORD001348,SKU00431,SEL0065,WH-DEL,Damaged Product,2026-05-30,30417.0,23,Seller Fault
RET00568,ORD002558,SKU00134,SEL0028,WH-DEL,Changed Mind,2026-06-03,5324.04,78,Customer Preference
RET00569,ORD001460,SKU00300,SEL0050,WH-KOL,Quality Not as Expected,2026-05-17,2781.03,100,Customer Preference
RET00570,ORD006028,SKU00053,SEL0074,WH-DEL,Damaged Product,2026-06-27,2188.6,32,Seller Fault
RET00571,ORD000836,SKU00237,SEL0103,WH-KOL,Wrong Item Delivered,2026-06-29,1414.25,87,Seller Fault
RET00572,ORD001729,SKU00289,SEL0134,WH-DEL,Better Price Found,2026-02-20,2189.12,32,Customer Preference
RET00573,ORD002811,SKU00077,SEL0040,WH-MUM,Quality Not as Expected,2026-05-25,3918.19,53,Customer Preference
RET00574,ORD008457,SKU00267,SEL0093,WH-MUM,Size Issue,2026-05-14,2596.2,78,Customer Preference
RET00575,ORD007145,SKU00069,SEL0099,WH-KOL,Quality Not as Expected,2026-02-12,7353.96,23,Customer Preference
RET00576,ORD004685,SKU00369,SEL0066,WH-DEL,Damaged Product,2026-07-14,12226.57,36,Seller Fault
RET00577,ORD009451,SKU00463,SEL0014,WH-BLR,Better Price Found,2026-06-07,4829.59,4,Customer Preference
RET00578,ORD009336,SKU00088,SEL0001,WH-BLR,Size Issue,2026-08-05,1329.47,108,Customer Preference
RET00579,ORD008512,SKU00447,SEL0066,WH-DEL,Late Delivery,2026-08-03,838.48,20,Logistics Fault
RET00580,ORD001346,SKU00216,SEL0143,WH-BLR,Damaged Product,2026-04-29,2491.04,85,Seller Fault
RET00581,ORD000729,SKU00463,SEL0014,WH-BLR,Product Defective,2026-05-11,9659.18,40,Seller Fault
RET00582,ORD011463,SKU00201,SEL0092,WH-MUM,Size Issue,2026-08-06,42403.59,48,Customer Preference
RET00583,ORD008667,SKU00193,SEL0072,WH-KOL,Quality Not as Expected,2026-07-14,278.41,34,Customer Preference
RET00584,ORD001645,SKU00038,SEL0018,WH-KOL,Product Defective,2026-06-07,5570.3,44,Seller Fault
RET00585,ORD001646,SKU00179,SEL0093,WH-MUM,Quality Not as Expected,2026-06-02,1509.04,35,Customer Preference
RET00586,ORD002261,SKU00437,SEL0119,WH-MUM,Late Delivery,2026-07-22,2535.66,6,Logistics Fault
RET00587,ORD001448,SKU00423,SEL0020,WH-BLR,Damaged Product,2026-05-25,9110.04,29,Seller Fault
RET00588,ORD002052,SKU00100,SEL0145,WH-BLR,Quality Not as Expected,2026-03-25,3193.89,26,Customer Preference
RET00589,ORD011362,SKU00003,SEL0010,WH-DEL,Quality Not as Expected,2026-07-06,1696.46,12,Customer Preference
RET00590,ORD004170,SKU00484,SEL0033,WH-BLR,Size Issue,2026-05-12,6426.15,28,Customer Preference
RET00591,ORD011124,SKU00425,SEL0026,WH-KOL,Damaged Product,2026-04-22,21770.97,13,Seller Fault
RET00592,ORD001543,SKU00138,SEL0114,WH-MUM,Damaged Product,2026-05-26,29520.78,99,Seller Fault
RET00593,ORD006837,SKU00244,SEL0074,WH-DEL,Quality Not as Expected,2026-06-22,1747.94,117,Customer Preference
RET00594,ORD008371,SKU00386,SEL0076,WH-KOL,Size Issue,2026-07-01,4028.26,34,Customer Preference
RET00595,ORD005354,SKU00154,SEL0037,WH-KOL,Damaged Product,2026-03-03,5858.23,20,Seller Fault
RET00596,ORD007100,SKU00450,SEL0121,WH-MUM,Product Defective,2026-04-25,10084.65,19,Seller Fault
RET00597,ORD005746,SKU00245,SEL0030,WH-BLR,Better Price Found,2026-04-06,3842.58,19,Customer Preference
RET00598,ORD001871,SKU00014,SEL0019,WH-KOL,Damaged Product,2026-04-17,20484.3,87,Seller Fault
RET00599,ORD010895,SKU00022,SEL0112,WH-MUM,Product Defective,2026-06-30,26477.88,18,Seller Fault
RET00600,ORD005294,SKU00115,SEL0030,WH-BLR,Damaged Product,2026-05-06,27908.04,53,Seller Fault
RET00601,ORD003817,SKU00369,SEL0066,WH-DEL,Wrong Item Delivered,2026-04-20,24453.14,44,Seller Fault
RET00602,ORD000948,SKU00472,SEL0040,WH-MUM,Damaged Product,2026-05-18,39159.84,69,Seller Fault
RET00603,ORD002829,SKU00126,SEL0045,WH-MUM,Quality Not as Expected,2026-03-06,5660.7,114,Customer Preference
RET00604,ORD004647,SKU00460,SEL0081,WH-KOL,Size Issue,2026-03-03,2705.85,103,Customer Preference
RET00605,ORD007648,SKU00488,SEL0134,WH-DEL,Product Defective,2026-05-01,6072.4,77,Seller Fault
RET00606,ORD002862,SKU00274,SEL0086,WH-KOL,Changed Mind,2026-06-10,8815.75,109,Customer Preference
RET00607,ORD004660,SKU00497,SEL0122,WH-KOL,Wrong Item Delivered,2026-06-12,1980.22,116,Seller Fault
RET00608,ORD003277,SKU00025,SEL0091,WH-KOL,Late Delivery,2026-07-03,14006.02,118,Logistics Fault
RET00609,ORD009444,SKU00040,SEL0052,WH-DEL,Product Defective,2026-04-26,6273.41,25,Seller Fault
RET00610,ORD011111,SKU00443,SEL0095,WH-KOL,Wrong Item Delivered,2026-07-01,5637.44,110,Seller Fault
RET00611,ORD011531,SKU00368,SEL0042,WH-BLR,Size Issue,2026-05-06,3382.95,88,Customer Preference
RET00612,ORD006212,SKU00482,SEL0056,WH-MUM,Late Delivery,2026-05-25,4736.3,90,Logistics Fault
RET00613,ORD002869,SKU00122,SEL0150,WH-BLR,Late Delivery,2026-04-28,16658.39,13,Logistics Fault
RET00614,ORD010340,SKU00471,SEL0037,WH-KOL,Product Defective,2026-04-12,3123.23,19,Seller Fault
RET00615,ORD003905,SKU00204,SEL0076,WH-KOL,Changed Mind,2026-08-05,3688.98,70,Customer Preference
RET00616,ORD010226,SKU00032,SEL0045,WH-MUM,Wrong Item Delivered,2026-02-25,7319.59,78,Seller Fault
RET00617,ORD009527,SKU00358,SEL0119,WH-MUM,Size Issue,2026-05-08,607.66,93,Customer Preference
RET00618,ORD006857,SKU00426,SEL0093,WH-MUM,Quality Not as Expected,2026-02-16,206.39,111,Customer Preference
RET00619,ORD006501,SKU00260,SEL0138,WH-MUM,Size Issue,2026-05-31,5969.38,17,Customer Preference
RET00620,ORD004212,SKU00093,SEL0070,WH-DEL,Wrong Item Delivered,2026-06-02,653.29,45,Seller Fault
RET00621,ORD000973,SKU00364,SEL0006,WH-MUM,Quality Not as Expected,2026-07-29,384.77,53,Customer Preference
RET00622,ORD007921,SKU00157,SEL0103,WH-KOL,Quality Not as Expected,2026-04-24,3054.38,48,Customer Preference
RET00623,ORD000093,SKU00227,SEL0006,WH-MUM,Changed Mind,2026-04-18,358.98,26,Customer Preference
RET00624,ORD005214,SKU00236,SEL0149,WH-BLR,Better Price Found,2026-06-04,2446.56,62,Customer Preference
RET00625,ORD005031,SKU00037,SEL0073,WH-MUM,Damaged Product,2026-04-28,5681.48,51,Seller Fault
RET00626,ORD005925,SKU00469,SEL0150,WH-BLR,Product Defective,2026-03-21,12155.34,4,Seller Fault
RET00627,ORD008534,SKU00170,SEL0099,WH-KOL,Size Issue,2026-03-27,1003.41,18,Customer Preference
RET00628,ORD005351,SKU00089,SEL0025,WH-MUM,Damaged Product,2026-04-23,1762.44,31,Seller Fault
RET00629,ORD001212,SKU00013,SEL0025,WH-MUM,Product Defective,2026-05-26,5291.5,94,Seller Fault
RET00630,ORD000306,SKU00189,SEL0090,WH-MUM,Quality Not as Expected,2026-04-04,1712.49,115,Customer Preference
RET00631,ORD004772,SKU00202,SEL0042,WH-BLR,Size Issue,2026-04-04,4217.46,9,Customer Preference
RET00632,ORD010685,SKU00410,SEL0124,WH-KOL,Size Issue,2026-06-01,2219.56,30,Customer Preference
RET00633,ORD001885,SKU00428,SEL0087,WH-DEL,Size Issue,2026-04-04,242.6,24,Customer Preference
RET00634,ORD001375,SKU00479,SEL0121,WH-MUM,Better Price Found,2026-06-15,10353.32,115,Customer Preference
RET00635,ORD003210,SKU00499,SEL0016,WH-BLR,Wrong Item Delivered,2026-04-28,7276.5,5,Seller Fault
RET00636,ORD003468,SKU00483,SEL0093,WH-MUM,Damaged Product,2026-05-19,581.49,62,Seller Fault
RET00637,ORD005853,SKU00374,SEL0091,WH-KOL,Better Price Found,2026-07-04,15091.24,97,Customer Preference
RET00638,ORD004363,SKU00269,SEL0061,WH-MUM,Product Defective,2026-04-04,15484.81,74,Seller Fault
RET00639,ORD009095,SKU00433,SEL0109,WH-MUM,Quality Not as Expected,2026-02-24,6647.61,23,Customer Preference
RET00640,ORD006833,SKU00001,SEL0136,WH-DEL,Late Delivery,2026-03-31,6418.18,48,Logistics Fault
RET00641,ORD000842,SKU00040,SEL0052,WH-DEL,Quality Not as Expected,2026-07-23,6273.41,90,Customer Preference
RET00642,ORD007283,SKU00254,SEL0123,WH-MUM,Damaged Product,2026-03-29,28073.18,116,Seller Fault
RET00643,ORD011382,SKU00173,SEL0109,WH-MUM,Wrong Item Delivered,2026-02-28,15701.54,68,Seller Fault
RET00644,ORD006168,SKU00307,SEL0141,WH-MUM,Product Defective,2026-03-21,1646.48,64,Seller Fault
RET00645,ORD004360,SKU00084,SEL0052,WH-DEL,Changed Mind,2026-05-28,2959.22,14,Customer Preference
RET00646,ORD006800,SKU00292,SEL0034,WH-MUM,Quality Not as Expected,2026-03-13,2493.23,75,Customer Preference
RET00647,ORD010189,SKU00466,SEL0065,WH-DEL,Better Price Found,2026-04-09,13914.39,82,Customer Preference
RET00648,ORD000441,SKU00103,SEL0012,WH-KOL,Quality Not as Expected,2026-07-11,1792.96,15,Customer Preference
RET00649,ORD009250,SKU00268,SEL0012,WH-KOL,Size Issue,2026-02-15,241.2,113,Customer Preference
RET00650,ORD002817,SKU00047,SEL0098,WH-MUM,Wrong Item Delivered,2026-02-15,13332.56,39,Seller Fault
RET00651,ORD008282,SKU00328,SEL0037,WH-KOL,Size Issue,2026-05-28,3257.74,99,Customer Preference
RET00652,ORD002867,SKU00276,SEL0124,WH-KOL,Changed Mind,2026-03-25,5388.28,98,Customer Preference
RET00653,ORD000692,SKU00494,SEL0096,WH-MUM,Product Defective,2026-05-09,1243.92,10,Seller Fault
RET00654,ORD002133,SKU00259,SEL0033,WH-BLR,Better Price Found,2026-07-25,1881.53,107,Customer Preference
RET00655,ORD000548,SKU00052,SEL0132,WH-DEL,Quality Not as Expected,2026-05-06,3574.92,33,Customer Preference
RET00656,ORD006696,SKU00465,SEL0020,WH-BLR,Size Issue,2026-02-16,8729.82,103,Customer Preference
RET00657,ORD001168,SKU00157,SEL0103,WH-KOL,Product Defective,2026-04-25,1527.19,109,Seller Fault
RET00658,ORD001311,SKU00324,SEL0076,WH-KOL,Product Defective,2026-02-17,4855.44,103,Seller Fault
RET00659,ORD005301,SKU00335,SEL0015,WH-MUM,Changed Mind,2026-05-04,2807.42,37,Customer Preference
RET00660,ORD005765,SKU00026,SEL0025,WH-MUM,Better Price Found,2026-05-03,2785.72,14,Customer Preference
RET00661,ORD003805,SKU00334,SEL0113,WH-BLR,Size Issue,2026-07-11,3394.64,63,Customer Preference
RET00662,ORD000020,SKU00431,SEL0065,WH-DEL,Changed Mind,2026-04-23,30417.0,84,Customer Preference
RET00663,ORD005087,SKU00215,SEL0069,WH-DEL,Quality Not as Expected,2026-08-07,18248.36,118,Customer Preference
RET00664,ORD005534,SKU00004,SEL0010,WH-DEL,Late Delivery,2026-05-26,716.52,116,Logistics Fault
RET00665,ORD009785,SKU00034,SEL0068,WH-BLR,Wrong Item Delivered,2026-04-30,2744.4,49,Seller Fault
RET00666,ORD002111,SKU00084,SEL0052,WH-DEL,Product Defective,2026-05-08,2959.22,104,Seller Fault
RET00667,ORD007586,SKU00014,SEL0019,WH-KOL,Product Defective,2026-06-09,30726.45,114,Seller Fault
RET00668,ORD000512,SKU00292,SEL0034,WH-MUM,Changed Mind,2026-08-07,2493.23,10,Customer Preference
RET00669,ORD008945,SKU00022,SEL0112,WH-MUM,Wrong Item Delivered,2026-03-04,13238.94,33,Seller Fault
RET00670,ORD010593,SKU00409,SEL0047,WH-MUM,Changed Mind,2026-03-29,507.67,50,Customer Preference
RET00671,ORD005017,SKU00206,SEL0116,WH-KOL,Changed Mind,2026-02-27,18418.28,16,Customer Preference
RET00672,ORD002312,SKU00088,SEL0001,WH-BLR,Damaged Product,2026-02-24,1329.47,114,Seller Fault
RET00673,ORD008741,SKU00109,SEL0026,WH-KOL,Size Issue,2026-02-14,5559.62,4,Customer Preference
RET00674,ORD010562,SKU00458,SEL0130,WH-MUM,Damaged Product,2026-06-28,12355.36,119,Seller Fault
RET00675,ORD010816,SKU00383,SEL0142,WH-KOL,Quality Not as Expected,2026-04-20,1716.18,62,Customer Preference
RET00676,ORD007552,SKU00496,SEL0099,WH-KOL,Damaged Product,2026-06-16,10541.07,65,Seller Fault
RET00677,ORD001972,SKU00410,SEL0124,WH-KOL,Size Issue,2026-03-12,2219.56,11,Customer Preference
RET00678,ORD000585,SKU00299,SEL0116,WH-KOL,Wrong Item Delivered,2026-06-01,7006.83,55,Seller Fault
RET00679,ORD006698,SKU00260,SEL0138,WH-MUM,Better Price Found,2026-07-28,2984.69,89,Customer Preference
RET00680,ORD001191,SKU00024,SEL0108,WH-DEL,Wrong Item Delivered,2026-03-25,1315.39,55,Seller Fault
RET00681,ORD011155,SKU00226,SEL0030,WH-BLR,Size Issue,2026-04-09,17135.24,103,Customer Preference
RET00682,ORD006423,SKU00312,SEL0022,WH-MUM,Damaged Product,2026-07-02,2227.08,95,Seller Fault
RET00683,ORD004535,SKU00317,SEL0089,WH-MUM,Better Price Found,2026-02-16,9319.54,80,Customer Preference
RET00684,ORD007282,SKU00405,SEL0082,WH-MUM,Quality Not as Expected,2026-04-21,2344.56,17,Customer Preference
RET00685,ORD011219,SKU00290,SEL0028,WH-DEL,Size Issue,2026-02-20,35942.67,41,Customer Preference
RET00686,ORD000486,SKU00453,SEL0143,WH-BLR,Late Delivery,2026-04-07,4752.39,33,Logistics Fault
RET00687,ORD003470,SKU00317,SEL0089,WH-MUM,Damaged Product,2026-07-28,27958.62,49,Seller Fault
RET00688,ORD008836,SKU00401,SEL0146,WH-BLR,Changed Mind,2026-03-09,2707.0,18,Customer Preference
RET00689,ORD009933,SKU00276,SEL0124,WH-KOL,Quality Not as Expected,2026-03-16,2694.14,109,Customer Preference
RET00690,ORD010713,SKU00476,SEL0057,WH-MUM,Damaged Product,2026-02-24,3376.78,75,Seller Fault
RET00691,ORD005470,SKU00198,SEL0086,WH-KOL,Quality Not as Expected,2026-04-17,42291.42,54,Customer Preference
RET00692,ORD001590,SKU00496,SEL0099,WH-KOL,Damaged Product,2026-04-08,31623.21,74,Seller Fault
RET00693,ORD008150,SKU00297,SEL0104,WH-BLR,Better Price Found,2026-03-06,2153.41,25,Customer Preference
RET00694,ORD009958,SKU00247,SEL0144,WH-BLR,Late Delivery,2026-04-13,21544.6,84,Logistics Fault
RET00695,ORD004081,SKU00465,SEL0020,WH-BLR,Quality Not as Expected,2026-03-19,4364.91,25,Customer Preference
RET00696,ORD010700,SKU00009,SEL0094,WH-BLR,Size Issue,2026-08-11,2044.92,54,Customer Preference
RET00697,ORD000045,SKU00496,SEL0099,WH-KOL,Size Issue,2026-06-23,31623.21,28,Customer Preference
RET00698,ORD005037,SKU00478,SEL0083,WH-KOL,Quality Not as Expected,2026-07-12,6371.74,86,Customer Preference
RET00699,ORD007252,SKU00051,SEL0094,WH-BLR,Better Price Found,2026-07-07,6493.7,38,Customer Preference
RET00700,ORD007191,SKU00114,SEL0122,WH-KOL,Quality Not as Expected,2026-02-15,12021.79,14,Customer Preference
RET00701,ORD010175,SKU00284,SEL0132,WH-DEL,Product Defective,2026-04-20,2396.66,53,Seller Fault
RET00702,ORD010998,SKU00354,SEL0009,WH-BLR,Damaged Product,2026-08-01,13458.59,35,Seller Fault
RET00703,ORD003887,SKU00347,SEL0115,WH-DEL,Size Issue,2026-02-22,1135.61,90,Customer Preference
RET00704,ORD009019,SKU00218,SEL0015,WH-MUM,Size Issue,2026-05-12,2909.28,28,Customer Preference
RET00705,ORD002456,SKU00015,SEL0003,WH-DEL,Damaged Product,2026-04-17,17017.56,60,Seller Fault
RET00706,ORD004474,SKU00089,SEL0025,WH-MUM,Size Issue,2026-05-01,3524.88,87,Customer Preference
RET00707,ORD007686,SKU00151,SEL0014,WH-BLR,Wrong Item Delivered,2026-04-25,1483.66,20,Seller Fault
RET00708,ORD006078,SKU00373,SEL0016,WH-BLR,Wrong Item Delivered,2026-05-27,938.93,117,Seller Fault
RET00709,ORD004095,SKU00257,SEL0008,WH-BLR,Damaged Product,2026-03-03,3259.69,35,Seller Fault
RET00710,ORD009440,SKU00218,SEL0015,WH-MUM,Damaged Product,2026-05-05,8727.84,31,Seller Fault
RET00711,ORD005115,SKU00290,SEL0028,WH-DEL,Damaged Product,2026-06-14,11980.89,105,Seller Fault
RET00712,ORD003588,SKU00475,SEL0054,WH-BLR,Changed Mind,2026-05-01,15892.52,48,Customer Preference
RET00713,ORD005371,SKU00175,SEL0092,WH-MUM,Size Issue,2026-04-08,14322.46,70,Customer Preference
RET00714,ORD007910,SKU00100,SEL0145,WH-BLR,Quality Not as Expected,2026-03-08,9581.67,5,Customer Preference
RET00715,ORD010621,SKU00307,SEL0141,WH-MUM,Size Issue,2026-03-07,1646.48,63,Customer Preference
RET00716,ORD010616,SKU00292,SEL0034,WH-MUM,Changed Mind,2026-06-11,2493.23,49,Customer Preference
RET00717,ORD007794,SKU00357,SEL0063,WH-MUM,Quality Not as Expected,2026-06-05,1980.84,103,Customer Preference
RET00718,ORD009596,SKU00195,SEL0068,WH-BLR,Product Defective,2026-02-12,5688.6,35,Seller Fault
RET00719,ORD011314,SKU00412,SEL0121,WH-MUM,Product Defective,2026-08-09,11518.91,92,Seller Fault
RET00720,ORD009603,SKU00401,SEL0146,WH-BLR,Quality Not as Expected,2026-04-19,5414.0,72,Customer Preference
RET00721,ORD011321,SKU00227,SEL0006,WH-MUM,Product Defective,2026-04-07,538.47,84,Seller Fault
RET00722,ORD008275,SKU00392,SEL0104,WH-BLR,Damaged Product,2026-03-25,61.12,5,Seller Fault
RET00723,ORD010751,SKU00428,SEL0087,WH-DEL,Quality Not as Expected,2026-04-22,485.2,32,Customer Preference
RET00724,ORD004815,SKU00170,SEL0099,WH-KOL,Wrong Item Delivered,2026-05-18,3010.23,19,Seller Fault
RET00725,ORD008972,SKU00420,SEL0053,WH-BLR,Better Price Found,2026-03-13,3020.94,34,Customer Preference
RET00726,ORD010527,SKU00101,SEL0142,WH-KOL,Quality Not as Expected,2026-02-21,2790.66,71,Customer Preference
RET00727,ORD001818,SKU00372,SEL0141,WH-MUM,Changed Mind,2026-02-22,1981.11,14,Customer Preference
RET00728,ORD007536,SKU00476,SEL0057,WH-MUM,Product Defective,2026-02-26,5065.17,92,Seller Fault
RET00729,ORD004839,SKU00001,SEL0136,WH-DEL,Quality Not as Expected,2026-02-19,3209.09,47,Customer Preference
RET00730,ORD010361,SKU00367,SEL0123,WH-MUM,Quality Not as Expected,2026-02-25,8341.38,66,Customer Preference
RET00731,ORD003925,SKU00249,SEL0088,WH-MUM,Quality Not as Expected,2026-07-07,5221.12,82,Customer Preference
RET00732,ORD000690,SKU00053,SEL0074,WH-DEL,Product Defective,2026-04-25,3282.9,72,Seller Fault
RET00733,ORD004303,SKU00334,SEL0113,WH-BLR,Size Issue,2026-02-11,1697.32,21,Customer Preference
RET00734,ORD005594,SKU00476,SEL0057,WH-MUM,Wrong Item Delivered,2026-07-05,5065.17,71,Seller Fault
RET00735,ORD000891,SKU00282,SEL0121,WH-MUM,Wrong Item Delivered,2026-05-29,2696.79,57,Seller Fault
RET00736,ORD009612,SKU00109,SEL0026,WH-KOL,Quality Not as Expected,2026-05-15,2779.81,46,Customer Preference
RET00737,ORD008967,SKU00417,SEL0085,WH-DEL,Late Delivery,2026-03-23,11651.24,4,Logistics Fault
RET00738,ORD007456,SKU00064,SEL0081,WH-KOL,Quality Not as Expected,2026-06-13,816.04,48,Customer Preference
RET00739,ORD003340,SKU00329,SEL0113,WH-BLR,Quality Not as Expected,2026-07-24,3327.43,109,Customer Preference
RET00740,ORD006213,SKU00185,SEL0067,WH-BLR,Quality Not as Expected,2026-03-20,28265.55,87,Customer Preference
RET00741,ORD007316,SKU00318,SEL0085,WH-DEL,Product Defective,2026-08-06,10937.48,63,Seller Fault
RET00742,ORD008479,SKU00239,SEL0105,WH-BLR,Damaged Product,2026-04-01,769.58,72,Seller Fault
RET00743,ORD003298,SKU00241,SEL0002,WH-MUM,Product Defective,2026-07-20,6275.34,74,Seller Fault
RET00744,ORD003432,SKU00358,SEL0119,WH-MUM,Damaged Product,2026-07-30,607.66,45,Seller Fault
RET00745,ORD006694,SKU00213,SEL0077,WH-KOL,Size Issue,2026-03-02,6044.07,99,Customer Preference
RET00746,ORD001948,SKU00030,SEL0011,WH-BLR,Late Delivery,2026-07-11,3340.08,44,Logistics Fault
RET00747,ORD008040,SKU00404,SEL0106,WH-DEL,Quality Not as Expected,2026-02-11,1726.2,41,Customer Preference
RET00748,ORD010633,SKU00247,SEL0144,WH-BLR,Damaged Product,2026-06-19,21544.6,37,Seller Fault
RET00749,ORD009903,SKU00237,SEL0103,WH-KOL,Damaged Product,2026-05-13,1414.25,34,Seller Fault
RET00750,ORD005217,SKU00287,SEL0034,WH-MUM,Better Price Found,2026-05-04,2862.82,59,Customer Preference
RET00751,ORD005320,SKU00375,SEL0042,WH-BLR,Size Issue,2026-05-11,3909.09,9,Customer Preference
RET00752,ORD010390,SKU00173,SEL0109,WH-MUM,Changed Mind,2026-03-22,47104.62,70,Customer Preference
RET00753,ORD009116,SKU00095,SEL0143,WH-BLR,Damaged Product,2026-07-10,6455.56,88,Seller Fault
RET00754,ORD006233,SKU00189,SEL0090,WH-MUM,Better Price Found,2026-06-23,1712.49,110,Customer Preference
RET00755,ORD005530,SKU00006,SEL0118,WH-KOL,Late Delivery,2026-04-14,890.85,52,Logistics Fault
RET00756,ORD001501,SKU00063,SEL0121,WH-MUM,Quality Not as Expected,2026-07-07,26056.4,114,Customer Preference
RET00757,ORD004761,SKU00442,SEL0003,WH-DEL,Changed Mind,2026-04-28,9358.48,21,Customer Preference
RET00758,ORD006739,SKU00132,SEL0072,WH-KOL,Damaged Product,2026-02-19,2371.44,26,Seller Fault
RET00759,ORD004011,SKU00099,SEL0060,WH-BLR,Better Price Found,2026-03-31,1320.07,9,Customer Preference
RET00760,ORD001139,SKU00228,SEL0071,WH-BLR,Better Price Found,2026-03-19,6841.73,47,Customer Preference
RET00761,ORD001935,SKU00301,SEL0006,WH-MUM,Wrong Item Delivered,2026-04-12,1811.94,17,Seller Fault
RET00762,ORD009833,SKU00479,SEL0121,WH-MUM,Changed Mind,2026-03-28,10353.32,63,Customer Preference
RET00763,ORD004970,SKU00345,SEL0050,WH-KOL,Changed Mind,2026-05-29,13577.28,80,Customer Preference
RET00764,ORD004238,SKU00387,SEL0035,WH-MUM,Size Issue,2026-03-16,4650.54,40,Customer Preference
RET00765,ORD007127,SKU00002,SEL0077,WH-KOL,Better Price Found,2026-08-03,436.0,99,Customer Preference
RET00766,ORD007369,SKU00117,SEL0027,WH-MUM,Wrong Item Delivered,2026-03-04,2972.96,40,Seller Fault
RET00767,ORD007322,SKU00091,SEL0085,WH-DEL,Size Issue,2026-04-06,19630.3,79,Customer Preference
RET00768,ORD003858,SKU00180,SEL0110,WH-DEL,Quality Not as Expected,2026-07-25,7879.03,80,Customer Preference
RET00769,ORD003016,SKU00186,SEL0023,WH-BLR,Wrong Item Delivered,2026-05-27,212.39,6,Seller Fault
RET00770,ORD009491,SKU00149,SEL0068,WH-BLR,Damaged Product,2026-03-08,842.62,12,Seller Fault
RET00771,ORD001906,SKU00382,SEL0044,WH-BLR,Quality Not as Expected,2026-06-24,6470.24,58,Customer Preference
RET00772,ORD008017,SKU00434,SEL0014,WH-BLR,Quality Not as Expected,2026-02-16,4728.95,44,Customer Preference
RET00773,ORD009058,SKU00145,SEL0034,WH-MUM,Quality Not as Expected,2026-07-04,1964.29,26,Customer Preference
RET00774,ORD011323,SKU00201,SEL0092,WH-MUM,Product Defective,2026-07-23,42403.59,110,Seller Fault
RET00775,ORD009872,SKU00446,SEL0141,WH-MUM,Changed Mind,2026-07-08,1738.15,119,Customer Preference
RET00776,ORD003390,SKU00352,SEL0148,WH-MUM,Better Price Found,2026-04-25,2853.77,7,Customer Preference
RET00777,ORD004650,SKU00271,SEL0114,WH-MUM,Damaged Product,2026-03-10,5130.3,18,Seller Fault
RET00778,ORD009863,SKU00463,SEL0014,WH-BLR,Size Issue,2026-03-10,4829.59,50,Customer Preference
RET00779,ORD006415,SKU00483,SEL0093,WH-MUM,Damaged Product,2026-04-28,581.49,55,Seller Fault
RET00780,ORD007275,SKU00478,SEL0083,WH-KOL,Changed Mind,2026-05-25,3185.87,76,Customer Preference
RET00781,ORD006695,SKU00258,SEL0018,WH-KOL,Product Defective,2026-04-26,8713.72,34,Seller Fault
RET00782,ORD008783,SKU00347,SEL0115,WH-DEL,Changed Mind,2026-04-26,2271.22,5,Customer Preference
RET00783,ORD007398,SKU00409,SEL0047,WH-MUM,Size Issue,2026-04-10,1523.01,27,Customer Preference
RET00784,ORD006437,SKU00475,SEL0054,WH-BLR,Size Issue,2026-04-12,15892.52,47,Customer Preference
RET00785,ORD003043,SKU00088,SEL0001,WH-BLR,Damaged Product,2026-07-14,3988.41,96,Seller Fault
RET00786,ORD009640,SKU00245,SEL0030,WH-BLR,Changed Mind,2026-07-17,3842.58,53,Customer Preference
RET00787,ORD004381,SKU00112,SEL0010,WH-DEL,Quality Not as Expected,2026-05-05,2460.01,35,Customer Preference
RET00788,ORD000343,SKU00400,SEL0075,WH-BLR,Size Issue,2026-07-07,31375.77,37,Customer Preference
RET00789,ORD008262,SKU00265,SEL0102,WH-DEL,Late Delivery,2026-03-08,8868.42,61,Logistics Fault
RET00790,ORD006664,SKU00219,SEL0081,WH-KOL,Better Price Found,2026-02-27,1056.38,19,Customer Preference
RET00791,ORD007799,SKU00331,SEL0086,WH-KOL,Size Issue,2026-05-10,2240.71,5,Customer Preference
RET00792,ORD003825,SKU00427,SEL0064,WH-MUM,Damaged Product,2026-06-07,192.86,50,Seller Fault
RET00793,ORD003435,SKU00048,SEL0099,WH-KOL,Changed Mind,2026-04-28,818.68,34,Customer Preference
RET00794,ORD008483,SKU00121,SEL0056,WH-MUM,Changed Mind,2026-03-06,3011.1,99,Customer Preference
RET00795,ORD002471,SKU00365,SEL0105,WH-BLR,Changed Mind,2026-08-03,1587.45,17,Customer Preference
RET00796,ORD007334,SKU00461,SEL0006,WH-MUM,Quality Not as Expected,2026-02-27,907.34,28,Customer Preference
RET00797,ORD005659,SKU00100,SEL0145,WH-BLR,Late Delivery,2026-05-24,3193.89,47,Logistics Fault
RET00798,ORD000327,SKU00004,SEL0010,WH-DEL,Size Issue,2026-04-20,716.52,103,Customer Preference
RET00799,ORD001963,SKU00266,SEL0099,WH-KOL,Size Issue,2026-04-03,375.96,55,Customer Preference
RET00800,ORD008526,SKU00059,SEL0133,WH-MUM,Better Price Found,2026-04-18,6463.8,5,Customer Preference
RET00801,ORD011356,SKU00387,SEL0035,WH-MUM,Late Delivery,2026-05-15,6975.81,20,Logistics Fault
RET00802,ORD010556,SKU00213,SEL0077,WH-KOL,Damaged Product,2026-07-13,4029.38,74,Seller Fault
RET00803,ORD003838,SKU00449,SEL0043,WH-BLR,Size Issue,2026-06-20,960.45,25,Customer Preference
RET00804,ORD005173,SKU00148,SEL0005,WH-BLR,Product Defective,2026-03-30,24536.68,45,Seller Fault
RET00805,ORD010427,SKU00020,SEL0060,WH-BLR,Product Defective,2026-06-05,5889.34,93,Seller Fault
RET00806,ORD004235,SKU00123,SEL0003,WH-DEL,Wrong Item Delivered,2026-04-18,7962.85,81,Seller Fault
RET00807,ORD007745,SKU00419,SEL0081,WH-KOL,Product Defective,2026-02-26,667.69,38,Seller Fault
RET00808,ORD002752,SKU00271,SEL0114,WH-MUM,Size Issue,2026-07-24,5130.3,86,Customer Preference
RET00809,ORD010314,SKU00046,SEL0111,WH-BLR,Quality Not as Expected,2026-05-18,4204.92,16,Customer Preference
RET00810,ORD008324,SKU00287,SEL0034,WH-MUM,Quality Not as Expected,2026-05-19,5725.64,66,Customer Preference
RET00811,ORD008412,SKU00461,SEL0006,WH-MUM,Quality Not as Expected,2026-02-16,907.34,30,Customer Preference
RET00812,ORD002413,SKU00117,SEL0027,WH-MUM,Wrong Item Delivered,2026-02-27,1486.48,17,Seller Fault
RET00813,ORD009942,SKU00236,SEL0149,WH-BLR,Damaged Product,2026-04-21,4893.12,71,Seller Fault
RET00814,ORD002969,SKU00049,SEL0038,WH-BLR,Wrong Item Delivered,2026-05-02,467.42,17,Seller Fault
RET00815,ORD000881,SKU00215,SEL0069,WH-DEL,Changed Mind,2026-03-23,9124.18,54,Customer Preference
RET00816,ORD003828,SKU00409,SEL0047,WH-MUM,Quality Not as Expected,2026-04-29,507.67,119,Customer Preference
RET00817,ORD001054,SKU00469,SEL0150,WH-BLR,Wrong Item Delivered,2026-07-08,6077.67,21,Seller Fault
RET00818,ORD010652,SKU00402,SEL0079,WH-MUM,Product Defective,2026-02-18,1832.95,33,Seller Fault
RET00819,ORD009180,SKU00490,SEL0076,WH-KOL,Size Issue,2026-04-13,5392.0,16,Customer Preference
RET00820,ORD005558,SKU00270,SEL0014,WH-BLR,Quality Not as Expected,2026-06-22,17852.26,90,Customer Preference
RET00821,ORD003745,SKU00138,SEL0114,WH-MUM,Damaged Product,2026-07-22,44281.17,41,Seller Fault
RET00822,ORD007447,SKU00483,SEL0093,WH-MUM,Size Issue,2026-05-12,1744.47,32,Customer Preference
RET00823,ORD001866,SKU00399,SEL0129,WH-DEL,Size Issue,2026-03-06,7914.53,104,Customer Preference
RET00824,ORD004693,SKU00332,SEL0119,WH-MUM,Quality Not as Expected,2026-07-20,1684.84,80,Customer Preference
RET00825,ORD009217,SKU00091,SEL0085,WH-DEL,Size Issue,2026-05-16,9815.15,44,Customer Preference
RET00826,ORD002898,SKU00208,SEL0059,WH-DEL,Quality Not as Expected,2026-06-25,40295.85,80,Customer Preference
RET00827,ORD002546,SKU00381,SEL0025,WH-MUM,Size Issue,2026-04-08,3774.09,68,Customer Preference
RET00828,ORD003299,SKU00369,SEL0066,WH-DEL,Product Defective,2026-03-11,12226.57,119,Seller Fault
RET00829,ORD001301,SKU00374,SEL0091,WH-KOL,Better Price Found,2026-03-06,22636.86,94,Customer Preference
RET00830,ORD009318,SKU00225,SEL0029,WH-MUM,Better Price Found,2026-06-19,21036.42,67,Customer Preference
RET00831,ORD000798,SKU00119,SEL0068,WH-BLR,Quality Not as Expected,2026-03-24,839.72,61,Customer Preference
RET00832,ORD009780,SKU00349,SEL0028,WH-DEL,Changed Mind,2026-03-10,9445.43,35,Customer Preference
RET00833,ORD003118,SKU00066,SEL0123,WH-MUM,Damaged Product,2026-07-11,7087.29,115,Seller Fault
RET00834,ORD002594,SKU00060,SEL0076,WH-KOL,Damaged Product,2026-02-28,2632.62,43,Seller Fault
RET00835,ORD005493,SKU00135,SEL0042,WH-BLR,Quality Not as Expected,2026-05-10,2660.71,38,Customer Preference
RET00836,ORD002035,SKU00147,SEL0112,WH-MUM,Product Defective,2026-05-07,11059.11,73,Seller Fault
RET00837,ORD001333,SKU00226,SEL0030,WH-BLR,Wrong Item Delivered,2026-03-31,17135.24,6,Seller Fault
RET00838,ORD001370,SKU00301,SEL0006,WH-MUM,Size Issue,2026-04-13,1811.94,21,Customer Preference
RET00839,ORD008392,SKU00299,SEL0116,WH-KOL,Changed Mind,2026-07-29,7006.83,35,Customer Preference
RET00840,ORD001243,SKU00107,SEL0014,WH-BLR,Late Delivery,2026-05-27,25047.03,23,Logistics Fault
RET00841,ORD003863,SKU00243,SEL0045,WH-MUM,Size Issue,2026-06-29,48901.23,82,Customer Preference
RET00842,ORD003395,SKU00389,SEL0124,WH-KOL,Size Issue,2026-07-18,4511.96,51,Customer Preference
RET00843,ORD004849,SKU00197,SEL0040,WH-MUM,Damaged Product,2026-03-25,18723.72,62,Seller Fault
RET00844,ORD004820,SKU00405,SEL0082,WH-MUM,Damaged Product,2026-02-13,1563.04,81,Seller Fault
RET00845,ORD002668,SKU00182,SEL0129,WH-DEL,Size Issue,2026-06-10,12880.35,89,Customer Preference
RET00846,ORD008613,SKU00070,SEL0034,WH-MUM,Wrong Item Delivered,2026-03-15,2245.36,109,Seller Fault
RET00847,ORD011049,SKU00122,SEL0150,WH-BLR,Quality Not as Expected,2026-07-12,16658.39,92,Customer Preference
RET00848,ORD008075,SKU00236,SEL0149,WH-BLR,Wrong Item Delivered,2026-03-31,2446.56,95,Seller Fault
RET00849,ORD008035,SKU00499,SEL0016,WH-BLR,Size Issue,2026-07-28,2425.5,92,Customer Preference
RET00850,ORD008197,SKU00226,SEL0030,WH-BLR,Quality Not as Expected,2026-02-15,17135.24,73,Customer Preference
RET00851,ORD009713,SKU00013,SEL0025,WH-MUM,Product Defective,2026-03-02,5291.5,23,Seller Fault
RET00852,ORD003993,SKU00374,SEL0091,WH-KOL,Better Price Found,2026-05-23,15091.24,95,Customer Preference
RET00853,ORD004994,SKU00136,SEL0060,WH-BLR,Product Defective,2026-03-28,2890.19,26,Seller Fault
RET00854,ORD010734,SKU00023,SEL0120,WH-KOL,Damaged Product,2026-04-23,3735.93,79,Seller Fault
RET00855,ORD003948,SKU00070,SEL0034,WH-MUM,Size Issue,2026-04-21,1122.68,96,Customer Preference
RET00856,ORD008662,SKU00093,SEL0070,WH-DEL,Size Issue,2026-03-30,1959.87,90,Customer Preference
RET00857,ORD003387,SKU00083,SEL0050,WH-KOL,Damaged Product,2026-06-03,18601.5,70,Seller Fault
RET00858,ORD009231,SKU00224,SEL0131,WH-KOL,Quality Not as Expected,2026-03-15,16738.52,67,Customer Preference
RET00859,ORD005976,SKU00008,SEL0008,WH-BLR,Size Issue,2026-07-26,5311.76,95,Customer Preference
RET00860,ORD008248,SKU00147,SEL0112,WH-MUM,Size Issue,2026-07-18,11059.11,104,Customer Preference
RET00861,ORD002896,SKU00446,SEL0141,WH-MUM,Late Delivery,2026-03-14,1738.15,98,Logistics Fault
RET00862,ORD010313,SKU00010,SEL0093,WH-MUM,Quality Not as Expected,2026-06-17,5967.04,82,Customer Preference
RET00863,ORD008429,SKU00065,SEL0098,WH-MUM,Product Defective,2026-05-13,2532.59,4,Seller Fault
RET00864,ORD008935,SKU00261,SEL0003,WH-DEL,Damaged Product,2026-04-09,31806.96,41,Seller Fault
RET00865,ORD000219,SKU00463,SEL0014,WH-BLR,Quality Not as Expected,2026-03-22,4829.59,38,Customer Preference
RET00866,ORD007592,SKU00082,SEL0054,WH-BLR,Changed Mind,2026-08-04,14991.18,31,Customer Preference
RET00867,ORD004326,SKU00320,SEL0049,WH-BLR,Better Price Found,2026-03-01,17748.03,111,Customer Preference
RET00868,ORD000525,SKU00341,SEL0145,WH-BLR,Product Defective,2026-02-28,197.51,27,Seller Fault
RET00869,ORD006972,SKU00206,SEL0116,WH-KOL,Better Price Found,2026-03-31,27627.42,113,Customer Preference
RET00870,ORD001166,SKU00302,SEL0044,WH-BLR,Late Delivery,2026-04-09,576.52,27,Logistics Fault
RET00871,ORD009768,SKU00358,SEL0119,WH-MUM,Product Defective,2026-07-21,1215.32,78,Seller Fault
RET00872,ORD008181,SKU00382,SEL0044,WH-BLR,Product Defective,2026-06-27,6470.24,103,Seller Fault
RET00873,ORD005667,SKU00233,SEL0056,WH-MUM,Damaged Product,2026-03-19,269.11,55,Seller Fault
RET00874,ORD006966,SKU00361,SEL0015,WH-MUM,Damaged Product,2026-07-29,591.85,57,Seller Fault
RET00875,ORD002797,SKU00371,SEL0150,WH-BLR,Quality Not as Expected,2026-02-17,1518.44,66,Customer Preference
RET00876,ORD009614,SKU00362,SEL0135,WH-KOL,Better Price Found,2026-06-12,42544.17,18,Customer Preference
RET00877,ORD010604,SKU00177,SEL0139,WH-DEL,Damaged Product,2026-05-05,5390.54,98,Seller Fault
RET00878,ORD007135,SKU00118,SEL0083,WH-KOL,Late Delivery,2026-03-13,604.9,42,Logistics Fault
RET00879,ORD008821,SKU00352,SEL0148,WH-MUM,Quality Not as Expected,2026-02-24,2853.77,31,Customer Preference
RET00880,ORD010251,SKU00001,SEL0136,WH-DEL,Quality Not as Expected,2026-06-01,3209.09,30,Customer Preference
RET00881,ORD006410,SKU00103,SEL0012,WH-KOL,Better Price Found,2026-04-22,5378.88,110,Customer Preference
RET00882,ORD002210,SKU00236,SEL0149,WH-BLR,Damaged Product,2026-06-28,2446.56,70,Seller Fault
RET00883,ORD003528,SKU00258,SEL0018,WH-KOL,Product Defective,2026-04-05,8713.72,18,Seller Fault
RET00884,ORD010546,SKU00448,SEL0098,WH-MUM,Size Issue,2026-07-11,15872.9,98,Customer Preference
RET00885,ORD008955,SKU00259,SEL0033,WH-BLR,Wrong Item Delivered,2026-04-08,1881.53,119,Seller Fault
RET00886,ORD009253,SKU00241,SEL0002,WH-MUM,Quality Not as Expected,2026-06-09,6275.34,98,Customer Preference
RET00887,ORD004301,SKU00025,SEL0091,WH-KOL,Size Issue,2026-05-10,21009.03,73,Customer Preference
RET00888,ORD004600,SKU00241,SEL0002,WH-MUM,Size Issue,2026-04-05,3137.67,93,Customer Preference
RET00889,ORD002479,SKU00481,SEL0027,WH-MUM,Better Price Found,2026-06-05,1508.73,42,Customer Preference
RET00890,ORD006191,SKU00073,SEL0085,WH-DEL,Damaged Product,2026-07-27,998.23,32,Seller Fault
RET00891,ORD003393,SKU00290,SEL0028,WH-DEL,Wrong Item Delivered,2026-07-10,11980.89,5,Seller Fault
RET00892,ORD005820,SKU00263,SEL0026,WH-KOL,Product Defective,2026-07-08,4997.86,119,Seller Fault
RET00893,ORD005996,SKU00404,SEL0106,WH-DEL,Damaged Product,2026-07-07,863.1,76,Seller Fault
RET00894,ORD007084,SKU00071,SEL0107,WH-BLR,Quality Not as Expected,2026-02-20,243.18,80,Customer Preference
RET00895,ORD002998,SKU00403,SEL0024,WH-MUM,Quality Not as Expected,2026-06-26,13720.58,114,Customer Preference
RET00896,ORD000347,SKU00316,SEL0006,WH-MUM,Damaged Product,2026-03-10,8645.1,35,Seller Fault
RET00897,ORD001868,SKU00121,SEL0056,WH-MUM,Changed Mind,2026-07-25,9033.3,94,Customer Preference
RET00898,ORD009229,SKU00004,SEL0010,WH-DEL,Better Price Found,2026-07-15,716.52,73,Customer Preference
RET00899,ORD001995,SKU00500,SEL0029,WH-MUM,Size Issue,2026-06-28,13477.98,33,Customer Preference
RET00900,ORD003514,SKU00284,SEL0132,WH-DEL,Quality Not as Expected,2026-04-10,2396.66,81,Customer Preference
RET00901,ORD005453,SKU00388,SEL0099,WH-KOL,Product Defective,2026-06-04,7985.79,92,Seller Fault
RET00902,ORD011442,SKU00049,SEL0038,WH-BLR,Wrong Item Delivered,2026-03-27,467.42,14,Seller Fault
RET00903,ORD006241,SKU00374,SEL0091,WH-KOL,Size Issue,2026-04-01,7545.62,87,Customer Preference
RET00904,ORD006663,SKU00163,SEL0097,WH-MUM,Size Issue,2026-02-26,7188.57,101,Customer Preference
RET00905,ORD002584,SKU00133,SEL0139,WH-DEL,Wrong Item Delivered,2026-04-30,2737.88,4,Seller Fault
RET00906,ORD002730,SKU00379,SEL0101,WH-MUM,Changed Mind,2026-04-13,11891.3,97,Customer Preference
RET00907,ORD010278,SKU00044,SEL0052,WH-DEL,Late Delivery,2026-04-09,37484.85,23,Logistics Fault
RET00908,ORD008654,SKU00434,SEL0014,WH-BLR,Quality Not as Expected,2026-05-25,4728.95,7,Customer Preference
RET00909,ORD005365,SKU00309,SEL0006,WH-MUM,Quality Not as Expected,2026-04-17,4073.55,88,Customer Preference
RET00910,ORD005229,SKU00411,SEL0109,WH-MUM,Size Issue,2026-05-16,25518.42,118,Customer Preference
RET00911,ORD000277,SKU00316,SEL0006,WH-MUM,Size Issue,2026-05-07,2881.7,105,Customer Preference
RET00912,ORD000561,SKU00052,SEL0132,WH-DEL,Changed Mind,2026-06-30,1787.46,74,Customer Preference
RET00913,ORD008007,SKU00181,SEL0056,WH-MUM,Changed Mind,2026-02-19,1597.82,57,Customer Preference
RET00914,ORD004627,SKU00326,SEL0025,WH-MUM,Late Delivery,2026-06-06,6041.76,80,Logistics Fault
RET00915,ORD009952,SKU00215,SEL0069,WH-DEL,Changed Mind,2026-02-27,27372.54,96,Customer Preference
RET00916,ORD003123,SKU00120,SEL0037,WH-KOL,Quality Not as Expected,2026-07-14,4863.29,5,Customer Preference
RET00917,ORD003057,SKU00399,SEL0129,WH-DEL,Better Price Found,2026-03-01,7914.53,73,Customer Preference
RET00918,ORD006552,SKU00397,SEL0113,WH-BLR,Size Issue,2026-06-19,4672.12,23,Customer Preference
RET00919,ORD002894,SKU00393,SEL0136,WH-DEL,Wrong Item Delivered,2026-03-14,12879.11,32,Seller Fault
RET00920,ORD008813,SKU00318,SEL0085,WH-DEL,Wrong Item Delivered,2026-02-28,10937.48,93,Seller Fault
RET00921,ORD010464,SKU00467,SEL0031,WH-KOL,Quality Not as Expected,2026-05-24,1074.38,34,Customer Preference
RET00922,ORD006555,SKU00228,SEL0071,WH-BLR,Quality Not as Expected,2026-02-16,13683.46,117,Customer Preference
RET00923,ORD001004,SKU00421,SEL0031,WH-KOL,Damaged Product,2026-02-13,618.46,37,Seller Fault
RET00924,ORD004261,SKU00111,SEL0035,WH-MUM,Late Delivery,2026-04-08,555.6,117,Logistics Fault
RET00925,ORD001619,SKU00428,SEL0087,WH-DEL,Wrong Item Delivered,2026-06-01,242.6,102,Seller Fault
RET00926,ORD008899,SKU00122,SEL0150,WH-BLR,Damaged Product,2026-07-17,16658.39,26,Seller Fault
RET00927,ORD010795,SKU00044,SEL0052,WH-DEL,Quality Not as Expected,2026-05-17,12494.95,37,Customer Preference
RET00928,ORD003093,SKU00006,SEL0118,WH-KOL,Late Delivery,2026-02-28,890.85,118,Logistics Fault
RET00929,ORD000930,SKU00160,SEL0078,WH-KOL,Damaged Product,2026-03-12,15184.09,99,Seller Fault
RET00930,ORD004933,SKU00136,SEL0060,WH-BLR,Size Issue,2026-04-19,2890.19,52,Customer Preference
RET00931,ORD008340,SKU00250,SEL0091,WH-KOL,Changed Mind,2026-05-23,9256.34,60,Customer Preference
RET00932,ORD006882,SKU00328,SEL0037,WH-KOL,Quality Not as Expected,2026-04-08,3257.74,55,Customer Preference
RET00933,ORD008167,SKU00254,SEL0123,WH-MUM,Better Price Found,2026-05-20,14036.59,64,Customer Preference
RET00934,ORD010942,SKU00154,SEL0037,WH-KOL,Better Price Found,2026-03-21,5858.23,58,Customer Preference
RET00935,ORD007613,SKU00405,SEL0082,WH-MUM,Damaged Product,2026-02-20,1563.04,65,Seller Fault
RET00936,ORD002711,SKU00478,SEL0083,WH-KOL,Damaged Product,2026-06-06,6371.74,103,Seller Fault
RET00937,ORD005962,SKU00086,SEL0008,WH-BLR,Wrong Item Delivered,2026-06-11,3167.8,18,Seller Fault
RET00938,ORD003031,SKU00486,SEL0138,WH-MUM,Quality Not as Expected,2026-06-11,2551.6,54,Customer Preference
RET00939,ORD002871,SKU00031,SEL0082,WH-MUM,Wrong Item Delivered,2026-08-12,819.42,5,Seller Fault
RET00940,ORD007020,SKU00075,SEL0088,WH-MUM,Size Issue,2026-04-13,2137.28,23,Customer Preference
RET00941,ORD003809,SKU00256,SEL0123,WH-MUM,Late Delivery,2026-03-15,705.1,94,Logistics Fault
RET00942,ORD005412,SKU00309,SEL0006,WH-MUM,Wrong Item Delivered,2026-05-16,1357.85,31,Seller Fault
RET00943,ORD007288,SKU00466,SEL0065,WH-DEL,Changed Mind,2026-02-18,27828.78,89,Customer Preference
RET00944,ORD009394,SKU00441,SEL0024,WH-MUM,Product Defective,2026-04-07,22682.34,23,Seller Fault
RET00945,ORD001709,SKU00277,SEL0133,WH-MUM,Damaged Product,2026-03-18,13912.58,117,Seller Fault
RET00946,ORD008840,SKU00203,SEL0050,WH-KOL,Product Defective,2026-07-03,472.11,61,Seller Fault
RET00947,ORD007831,SKU00008,SEL0008,WH-BLR,Wrong Item Delivered,2026-05-30,7967.64,59,Seller Fault
RET00948,ORD004858,SKU00035,SEL0038,WH-BLR,Product Defective,2026-04-24,1400.2,77,Seller Fault
RET00949,ORD002562,SKU00328,SEL0037,WH-KOL,Quality Not as Expected,2026-04-18,3257.74,24,Customer Preference
RET00950,ORD004832,SKU00158,SEL0112,WH-MUM,Late Delivery,2026-05-26,41745.27,29,Logistics Fault
RET00951,ORD004042,SKU00490,SEL0076,WH-KOL,Size Issue,2026-03-29,2696.0,54,Customer Preference
RET00952,ORD010948,SKU00202,SEL0042,WH-BLR,Quality Not as Expected,2026-08-05,8434.92,11,Customer Preference
RET00953,ORD004216,SKU00070,SEL0034,WH-MUM,Late Delivery,2026-06-13,2245.36,6,Logistics Fault
RET00954,ORD009943,SKU00312,SEL0022,WH-MUM,Size Issue,2026-03-01,2227.08,105,Customer Preference
RET00955,ORD010336,SKU00051,SEL0094,WH-BLR,Size Issue,2026-03-28,6493.7,36,Customer Preference
RET00956,ORD000592,SKU00189,SEL0090,WH-MUM,Wrong Item Delivered,2026-02-28,1712.49,70,Seller Fault
RET00957,ORD009170,SKU00181,SEL0056,WH-MUM,Size Issue,2026-03-06,2396.73,24,Customer Preference
RET00958,ORD009792,SKU00138,SEL0114,WH-MUM,Product Defective,2026-05-29,29520.78,83,Seller Fault
RET00959,ORD002161,SKU00144,SEL0046,WH-BLR,Better Price Found,2026-08-01,1245.43,5,Customer Preference
RET00960,ORD010893,SKU00407,SEL0120,WH-KOL,Damaged Product,2026-05-05,31796.56,92,Seller Fault
RET00961,ORD001345,SKU00156,SEL0084,WH-MUM,Wrong Item Delivered,2026-08-06,10522.32,78,Seller Fault
RET00962,ORD005670,SKU00255,SEL0061,WH-MUM,Changed Mind,2026-07-05,17156.89,52,Customer Preference
RET00963,ORD007515,SKU00157,SEL0103,WH-KOL,Quality Not as Expected,2026-05-04,3054.38,102,Customer Preference
RET00964,ORD001033,SKU00091,SEL0085,WH-DEL,Better Price Found,2026-06-26,19630.3,102,Customer Preference
RET00965,ORD008937,SKU00134,SEL0028,WH-DEL,Wrong Item Delivered,2026-05-06,5324.04,72,Seller Fault
RET00966,ORD008716,SKU00181,SEL0056,WH-MUM,Damaged Product,2026-02-15,2396.73,77,Seller Fault
RET00967,ORD003508,SKU00200,SEL0108,WH-DEL,Damaged Product,2026-07-15,1084.77,74,Seller Fault
RET00968,ORD002091,SKU00280,SEL0135,WH-KOL,Quality Not as Expected,2026-07-17,9429.22,41,Customer Preference
RET00969,ORD007461,SKU00190,SEL0142,WH-KOL,Size Issue,2026-03-24,2275.49,84,Customer Preference
RET00970,ORD009261,SKU00341,SEL0145,WH-BLR,Size Issue,2026-03-09,197.51,47,Customer Preference
RET00971,ORD000300,SKU00255,SEL0061,WH-MUM,Changed Mind,2026-06-24,51470.67,105,Customer Preference
RET00972,ORD004679,SKU00178,SEL0115,WH-DEL,Changed Mind,2026-04-17,17261.98,46,Customer Preference
RET00973,ORD000438,SKU00091,SEL0085,WH-DEL,Size Issue,2026-02-13,19630.3,87,Customer Preference
RET00974,ORD008309,SKU00213,SEL0077,WH-KOL,Quality Not as Expected,2026-07-06,4029.38,17,Customer Preference
RET00975,ORD001239,SKU00470,SEL0015,WH-MUM,Size Issue,2026-05-03,1086.09,46,Customer Preference
RET00976,ORD001377,SKU00111,SEL0035,WH-MUM,Quality Not as Expected,2026-05-28,277.8,66,Customer Preference
RET00977,ORD006629,SKU00082,SEL0054,WH-BLR,Damaged Product,2026-05-04,7495.59,99,Seller Fault
RET00978,ORD007642,SKU00477,SEL0039,WH-MUM,Quality Not as Expected,2026-07-18,919.78,105,Customer Preference
RET00979,ORD010809,SKU00317,SEL0089,WH-MUM,Wrong Item Delivered,2026-07-01,18639.08,68,Seller Fault
RET00980,ORD005179,SKU00154,SEL0037,WH-KOL,Size Issue,2026-04-01,17574.69,5,Customer Preference
RET00981,ORD008858,SKU00201,SEL0092,WH-MUM,Changed Mind,2026-03-22,42403.59,105,Customer Preference
RET00982,ORD001331,SKU00407,SEL0120,WH-KOL,Changed Mind,2026-03-21,47694.84,75,Customer Preference
RET00983,ORD010095,SKU00277,SEL0133,WH-MUM,Changed Mind,2026-06-08,27825.16,83,Customer Preference
RET00984,ORD004681,SKU00230,SEL0027,WH-MUM,Product Defective,2026-07-18,3958.9,65,Seller Fault
RET00985,ORD004245,SKU00324,SEL0076,WH-KOL,Better Price Found,2026-06-28,2427.72,64,Customer Preference
RET00986,ORD009245,SKU00177,SEL0139,WH-DEL,Quality Not as Expected,2026-07-16,8085.81,65,Customer Preference
RET00987,ORD002219,SKU00097,SEL0007,WH-BLR,Product Defective,2026-05-10,1228.45,78,Seller Fault
RET00988,ORD000274,SKU00159,SEL0093,WH-MUM,Late Delivery,2026-03-22,1741.73,97,Logistics Fault
RET00989,ORD006110,SKU00117,SEL0027,WH-MUM,Quality Not as Expected,2026-04-11,1486.48,86,Customer Preference
RET00990,ORD009649,SKU00290,SEL0028,WH-DEL,Size Issue,2026-03-05,23961.78,98,Customer Preference
RET00991,ORD002747,SKU00038,SEL0018,WH-KOL,Damaged Product,2026-06-29,5570.3,20,Seller Fault
RET00992,ORD007486,SKU00246,SEL0095,WH-KOL,Quality Not as Expected,2026-02-13,6126.04,57,Customer Preference
RET00993,ORD010756,SKU00237,SEL0103,WH-KOL,Product Defective,2026-04-23,1414.25,89,Seller Fault
RET00994,ORD000825,SKU00496,SEL0099,WH-KOL,Quality Not as Expected,2026-07-25,10541.07,45,Customer Preference
RET00995,ORD002452,SKU00336,SEL0033,WH-BLR,Product Defective,2026-07-11,4085.84,50,Seller Fault
RET00996,ORD005169,SKU00347,SEL0115,WH-DEL,Quality Not as Expected,2026-02-22,2271.22,35,Customer Preference
RET00997,ORD005973,SKU00004,SEL0010,WH-DEL,Better Price Found,2026-04-29,716.52,93,Customer Preference
RET00998,ORD009734,SKU00163,SEL0097,WH-MUM,Damaged Product,2026-04-29,2396.19,11,Seller Fault
RET00999,ORD010000,SKU00415,SEL0050,WH-KOL,Late Delivery,2026-07-12,15194.76,89,Logistics Fault
RET01000,ORD003105,SKU00341,SEL0145,WH-BLR,Wrong Item Delivered,2026-04-02,197.51,54,Seller Fault
RET01001,ORD001677,SKU00401,SEL0146,WH-BLR,Product Defective,2026-07-19,5414.0,5,Seller Fault
RET01002,ORD004766,SKU00297,SEL0104,WH-BLR,Size Issue,2026-06-23,4306.82,26,Customer Preference
RET01003,ORD007566,SKU00310,SEL0042,WH-BLR,Size Issue,2026-04-10,22040.76,68,Customer Preference
RET01004,ORD008163,SKU00086,SEL0008,WH-BLR,Size Issue,2026-05-09,1583.9,71,Customer Preference
RET01005,ORD007019,SKU00280,SEL0135,WH-KOL,Quality Not as Expected,2026-07-21,18858.44,46,Customer Preference
RET01006,ORD001835,SKU00131,SEL0014,WH-BLR,Wrong Item Delivered,2026-04-06,23670.36,107,Seller Fault
RET01007,ORD007565,SKU00136,SEL0060,WH-BLR,Product Defective,2026-07-13,2890.19,8,Seller Fault
RET01008,ORD011218,SKU00232,SEL0088,WH-MUM,Damaged Product,2026-07-17,5032.68,78,Seller Fault
RET01009,ORD005541,SKU00084,SEL0052,WH-DEL,Damaged Product,2026-05-09,1479.61,33,Seller Fault
RET01010,ORD000328,SKU00382,SEL0044,WH-BLR,Wrong Item Delivered,2026-04-30,9705.36,104,Seller Fault
RET01011,ORD000286,SKU00177,SEL0139,WH-DEL,Late Delivery,2026-03-11,2695.27,116,Logistics Fault
RET01012,ORD010256,SKU00384,SEL0112,WH-MUM,Wrong Item Delivered,2026-06-21,3495.81,15,Seller Fault
RET01013,ORD009091,SKU00499,SEL0016,WH-BLR,Wrong Item Delivered,2026-04-06,2425.5,67,Seller Fault
RET01014,ORD008378,SKU00358,SEL0119,WH-MUM,Damaged Product,2026-05-28,1215.32,86,Seller Fault
RET01015,ORD011117,SKU00472,SEL0040,WH-MUM,Damaged Product,2026-03-14,26106.56,80,Seller Fault
RET01016,ORD004437,SKU00282,SEL0121,WH-MUM,Quality Not as Expected,2026-06-17,2696.79,56,Customer Preference
RET01017,ORD008679,SKU00405,SEL0082,WH-MUM,Quality Not as Expected,2026-06-15,781.52,10,Customer Preference
RET01018,ORD000540,SKU00450,SEL0121,WH-MUM,Wrong Item Delivered,2026-06-22,10084.65,37,Seller Fault
RET01019,ORD002664,SKU00433,SEL0109,WH-MUM,Damaged Product,2026-07-03,19942.83,104,Seller Fault
RET01020,ORD001267,SKU00387,SEL0035,WH-MUM,Product Defective,2026-07-14,2325.27,116,Seller Fault
RET01021,ORD006055,SKU00298,SEL0111,WH-BLR,Damaged Product,2026-06-24,5993.76,22,Seller Fault
RET01022,ORD005270,SKU00403,SEL0024,WH-MUM,Damaged Product,2026-08-08,13720.58,10,Seller Fault
RET01023,ORD006964,SKU00186,SEL0023,WH-BLR,Damaged Product,2026-02-18,424.78,29,Seller Fault
RET01024,ORD009401,SKU00392,SEL0104,WH-BLR,Wrong Item Delivered,2026-03-08,61.12,31,Seller Fault
RET01025,ORD000007,SKU00061,SEL0110,WH-DEL,Changed Mind,2026-05-06,15779.22,38,Customer Preference
RET01026,ORD010249,SKU00018,SEL0060,WH-BLR,Changed Mind,2026-04-08,12268.36,54,Customer Preference
RET01027,ORD011096,SKU00027,SEL0133,WH-MUM,Quality Not as Expected,2026-06-29,3070.28,92,Customer Preference
RET01028,ORD002938,SKU00143,SEL0062,WH-MUM,Better Price Found,2026-07-04,3366.78,98,Customer Preference
RET01029,ORD007765,SKU00309,SEL0006,WH-MUM,Product Defective,2026-06-11,4073.55,66,Seller Fault
RET01030,ORD003956,SKU00381,SEL0025,WH-MUM,Late Delivery,2026-04-10,2516.06,34,Logistics Fault
RET01031,ORD010080,SKU00415,SEL0050,WH-KOL,Damaged Product,2026-02-28,45584.28,24,Seller Fault
RET01032,ORD001539,SKU00390,SEL0050,WH-KOL,Size Issue,2026-06-18,466.5,39,Customer Preference
RET01033,ORD009048,SKU00488,SEL0134,WH-DEL,Wrong Item Delivered,2026-02-23,3036.2,99,Seller Fault
RET01034,ORD001600,SKU00086,SEL0008,WH-BLR,Quality Not as Expected,2026-03-27,4751.7,82,Customer Preference
RET01035,ORD004249,SKU00433,SEL0109,WH-MUM,Wrong Item Delivered,2026-07-07,19942.83,71,Seller Fault
RET01036,ORD006319,SKU00309,SEL0006,WH-MUM,Size Issue,2026-05-23,2715.7,20,Customer Preference
RET01037,ORD007338,SKU00029,SEL0045,WH-MUM,Wrong Item Delivered,2026-07-22,16382.54,7,Seller Fault
RET01038,ORD001840,SKU00153,SEL0068,WH-BLR,Quality Not as Expected,2026-03-03,1466.43,117,Customer Preference
RET01039,ORD010237,SKU00077,SEL0040,WH-MUM,Quality Not as Expected,2026-03-18,3918.19,23,Customer Preference
RET01040,ORD002500,SKU00492,SEL0038,WH-BLR,Changed Mind,2026-04-30,1531.21,72,Customer Preference
RET01041,ORD003332,SKU00117,SEL0027,WH-MUM,Wrong Item Delivered,2026-03-28,2972.96,103,Seller Fault
RET01042,ORD010847,SKU00001,SEL0136,WH-DEL,Product Defective,2026-03-02,9627.27,95,Seller Fault
RET01043,ORD007671,SKU00275,SEL0075,WH-BLR,Product Defective,2026-03-18,10509.84,108,Seller Fault
RET01044,ORD005147,SKU00238,SEL0046,WH-BLR,Size Issue,2026-03-21,1149.75,88,Customer Preference
RET01045,ORD002923,SKU00481,SEL0027,WH-MUM,Changed Mind,2026-02-20,3017.46,71,Customer Preference
RET01046,ORD004425,SKU00173,SEL0109,WH-MUM,Better Price Found,2026-03-30,15701.54,96,Customer Preference
RET01047,ORD009648,SKU00423,SEL0020,WH-BLR,Size Issue,2026-02-24,27330.12,110,Customer Preference
RET01048,ORD005312,SKU00003,SEL0010,WH-DEL,Quality Not as Expected,2026-05-31,3392.92,30,Customer Preference
RET01049,ORD008797,SKU00251,SEL0089,WH-MUM,Damaged Product,2026-04-10,13441.54,31,Seller Fault
RET01050,ORD001003,SKU00133,SEL0139,WH-DEL,Product Defective,2026-06-14,5475.76,60,Seller Fault
RET01051,ORD002890,SKU00316,SEL0006,WH-MUM,Changed Mind,2026-05-25,8645.1,80,Customer Preference
RET01052,ORD004974,SKU00494,SEL0096,WH-MUM,Product Defective,2026-02-13,1243.92,34,Seller Fault
RET01053,ORD006397,SKU00140,SEL0076,WH-KOL,Wrong Item Delivered,2026-07-03,1961.79,110,Seller Fault
RET01054,ORD000149,SKU00391,SEL0055,WH-MUM,Damaged Product,2026-07-16,3820.2,25,Seller Fault
RET01055,ORD002308,SKU00193,SEL0072,WH-KOL,Product Defective,2026-03-25,556.82,109,Seller Fault
RET01056,ORD000080,SKU00202,SEL0042,WH-BLR,Wrong Item Delivered,2026-05-16,4217.46,116,Seller Fault
RET01057,ORD002429,SKU00218,SEL0015,WH-MUM,Better Price Found,2026-03-18,8727.84,91,Customer Preference
RET01058,ORD009326,SKU00145,SEL0034,WH-MUM,Quality Not as Expected,2026-06-05,1964.29,45,Customer Preference
RET01059,ORD005597,SKU00379,SEL0101,WH-MUM,Damaged Product,2026-03-30,11891.3,60,Seller Fault
RET01060,ORD009551,SKU00135,SEL0042,WH-BLR,Better Price Found,2026-08-10,2660.71,81,Customer Preference
RET01061,ORD008946,SKU00306,SEL0116,WH-KOL,Damaged Product,2026-02-26,6199.51,74,Seller Fault
RET01062,ORD002660,SKU00257,SEL0008,WH-BLR,Size Issue,2026-04-28,9779.07,12,Customer Preference
RET01063,ORD007213,SKU00100,SEL0145,WH-BLR,Product Defective,2026-04-15,9581.67,15,Seller Fault
RET01064,ORD001357,SKU00018,SEL0060,WH-BLR,Quality Not as Expected,2026-08-13,12268.36,24,Customer Preference
RET01065,ORD009791,SKU00212,SEL0018,WH-KOL,Product Defective,2026-06-06,20411.48,45,Seller Fault
RET01066,ORD008209,SKU00253,SEL0029,WH-MUM,Product Defective,2026-02-27,31221.6,70,Seller Fault
RET01067,ORD006796,SKU00260,SEL0138,WH-MUM,Better Price Found,2026-07-08,2984.69,60,Customer Preference
RET01068,ORD006561,SKU00473,SEL0068,WH-BLR,Quality Not as Expected,2026-06-19,6812.88,38,Customer Preference
RET01069,ORD002313,SKU00231,SEL0013,WH-MUM,Quality Not as Expected,2026-05-06,14721.21,30,Customer Preference
RET01070,ORD009198,SKU00392,SEL0104,WH-BLR,Size Issue,2026-02-26,61.12,108,Customer Preference
RET01071,ORD000498,SKU00118,SEL0083,WH-KOL,Damaged Product,2026-04-26,907.35,34,Seller Fault
RET01072,ORD006881,SKU00429,SEL0111,WH-BLR,Product Defective,2026-03-02,6092.32,22,Seller Fault
RET01073,ORD008086,SKU00200,SEL0108,WH-DEL,Better Price Found,2026-07-05,2169.54,63,Customer Preference
RET01074,ORD000350,SKU00387,SEL0035,WH-MUM,Quality Not as Expected,2026-07-23,4650.54,62,Customer Preference
RET01075,ORD004329,SKU00426,SEL0093,WH-MUM,Changed Mind,2026-06-27,412.78,83,Customer Preference
RET01076,ORD001392,SKU00227,SEL0006,WH-MUM,Quality Not as Expected,2026-08-02,358.98,50,Customer Preference
RET01077,ORD002738,SKU00408,SEL0136,WH-DEL,Changed Mind,2026-02-18,35408.78,87,Customer Preference
RET01078,ORD004928,SKU00298,SEL0111,WH-BLR,Damaged Product,2026-07-06,2996.88,66,Seller Fault
RET01079,ORD007970,SKU00207,SEL0129,WH-DEL,Damaged Product,2026-04-14,4502.28,90,Seller Fault
RET01080,ORD006433,SKU00185,SEL0067,WH-BLR,Damaged Product,2026-05-03,18843.7,84,Seller Fault
RET01081,ORD005099,SKU00374,SEL0091,WH-KOL,Damaged Product,2026-04-21,15091.24,62,Seller Fault
RET01082,ORD004472,SKU00308,SEL0048,WH-MUM,Wrong Item Delivered,2026-03-07,3857.34,40,Seller Fault
RET01083,ORD007134,SKU00497,SEL0122,WH-KOL,Changed Mind,2026-06-19,1980.22,49,Customer Preference
RET01084,ORD002864,SKU00500,SEL0029,WH-MUM,Product Defective,2026-04-01,20216.97,95,Seller Fault
RET01085,ORD008279,SKU00454,SEL0147,WH-BLR,Wrong Item Delivered,2026-07-12,3781.37,78,Seller Fault
RET01086,ORD005751,SKU00057,SEL0117,WH-MUM,Damaged Product,2026-06-08,1608.41,117,Seller Fault
RET01087,ORD001809,SKU00166,SEL0080,WH-BLR,Better Price Found,2026-04-11,1068.69,100,Customer Preference
RET01088,ORD008456,SKU00116,SEL0024,WH-MUM,Wrong Item Delivered,2026-03-25,14795.64,43,Seller Fault
RET01089,ORD007777,SKU00154,SEL0037,WH-KOL,Product Defective,2026-06-28,5858.23,71,Seller Fault
RET01090,ORD004713,SKU00432,SEL0141,WH-MUM,Better Price Found,2026-03-14,2052.65,16,Customer Preference
RET01091,ORD003053,SKU00030,SEL0011,WH-BLR,Late Delivery,2026-07-22,2226.72,58,Logistics Fault
RET01092,ORD005038,SKU00002,SEL0077,WH-KOL,Damaged Product,2026-06-26,436.0,12,Seller Fault
RET01093,ORD001858,SKU00142,SEL0138,WH-MUM,Product Defective,2026-02-16,1311.47,30,Seller Fault
RET01094,ORD002267,SKU00242,SEL0090,WH-MUM,Changed Mind,2026-02-27,5880.82,76,Customer Preference
RET01095,ORD004090,SKU00320,SEL0049,WH-BLR,Size Issue,2026-03-22,53244.09,74,Customer Preference
RET01096,ORD008036,SKU00138,SEL0114,WH-MUM,Quality Not as Expected,2026-06-09,14760.39,19,Customer Preference
RET01097,ORD006155,SKU00053,SEL0074,WH-DEL,Product Defective,2026-03-03,1094.3,38,Seller Fault
RET01098,ORD001632,SKU00418,SEL0090,WH-MUM,Changed Mind,2026-03-31,3517.2,117,Customer Preference
RET01099,ORD009200,SKU00196,SEL0046,WH-BLR,Late Delivery,2026-04-22,2504.96,34,Logistics Fault
RET01100,ORD002774,SKU00328,SEL0037,WH-KOL,Product Defective,2026-03-19,3257.74,59,Seller Fault
RET01101,ORD001205,SKU00281,SEL0071,WH-BLR,Wrong Item Delivered,2026-05-18,8245.26,99,Seller Fault
RET01102,ORD000233,SKU00398,SEL0129,WH-DEL,Late Delivery,2026-05-19,4914.16,39,Logistics Fault
RET01103,ORD009092,SKU00111,SEL0035,WH-MUM,Late Delivery,2026-05-14,555.6,118,Logistics Fault
RET01104,ORD003094,SKU00073,SEL0085,WH-DEL,Product Defective,2026-07-29,998.23,35,Seller Fault
RET01105,ORD001018,SKU00303,SEL0033,WH-BLR,Size Issue,2026-06-23,4634.72,41,Customer Preference
RET01106,ORD008743,SKU00272,SEL0133,WH-MUM,Product Defective,2026-04-10,8918.86,100,Seller Fault
RET01107,ORD009927,SKU00103,SEL0012,WH-KOL,Damaged Product,2026-03-23,1792.96,91,Seller Fault
RET01108,ORD004258,SKU00482,SEL0056,WH-MUM,Late Delivery,2026-05-29,4736.3,95,Logistics Fault
RET01109,ORD006432,SKU00319,SEL0002,WH-MUM,Damaged Product,2026-08-01,902.55,18,Seller Fault
RET01110,ORD000126,SKU00217,SEL0038,WH-BLR,Damaged Product,2026-03-10,250.45,116,Seller Fault
RET01111,ORD007437,SKU00486,SEL0138,WH-MUM,Product Defective,2026-03-19,3827.4,20,Seller Fault
RET01112,ORD005759,SKU00483,SEL0093,WH-MUM,Size Issue,2026-05-14,1162.98,91,Customer Preference
RET01113,ORD003399,SKU00109,SEL0026,WH-KOL,Changed Mind,2026-06-02,2779.81,89,Customer Preference
RET01114,ORD007622,SKU00258,SEL0018,WH-KOL,Changed Mind,2026-05-24,13070.58,16,Customer Preference
RET01115,ORD010163,SKU00391,SEL0055,WH-MUM,Changed Mind,2026-05-19,1273.4,22,Customer Preference
RET01116,ORD000488,SKU00300,SEL0050,WH-KOL,Quality Not as Expected,2026-07-04,2781.03,65,Customer Preference
RET01117,ORD005505,SKU00008,SEL0008,WH-BLR,Late Delivery,2026-03-12,5311.76,117,Logistics Fault
RET01118,ORD003373,SKU00303,SEL0033,WH-BLR,Size Issue,2026-07-27,2317.36,17,Customer Preference
RET01119,ORD002344,SKU00275,SEL0075,WH-BLR,Late Delivery,2026-02-09,21019.68,42,Logistics Fault
RET01120,ORD007150,SKU00423,SEL0020,WH-BLR,Size Issue,2026-07-03,9110.04,45,Customer Preference
RET01121,ORD003029,SKU00258,SEL0018,WH-KOL,Damaged Product,2026-04-13,4356.86,113,Seller Fault
RET01122,ORD000777,SKU00342,SEL0143,WH-BLR,Wrong Item Delivered,2026-04-22,3582.42,116,Seller Fault
RET01123,ORD004727,SKU00051,SEL0094,WH-BLR,Size Issue,2026-06-26,6493.7,85,Customer Preference
RET01124,ORD011069,SKU00497,SEL0122,WH-KOL,Size Issue,2026-04-23,3960.44,59,Customer Preference
RET01125,ORD003330,SKU00395,SEL0068,WH-BLR,Late Delivery,2026-07-15,1473.23,47,Logistics Fault
RET01126,ORD005018,SKU00100,SEL0145,WH-BLR,Size Issue,2026-05-03,3193.89,27,Customer Preference
RET01127,ORD010109,SKU00336,SEL0033,WH-BLR,Late Delivery,2026-05-09,2042.92,97,Logistics Fault
RET01128,ORD001602,SKU00468,SEL0088,WH-MUM,Damaged Product,2026-06-14,1136.91,76,Seller Fault
RET01129,ORD006921,SKU00435,SEL0077,WH-KOL,Wrong Item Delivered,2026-05-19,5139.22,33,Seller Fault
RET01130,ORD007377,SKU00002,SEL0077,WH-KOL,Better Price Found,2026-02-28,436.0,76,Customer Preference
RET01131,ORD007896,SKU00217,SEL0038,WH-BLR,Size Issue,2026-07-06,250.45,95,Customer Preference
RET01132,ORD002196,SKU00412,SEL0121,WH-MUM,Quality Not as Expected,2026-07-07,23037.82,33,Customer Preference
RET01133,ORD001736,SKU00381,SEL0025,WH-MUM,Quality Not as Expected,2026-07-22,1258.03,39,Customer Preference
RET01134,ORD011482,SKU00436,SEL0140,WH-BLR,Product Defective,2026-02-26,15382.55,87,Seller Fault
RET01135,ORD004076,SKU00476,SEL0057,WH-MUM,Late Delivery,2026-04-05,3376.78,10,Logistics Fault
RET01136,ORD004495,SKU00115,SEL0030,WH-BLR,Damaged Product,2026-04-07,27908.04,35,Seller Fault
RET01137,ORD005149,SKU00037,SEL0073,WH-MUM,Product Defective,2026-02-15,2840.74,63,Seller Fault
RET01138,ORD000142,SKU00440,SEL0145,WH-BLR,Size Issue,2026-02-19,2650.32,69,Customer Preference
RET01139,ORD000215,SKU00019,SEL0078,WH-KOL,Product Defective,2026-05-19,13244.02,98,Seller Fault
RET01140,ORD009609,SKU00476,SEL0057,WH-MUM,Product Defective,2026-03-12,3376.78,95,Seller Fault
RET01141,ORD009446,SKU00330,SEL0143,WH-BLR,Damaged Product,2026-05-22,1066.13,12,Seller Fault
RET01142,ORD006420,SKU00429,SEL0111,WH-BLR,Quality Not as Expected,2026-08-15,3046.16,18,Customer Preference
RET01143,ORD003472,SKU00236,SEL0149,WH-BLR,Product Defective,2026-02-12,4893.12,100,Seller Fault
RET01144,ORD008391,SKU00420,SEL0053,WH-BLR,Late Delivery,2026-05-19,1006.98,74,Logistics Fault
RET01145,ORD005252,SKU00229,SEL0135,WH-KOL,Changed Mind,2026-06-18,1347.74,26,Customer Preference
RET01146,ORD000434,SKU00448,SEL0098,WH-MUM,Better Price Found,2026-03-13,31745.8,93,Customer Preference
RET01147,ORD002088,SKU00342,SEL0143,WH-BLR,Damaged Product,2026-02-24,7164.84,104,Seller Fault
RET01148,ORD010402,SKU00238,SEL0046,WH-BLR,Product Defective,2026-03-07,1149.75,72,Seller Fault
RET01149,ORD002087,SKU00339,SEL0041,WH-KOL,Product Defective,2026-04-23,476.06,92,Seller Fault
RET01150,ORD008071,SKU00250,SEL0091,WH-KOL,Size Issue,2026-06-28,4628.17,108,Customer Preference
RET01151,ORD010879,SKU00375,SEL0042,WH-BLR,Damaged Product,2026-08-02,11727.27,48,Seller Fault
RET01152,ORD001644,SKU00047,SEL0098,WH-MUM,Product Defective,2026-05-18,13332.56,14,Seller Fault
RET01153,ORD011232,SKU00026,SEL0025,WH-MUM,Changed Mind,2026-07-14,1392.86,57,Customer Preference
RET01154,ORD001506,SKU00349,SEL0028,WH-DEL,Wrong Item Delivered,2026-06-03,28336.29,11,Seller Fault
RET01155,ORD007125,SKU00150,SEL0022,WH-MUM,Better Price Found,2026-08-12,3539.84,67,Customer Preference
RET01156,ORD004662,SKU00136,SEL0060,WH-BLR,Size Issue,2026-05-15,2890.19,73,Customer Preference
RET01157,ORD007420,SKU00317,SEL0089,WH-MUM,Size Issue,2026-04-15,9319.54,53,Customer Preference
RET01158,ORD010973,SKU00447,SEL0066,WH-DEL,Late Delivery,2026-02-18,2515.44,18,Logistics Fault
RET01159,ORD005804,SKU00089,SEL0025,WH-MUM,Quality Not as Expected,2026-02-25,3524.88,85,Customer Preference
RET01160,ORD004519,SKU00385,SEL0126,WH-DEL,Product Defective,2026-06-17,3511.43,74,Seller Fault
RET01161,ORD000110,SKU00345,SEL0050,WH-KOL,Changed Mind,2026-07-02,6788.64,110,Customer Preference
RET01162,ORD002640,SKU00203,SEL0050,WH-KOL,Wrong Item Delivered,2026-07-25,472.11,20,Seller Fault
RET01163,ORD006428,SKU00256,SEL0123,WH-MUM,Damaged Product,2026-05-18,705.1,105,Seller Fault
RET01164,ORD009843,SKU00349,SEL0028,WH-DEL,Changed Mind,2026-04-24,9445.43,102,Customer Preference
RET01165,ORD001795,SKU00453,SEL0143,WH-BLR,Product Defective,2026-03-30,4752.39,39,Seller Fault
RET01166,ORD004633,SKU00237,SEL0103,WH-KOL,Quality Not as Expected,2026-02-23,1414.25,38,Customer Preference
RET01167,ORD007993,SKU00362,SEL0135,WH-KOL,Late Delivery,2026-07-27,28362.78,85,Logistics Fault
RET01168,ORD009994,SKU00337,SEL0067,WH-BLR,Wrong Item Delivered,2026-06-16,9979.32,62,Seller Fault
RET01169,ORD011425,SKU00346,SEL0104,WH-BLR,Quality Not as Expected,2026-07-06,3408.56,70,Customer Preference
RET01170,ORD011342,SKU00234,SEL0109,WH-MUM,Product Defective,2026-07-10,31623.28,18,Seller Fault
RET01171,ORD002310,SKU00433,SEL0109,WH-MUM,Late Delivery,2026-08-06,19942.83,115,Logistics Fault
RET01172,ORD008161,SKU00448,SEL0098,WH-MUM,Wrong Item Delivered,2026-05-11,47618.7,77,Seller Fault
RET01173,ORD002807,SKU00260,SEL0138,WH-MUM,Wrong Item Delivered,2026-03-11,2984.69,113,Seller Fault
RET01174,ORD004592,SKU00358,SEL0119,WH-MUM,Changed Mind,2026-06-12,607.66,119,Customer Preference
RET01175,ORD002751,SKU00130,SEL0001,WH-BLR,Damaged Product,2026-05-11,2901.54,60,Seller Fault
RET01176,ORD004887,SKU00031,SEL0082,WH-MUM,Damaged Product,2026-05-02,1638.84,83,Seller Fault
RET01177,ORD006326,SKU00200,SEL0108,WH-DEL,Quality Not as Expected,2026-04-09,1084.77,9,Customer Preference
RET01178,ORD009718,SKU00163,SEL0097,WH-MUM,Damaged Product,2026-08-03,2396.19,83,Seller Fault
RET01179,ORD006446,SKU00127,SEL0103,WH-KOL,Damaged Product,2026-03-12,727.21,48,Seller Fault
RET01180,ORD001137,SKU00260,SEL0138,WH-MUM,Damaged Product,2026-06-20,2984.69,45,Seller Fault
RET01181,ORD000002,SKU00324,SEL0076,WH-KOL,Wrong Item Delivered,2026-02-07,7283.16,4,Seller Fault
RET01182,ORD009276,SKU00378,SEL0006,WH-MUM,Quality Not as Expected,2026-03-12,4968.63,15,Customer Preference
RET01183,ORD006243,SKU00258,SEL0018,WH-KOL,Changed Mind,2026-08-01,8713.72,103,Customer Preference
RET01184,ORD006244,SKU00061,SEL0110,WH-DEL,Damaged Product,2026-03-07,5259.74,18,Seller Fault
RET01185,ORD001437,SKU00077,SEL0040,WH-MUM,Wrong Item Delivered,2026-03-24,3918.19,52,Seller Fault
RET01186,ORD003959,SKU00444,SEL0065,WH-DEL,Changed Mind,2026-05-10,13217.38,63,Customer Preference
RET01187,ORD006418,SKU00009,SEL0094,WH-BLR,Quality Not as Expected,2026-08-06,2044.92,56,Customer Preference
RET01188,ORD006111,SKU00448,SEL0098,WH-MUM,Damaged Product,2026-06-01,15872.9,95,Seller Fault
RET01189,ORD011077,SKU00095,SEL0143,WH-BLR,Size Issue,2026-05-08,3227.78,20,Customer Preference
RET01190,ORD004387,SKU00314,SEL0057,WH-MUM,Product Defective,2026-03-25,2847.34,71,Seller Fault
RET01191,ORD008831,SKU00246,SEL0095,WH-KOL,Damaged Product,2026-05-30,3063.02,94,Seller Fault
RET01192,ORD002273,SKU00299,SEL0116,WH-KOL,Quality Not as Expected,2026-07-09,7006.83,115,Customer Preference
RET01193,ORD001007,SKU00452,SEL0056,WH-MUM,Damaged Product,2026-06-12,1167.45,74,Seller Fault
RET01194,ORD007279,SKU00112,SEL0010,WH-DEL,Quality Not as Expected,2026-05-26,2460.01,6,Customer Preference
RET01195,ORD001993,SKU00300,SEL0050,WH-KOL,Size Issue,2026-03-09,2781.03,59,Customer Preference
RET01196,ORD001188,SKU00199,SEL0036,WH-MUM,Size Issue,2026-08-07,2479.35,45,Customer Preference
RET01197,ORD004254,SKU00312,SEL0022,WH-MUM,Changed Mind,2026-03-13,4454.16,108,Customer Preference
RET01198,ORD001258,SKU00113,SEL0095,WH-KOL,Wrong Item Delivered,2026-05-28,2430.05,84,Seller Fault
RET01199,ORD005886,SKU00248,SEL0031,WH-KOL,Better Price Found,2026-07-23,5189.94,10,Customer Preference
RET01200,ORD006891,SKU00178,SEL0115,WH-DEL,Changed Mind,2026-05-31,34523.96,13,Customer Preference
RET01201,ORD010774,SKU00257,SEL0008,WH-BLR,Size Issue,2026-07-14,3259.69,52,Customer Preference
RET01202,ORD002745,SKU00447,SEL0066,WH-DEL,Quality Not as Expected,2026-05-26,838.48,19,Customer Preference
RET01203,ORD003851,SKU00346,SEL0104,WH-BLR,Quality Not as Expected,2026-05-21,3408.56,113,Customer Preference
RET01204,ORD011229,SKU00162,SEL0005,WH-BLR,Damaged Product,2026-07-02,3019.6,27,Seller Fault
RET01205,ORD006782,SKU00126,SEL0045,WH-MUM,Damaged Product,2026-02-16,2830.35,118,Seller Fault
RET01206,ORD007714,SKU00121,SEL0056,WH-MUM,Changed Mind,2026-02-18,3011.1,114,Customer Preference
RET01207,ORD010469,SKU00062,SEL0054,WH-BLR,Size Issue,2026-05-31,45581.46,92,Customer Preference
RET01208,ORD000814,SKU00195,SEL0068,WH-BLR,Quality Not as Expected,2026-02-20,5688.6,51,Customer Preference
RET01209,ORD006937,SKU00088,SEL0001,WH-BLR,Size Issue,2026-06-09,1329.47,8,Customer Preference
RET01210,ORD001078,SKU00209,SEL0076,WH-KOL,Wrong Item Delivered,2026-02-27,936.59,28,Seller Fault
RET01211,ORD007516,SKU00138,SEL0114,WH-MUM,Damaged Product,2026-03-26,14760.39,9,Seller Fault
RET01212,ORD004509,SKU00027,SEL0133,WH-MUM,Changed Mind,2026-05-17,3070.28,91,Customer Preference
RET01213,ORD001296,SKU00295,SEL0120,WH-KOL,Product Defective,2026-05-23,986.82,73,Seller Fault
RET01214,ORD009752,SKU00051,SEL0094,WH-BLR,Wrong Item Delivered,2026-07-19,3246.85,30,Seller Fault
RET01215,ORD002791,SKU00393,SEL0136,WH-DEL,Wrong Item Delivered,2026-05-24,12879.11,20,Seller Fault
RET01216,ORD007946,SKU00241,SEL0002,WH-MUM,Better Price Found,2026-05-17,3137.67,76,Customer Preference
RET01217,ORD005431,SKU00319,SEL0002,WH-MUM,Late Delivery,2026-03-01,902.55,115,Logistics Fault
RET01218,ORD003235,SKU00443,SEL0095,WH-KOL,Size Issue,2026-05-08,2818.72,26,Customer Preference
RET01219,ORD011287,SKU00299,SEL0116,WH-KOL,Product Defective,2026-02-25,7006.83,58,Seller Fault
RET01220,ORD008508,SKU00231,SEL0013,WH-MUM,Damaged Product,2026-03-28,44163.63,72,Seller Fault
RET01221,ORD001612,SKU00181,SEL0056,WH-MUM,Wrong Item Delivered,2026-06-20,798.91,82,Seller Fault
RET01222,ORD009357,SKU00079,SEL0150,WH-BLR,Product Defective,2026-06-03,12602.88,105,Seller Fault
RET01223,ORD010623,SKU00259,SEL0033,WH-BLR,Wrong Item Delivered,2026-04-10,1881.53,107,Seller Fault
RET01224,ORD009122,SKU00164,SEL0128,WH-DEL,Damaged Product,2026-07-10,10550.4,13,Seller Fault
RET01225,ORD010293,SKU00446,SEL0141,WH-MUM,Damaged Product,2026-05-27,1738.15,86,Seller Fault
RET01226,ORD002323,SKU00372,SEL0141,WH-MUM,Size Issue,2026-06-22,1981.11,107,Customer Preference
RET01227,ORD006279,SKU00123,SEL0003,WH-DEL,Changed Mind,2026-04-03,15925.7,81,Customer Preference
RET01228,ORD009805,SKU00424,SEL0119,WH-MUM,Better Price Found,2026-06-04,1180.6,72,Customer Preference
RET01229,ORD003559,SKU00474,SEL0120,WH-KOL,Product Defective,2026-07-22,11371.28,32,Seller Fault
RET01230,ORD005546,SKU00003,SEL0010,WH-DEL,Product Defective,2026-08-04,1696.46,109,Seller Fault
RET01231,ORD006386,SKU00268,SEL0012,WH-KOL,Quality Not as Expected,2026-03-16,80.4,31,Customer Preference
RET01232,ORD005900,SKU00239,SEL0105,WH-BLR,Wrong Item Delivered,2026-07-06,1539.16,70,Seller Fault
RET01233,ORD011380,SKU00232,SEL0088,WH-MUM,Quality Not as Expected,2026-07-15,2516.34,37,Customer Preference
RET01234,ORD011205,SKU00086,SEL0008,WH-BLR,Wrong Item Delivered,2026-04-02,4751.7,89,Seller Fault
RET01235,ORD000887,SKU00010,SEL0093,WH-MUM,Changed Mind,2026-02-19,8950.56,35,Customer Preference
RET01236,ORD008104,SKU00137,SEL0128,WH-DEL,Quality Not as Expected,2026-05-31,9828.93,104,Customer Preference
RET01237,ORD004844,SKU00285,SEL0080,WH-BLR,Quality Not as Expected,2026-05-15,2997.57,4,Customer Preference
RET01238,ORD009485,SKU00212,SEL0018,WH-KOL,Changed Mind,2026-04-20,10205.74,37,Customer Preference
RET01239,ORD002865,SKU00223,SEL0077,WH-KOL,Late Delivery,2026-03-25,3123.91,81,Logistics Fault
RET01240,ORD004144,SKU00104,SEL0031,WH-KOL,Damaged Product,2026-03-03,809.67,73,Seller Fault
RET01241,ORD009418,SKU00128,SEL0102,WH-DEL,Better Price Found,2026-04-18,7350.78,87,Customer Preference
RET01242,ORD000166,SKU00418,SEL0090,WH-MUM,Wrong Item Delivered,2026-03-27,3517.2,43,Seller Fault
RET01243,ORD006340,SKU00210,SEL0063,WH-MUM,Size Issue,2026-04-18,14944.44,56,Customer Preference
RET01244,ORD005145,SKU00335,SEL0015,WH-MUM,Late Delivery,2026-08-01,8422.26,60,Logistics Fault
RET01245,ORD011304,SKU00242,SEL0090,WH-MUM,Quality Not as Expected,2026-06-04,2940.41,22,Customer Preference
RET01246,ORD011333,SKU00196,SEL0046,WH-BLR,Changed Mind,2026-06-16,1252.48,111,Customer Preference
RET01247,ORD010138,SKU00381,SEL0025,WH-MUM,Changed Mind,2026-03-14,3774.09,50,Customer Preference
RET01248,ORD004794,SKU00052,SEL0132,WH-DEL,Changed Mind,2026-04-01,1787.46,68,Customer Preference
RET01249,ORD006588,SKU00146,SEL0005,WH-BLR,Changed Mind,2026-08-06,13307.88,37,Customer Preference
RET01250,ORD001650,SKU00258,SEL0018,WH-KOL,Damaged Product,2026-06-24,8713.72,71,Seller Fault
RET01251,ORD007307,SKU00225,SEL0029,WH-MUM,Better Price Found,2026-03-23,21036.42,56,Customer Preference
RET01252,ORD010501,SKU00417,SEL0085,WH-DEL,Wrong Item Delivered,2026-05-02,34953.72,110,Seller Fault
RET01253,ORD006625,SKU00121,SEL0056,WH-MUM,Quality Not as Expected,2026-07-13,3011.1,66,Customer Preference
RET01254,ORD007886,SKU00210,SEL0063,WH-MUM,Changed Mind,2026-07-29,4981.48,20,Customer Preference
RET01255,ORD010102,SKU00227,SEL0006,WH-MUM,Damaged Product,2026-02-25,358.98,104,Seller Fault
RET01256,ORD001740,SKU00282,SEL0121,WH-MUM,Quality Not as Expected,2026-06-12,5393.58,31,Customer Preference
RET01257,ORD009534,SKU00170,SEL0099,WH-KOL,Damaged Product,2026-04-23,2006.82,86,Seller Fault
RET01258,ORD010304,SKU00219,SEL0081,WH-KOL,Damaged Product,2026-07-26,3169.14,89,Seller Fault
RET01259,ORD006051,SKU00215,SEL0069,WH-DEL,Quality Not as Expected,2026-04-10,9124.18,13,Customer Preference
RET01260,ORD007531,SKU00315,SEL0023,WH-BLR,Product Defective,2026-04-11,2304.18,96,Seller Fault
RET01261,ORD008445,SKU00488,SEL0134,WH-DEL,Product Defective,2026-06-06,3036.2,34,Seller Fault
RET01262,ORD009009,SKU00354,SEL0009,WH-BLR,Damaged Product,2026-08-01,40375.77,44,Seller Fault
RET01263,ORD009999,SKU00120,SEL0037,WH-KOL,Late Delivery,2026-06-09,4863.29,28,Logistics Fault
RET01264,ORD000549,SKU00082,SEL0054,WH-BLR,Damaged Product,2026-03-30,7495.59,68,Seller Fault
RET01265,ORD003671,SKU00069,SEL0099,WH-KOL,Damaged Product,2026-05-04,14707.92,54,Seller Fault
RET01266,ORD002198,SKU00435,SEL0077,WH-KOL,Late Delivery,2026-08-12,2569.61,60,Logistics Fault
RET01267,ORD004716,SKU00194,SEL0064,WH-MUM,Product Defective,2026-04-28,4065.64,60,Seller Fault
RET01268,ORD001730,SKU00012,SEL0033,WH-BLR,Quality Not as Expected,2026-07-16,981.55,69,Customer Preference
RET01269,ORD003156,SKU00405,SEL0082,WH-MUM,Wrong Item Delivered,2026-06-07,1563.04,58,Seller Fault
RET01270,ORD005046,SKU00306,SEL0116,WH-KOL,Wrong Item Delivered,2026-06-20,6199.51,27,Seller Fault
RET01271,ORD006712,SKU00294,SEL0011,WH-BLR,Size Issue,2026-07-10,4976.28,24,Customer Preference
RET01272,ORD000360,SKU00271,SEL0114,WH-MUM,Size Issue,2026-02-16,2565.15,43,Customer Preference
RET01273,ORD009905,SKU00400,SEL0075,WH-BLR,Better Price Found,2026-03-10,10458.59,39,Customer Preference
RET01274,ORD000888,SKU00214,SEL0049,WH-BLR,Quality Not as Expected,2026-04-12,11656.1,14,Customer Preference
RET01275,ORD005334,SKU00019,SEL0078,WH-KOL,Size Issue,2026-04-04,13244.02,12,Customer Preference
RET01276,ORD009331,SKU00139,SEL0080,WH-BLR,Late Delivery,2026-07-12,3064.01,9,Logistics Fault
RET01277,ORD011265,SKU00202,SEL0042,WH-BLR,Late Delivery,2026-03-06,8434.92,31,Logistics Fault
RET01278,ORD001820,SKU00279,SEL0034,WH-MUM,Wrong Item Delivered,2026-03-14,2711.88,47,Seller Fault
RET01279,ORD009697,SKU00489,SEL0137,WH-BLR,Quality Not as Expected,2026-08-19,2128.55,109,Customer Preference
RET01280,ORD007877,SKU00202,SEL0042,WH-BLR,Size Issue,2026-06-28,12652.38,37,Customer Preference
RET01281,ORD006607,SKU00489,SEL0137,WH-BLR,Damaged Product,2026-03-21,4257.1,29,Seller Fault
RET01282,ORD008672,SKU00009,SEL0094,WH-BLR,Damaged Product,2026-07-19,4089.84,100,Seller Fault
RET01283,ORD004634,SKU00163,SEL0097,WH-MUM,Better Price Found,2026-03-21,7188.57,63,Customer Preference
RET01284,ORD006297,SKU00308,SEL0048,WH-MUM,Wrong Item Delivered,2026-04-19,1285.78,63,Seller Fault
RET01285,ORD001313,SKU00199,SEL0036,WH-MUM,Changed Mind,2026-07-12,2479.35,112,Customer Preference
RET01286,ORD010993,SKU00199,SEL0036,WH-MUM,Changed Mind,2026-06-17,2479.35,14,Customer Preference
RET01287,ORD001175,SKU00228,SEL0071,WH-BLR,Quality Not as Expected,2026-03-22,13683.46,59,Customer Preference
RET01288,ORD006029,SKU00438,SEL0103,WH-KOL,Size Issue,2026-04-06,2730.44,29,Customer Preference
RET01289,ORD007121,SKU00001,SEL0136,WH-DEL,Product Defective,2026-02-11,3209.09,4,Seller Fault
RET01290,ORD011113,SKU00103,SEL0012,WH-KOL,Size Issue,2026-05-19,5378.88,110,Customer Preference
RET01291,ORD002508,SKU00145,SEL0034,WH-MUM,Wrong Item Delivered,2026-05-04,5892.87,90,Seller Fault
RET01292,ORD010227,SKU00299,SEL0116,WH-KOL,Product Defective,2026-04-21,21020.49,88,Seller Fault
RET01293,ORD002418,SKU00361,SEL0015,WH-MUM,Changed Mind,2026-04-10,591.85,54,Customer Preference
RET01294,ORD008876,SKU00049,SEL0038,WH-BLR,Wrong Item Delivered,2026-08-05,467.42,10,Seller Fault
RET01295,ORD003772,SKU00486,SEL0138,WH-MUM,Late Delivery,2026-06-21,3827.4,68,Logistics Fault
RET01296,ORD010877,SKU00332,SEL0119,WH-MUM,Wrong Item Delivered,2026-02-14,1684.84,10,Seller Fault
RET01297,ORD004951,SKU00348,SEL0150,WH-BLR,Size Issue,2026-05-26,14288.5,32,Customer Preference
RET01298,ORD011151,SKU00082,SEL0054,WH-BLR,Better Price Found,2026-07-12,7495.59,83,Customer Preference
RET01299,ORD008460,SKU00275,SEL0075,WH-BLR,Damaged Product,2026-03-26,21019.68,38,Seller Fault
RET01300,ORD001096,SKU00452,SEL0056,WH-MUM,Late Delivery,2026-04-26,778.3,24,Logistics Fault
RET01301,ORD005645,SKU00186,SEL0023,WH-BLR,Size Issue,2026-08-14,212.39,10,Customer Preference
RET01302,ORD007739,SKU00492,SEL0038,WH-BLR,Better Price Found,2026-05-28,1531.21,47,Customer Preference
RET01303,ORD000734,SKU00078,SEL0018,WH-KOL,Changed Mind,2026-05-12,2352.3,57,Customer Preference
RET01304,ORD002404,SKU00037,SEL0073,WH-MUM,Size Issue,2026-06-11,5681.48,90,Customer Preference
RET01305,ORD006205,SKU00073,SEL0085,WH-DEL,Changed Mind,2026-03-23,1996.46,117,Customer Preference
RET01306,ORD008045,SKU00322,SEL0120,WH-KOL,Product Defective,2026-03-17,1814.62,7,Seller Fault
RET01307,ORD004414,SKU00121,SEL0056,WH-MUM,Size Issue,2026-04-27,6022.2,47,Customer Preference
RET01308,ORD004331,SKU00221,SEL0089,WH-MUM,Damaged Product,2026-07-18,9827.39,72,Seller Fault
RET01309,ORD007761,SKU00162,SEL0005,WH-BLR,Changed Mind,2026-06-13,3019.6,94,Customer Preference
RET01310,ORD000681,SKU00405,SEL0082,WH-MUM,Size Issue,2026-04-12,1563.04,42,Customer Preference
RET01311,ORD008510,SKU00289,SEL0134,WH-DEL,Product Defective,2026-03-29,2189.12,86,Seller Fault
RET01312,ORD009542,SKU00224,SEL0131,WH-KOL,Better Price Found,2026-08-12,8369.26,118,Customer Preference
RET01313,ORD005390,SKU00305,SEL0065,WH-DEL,Size Issue,2026-04-23,7477.02,20,Customer Preference
RET01314,ORD002260,SKU00197,SEL0040,WH-MUM,Size Issue,2026-03-04,18723.72,32,Customer Preference
RET01315,ORD007919,SKU00115,SEL0030,WH-BLR,Size Issue,2026-06-19,13954.02,98,Customer Preference
RET01316,ORD010829,SKU00343,SEL0097,WH-MUM,Quality Not as Expected,2026-08-02,3018.28,13,Customer Preference
RET01317,ORD008682,SKU00300,SEL0050,WH-KOL,Changed Mind,2026-04-02,2781.03,107,Customer Preference
RET01318,ORD002197,SKU00092,SEL0120,WH-KOL,Size Issue,2026-06-10,13394.67,102,Customer Preference
RET01319,ORD009043,SKU00303,SEL0033,WH-BLR,Damaged Product,2026-04-01,6952.08,114,Seller Fault
RET01320,ORD007107,SKU00207,SEL0129,WH-DEL,Quality Not as Expected,2026-06-20,9004.56,20,Customer Preference
RET01321,ORD008287,SKU00262,SEL0077,WH-KOL,Size Issue,2026-08-04,3341.55,30,Customer Preference
RET01322,ORD006545,SKU00168,SEL0062,WH-MUM,Late Delivery,2026-04-06,1126.32,4,Logistics Fault
RET01323,ORD009749,SKU00482,SEL0056,WH-MUM,Changed Mind,2026-03-03,4736.3,18,Customer Preference
RET01324,ORD008543,SKU00088,SEL0001,WH-BLR,Changed Mind,2026-05-24,2658.94,86,Customer Preference
RET01325,ORD002225,SKU00213,SEL0077,WH-KOL,Better Price Found,2026-03-23,6044.07,20,Customer Preference
RET01326,ORD007704,SKU00382,SEL0044,WH-BLR,Damaged Product,2026-06-13,6470.24,85,Seller Fault
RET01327,ORD003170,SKU00309,SEL0006,WH-MUM,Wrong Item Delivered,2026-05-14,2715.7,98,Seller Fault
RET01328,ORD008584,SKU00210,SEL0063,WH-MUM,Damaged Product,2026-07-17,9962.96,73,Seller Fault
RET01329,ORD007672,SKU00127,SEL0103,WH-KOL,Better Price Found,2026-04-04,727.21,60,Customer Preference
RET01330,ORD007661,SKU00071,SEL0107,WH-BLR,Damaged Product,2026-05-28,486.36,35,Seller Fault
RET01331,ORD010139,SKU00317,SEL0089,WH-MUM,Wrong Item Delivered,2026-07-15,18639.08,69,Seller Fault
RET01332,ORD011441,SKU00175,SEL0092,WH-MUM,Damaged Product,2026-03-08,28644.92,102,Seller Fault
RET01333,ORD001368,SKU00148,SEL0005,WH-BLR,Size Issue,2026-08-10,12268.34,15,Customer Preference
RET01334,ORD007228,SKU00072,SEL0114,WH-MUM,Late Delivery,2026-02-21,8959.24,119,Logistics Fault
RET01335,ORD002643,SKU00394,SEL0113,WH-BLR,Damaged Product,2026-02-11,4032.3,61,Seller Fault
RET01336,ORD007039,SKU00455,SEL0100,WH-DEL,Better Price Found,2026-06-23,4171.28,77,Customer Preference
RET01337,ORD003684,SKU00457,SEL0101,WH-MUM,Quality Not as Expected,2026-05-03,44332.05,26,Customer Preference
RET01338,ORD002037,SKU00230,SEL0027,WH-MUM,Quality Not as Expected,2026-05-20,1979.45,6,Customer Preference
RET01339,ORD010577,SKU00448,SEL0098,WH-MUM,Wrong Item Delivered,2026-07-12,15872.9,58,Seller Fault
RET01340,ORD008786,SKU00146,SEL0005,WH-BLR,Damaged Product,2026-06-15,13307.88,65,Seller Fault
RET01341,ORD009559,SKU00204,SEL0076,WH-KOL,Size Issue,2026-03-26,1229.66,77,Customer Preference
RET01342,ORD007117,SKU00323,SEL0043,WH-BLR,Damaged Product,2026-07-16,679.37,31,Seller Fault
RET01343,ORD008909,SKU00166,SEL0080,WH-BLR,Wrong Item Delivered,2026-04-29,1068.69,112,Seller Fault
RET01344,ORD008466,SKU00028,SEL0007,WH-BLR,Product Defective,2026-06-18,3465.24,43,Seller Fault
RET01345,ORD008729,SKU00055,SEL0097,WH-MUM,Changed Mind,2026-03-29,2890.83,103,Customer Preference
RET01346,ORD000329,SKU00181,SEL0056,WH-MUM,Product Defective,2026-07-20,798.91,46,Seller Fault
RET01347,ORD007956,SKU00335,SEL0015,WH-MUM,Quality Not as Expected,2026-06-13,2807.42,75,Customer Preference
RET01348,ORD010935,SKU00088,SEL0001,WH-BLR,Damaged Product,2026-06-15,2658.94,24,Seller Fault
RET01349,ORD004447,SKU00364,SEL0006,WH-MUM,Product Defective,2026-07-27,384.77,25,Seller Fault
RET01350,ORD009103,SKU00154,SEL0037,WH-KOL,Better Price Found,2026-08-05,17574.69,64,Customer Preference
RET01351,ORD004382,SKU00331,SEL0086,WH-KOL,Changed Mind,2026-06-16,2240.71,15,Customer Preference
RET01352,ORD005989,SKU00351,SEL0108,WH-DEL,Changed Mind,2026-06-26,4157.62,33,Customer Preference
RET01353,ORD003549,SKU00071,SEL0107,WH-BLR,Better Price Found,2026-03-27,486.36,46,Customer Preference
RET01354,ORD010729,SKU00220,SEL0040,WH-MUM,Product Defective,2026-03-13,6144.35,108,Seller Fault
RET01355,ORD001676,SKU00015,SEL0003,WH-DEL,Quality Not as Expected,2026-07-15,8508.78,61,Customer Preference
RET01356,ORD002793,SKU00376,SEL0044,WH-BLR,Changed Mind,2026-04-23,2685.0,9,Customer Preference
RET01357,ORD004087,SKU00030,SEL0011,WH-BLR,Damaged Product,2026-04-04,1113.36,61,Seller Fault
RET01358,ORD008933,SKU00264,SEL0043,WH-BLR,Size Issue,2026-07-01,141.2,38,Customer Preference
RET01359,ORD006730,SKU00394,SEL0113,WH-BLR,Damaged Product,2026-03-14,4032.3,80,Seller Fault
RET01360,ORD005061,SKU00375,SEL0042,WH-BLR,Size Issue,2026-07-13,11727.27,8,Customer Preference
RET01361,ORD007893,SKU00182,SEL0129,WH-DEL,Changed Mind,2026-02-26,25760.7,93,Customer Preference
RET01362,ORD001604,SKU00171,SEL0024,WH-MUM,Size Issue,2026-06-03,7260.06,109,Customer Preference
RET01363,ORD001708,SKU00038,SEL0018,WH-KOL,Quality Not as Expected,2026-06-10,5570.3,80,Customer Preference
RET01364,ORD001661,SKU00006,SEL0118,WH-KOL,Late Delivery,2026-03-03,1781.7,96,Logistics Fault
RET01365,ORD005750,SKU00355,SEL0005,WH-BLR,Changed Mind,2026-06-30,12142.23,107,Customer Preference
RET01366,ORD001559,SKU00244,SEL0074,WH-DEL,Wrong Item Delivered,2026-03-23,873.97,64,Seller Fault
RET01367,ORD008219,SKU00121,SEL0056,WH-MUM,Quality Not as Expected,2026-04-06,6022.2,12,Customer Preference
RET01368,ORD004298,SKU00064,SEL0081,WH-KOL,Damaged Product,2026-06-19,1632.08,6,Seller Fault
RET01369,ORD007179,SKU00427,SEL0064,WH-MUM,Late Delivery,2026-06-07,192.86,115,Logistics Fault
RET01370,ORD004932,SKU00374,SEL0091,WH-KOL,Late Delivery,2026-05-21,7545.62,51,Logistics Fault
RET01371,ORD009532,SKU00184,SEL0072,WH-KOL,Quality Not as Expected,2026-02-21,1947.38,44,Customer Preference
RET01372,ORD002097,SKU00362,SEL0135,WH-KOL,Quality Not as Expected,2026-06-06,28362.78,5,Customer Preference
RET01373,ORD002439,SKU00150,SEL0022,WH-MUM,Product Defective,2026-02-20,7079.68,79,Seller Fault
RET01374,ORD009338,SKU00419,SEL0081,WH-KOL,Better Price Found,2026-06-20,667.69,59,Customer Preference
RET01375,ORD008806,SKU00496,SEL0099,WH-KOL,Wrong Item Delivered,2026-06-27,10541.07,48,Seller Fault
RET01376,ORD009371,SKU00246,SEL0095,WH-KOL,Quality Not as Expected,2026-07-26,9189.06,61,Customer Preference
RET01377,ORD004638,SKU00064,SEL0081,WH-KOL,Quality Not as Expected,2026-04-04,816.04,96,Customer Preference
RET01378,ORD001400,SKU00057,SEL0117,WH-MUM,Damaged Product,2026-03-02,1608.41,110,Seller Fault
RET01379,ORD003840,SKU00396,SEL0140,WH-BLR,Size Issue,2026-07-08,15701.94,25,Customer Preference
RET01380,ORD001320,SKU00440,SEL0145,WH-BLR,Product Defective,2026-04-30,2650.32,41,Seller Fault
RET01381,ORD009654,SKU00182,SEL0129,WH-DEL,Better Price Found,2026-06-15,38641.05,61,Customer Preference
RET01382,ORD009290,SKU00330,SEL0143,WH-BLR,Damaged Product,2026-04-19,2132.26,67,Seller Fault
RET01383,ORD009814,SKU00136,SEL0060,WH-BLR,Damaged Product,2026-05-04,5780.38,66,Seller Fault
RET01384,ORD006182,SKU00404,SEL0106,WH-DEL,Quality Not as Expected,2026-05-29,863.1,38,Customer Preference
RET01385,ORD003737,SKU00190,SEL0142,WH-KOL,Wrong Item Delivered,2026-04-28,2275.49,20,Seller Fault
RET01386,ORD001411,SKU00365,SEL0105,WH-BLR,Product Defective,2026-03-23,1587.45,111,Seller Fault
RET01387,ORD006876,SKU00443,SEL0095,WH-KOL,Damaged Product,2026-03-01,8456.16,92,Seller Fault
RET01388,ORD002945,SKU00310,SEL0042,WH-BLR,Product Defective,2026-04-10,7346.92,95,Seller Fault
RET01389,ORD009438,SKU00356,SEL0024,WH-MUM,Damaged Product,2026-04-09,28666.2,41,Seller Fault
RET01390,ORD000895,SKU00306,SEL0116,WH-KOL,Damaged Product,2026-03-03,6199.51,77,Seller Fault
RET01391,ORD001470,SKU00462,SEL0011,WH-BLR,Late Delivery,2026-06-12,737.03,115,Logistics Fault
RET01392,ORD006835,SKU00099,SEL0060,WH-BLR,Late Delivery,2026-07-28,1320.07,66,Logistics Fault
RET01393,ORD003580,SKU00245,SEL0030,WH-BLR,Better Price Found,2026-07-30,3842.58,20,Customer Preference
RET01394,ORD000124,SKU00209,SEL0076,WH-KOL,Product Defective,2026-03-17,936.59,38,Seller Fault
RET01395,ORD011447,SKU00241,SEL0002,WH-MUM,Product Defective,2026-03-29,3137.67,72,Seller Fault
RET01396,ORD007211,SKU00274,SEL0086,WH-KOL,Wrong Item Delivered,2026-06-07,17631.5,86,Seller Fault
RET01397,ORD007209,SKU00171,SEL0024,WH-MUM,Changed Mind,2026-03-15,14520.12,5,Customer Preference
RET01398,ORD003763,SKU00456,SEL0021,WH-BLR,Wrong Item Delivered,2026-06-22,607.69,64,Seller Fault
RET01399,ORD003637,SKU00484,SEL0033,WH-BLR,Size Issue,2026-03-14,6426.15,83,Customer Preference
RET01400,ORD007584,SKU00304,SEL0103,WH-KOL,Product Defective,2026-03-09,6264.75,21,Seller Fault
RET01401,ORD002318,SKU00497,SEL0122,WH-KOL,Damaged Product,2026-04-08,5940.66,8,Seller Fault
RET01402,ORD009422,SKU00093,SEL0070,WH-DEL,Size Issue,2026-02-14,1959.87,93,Customer Preference
RET01403,ORD005113,SKU00059,SEL0133,WH-MUM,Better Price Found,2026-04-12,6463.8,112,Customer Preference
RET01404,ORD007775,SKU00393,SEL0136,WH-DEL,Better Price Found,2026-03-17,12879.11,55,Customer Preference
RET01405,ORD003816,SKU00440,SEL0145,WH-BLR,Changed Mind,2026-07-15,2650.32,17,Customer Preference
RET01406,ORD005587,SKU00037,SEL0073,WH-MUM,Damaged Product,2026-04-01,2840.74,79,Seller Fault
RET01407,ORD008513,SKU00293,SEL0105,WH-BLR,Damaged Product,2026-06-21,3859.1,73,Seller Fault
RET01408,ORD000953,SKU00439,SEL0145,WH-BLR,Size Issue,2026-06-26,6588.56,12,Customer Preference
RET01409,ORD007813,SKU00309,SEL0006,WH-MUM,Better Price Found,2026-07-22,2715.7,28,Customer Preference
RET01410,ORD005460,SKU00043,SEL0048,WH-MUM,Damaged Product,2026-02-20,3413.98,118,Seller Fault
RET01411,ORD009285,SKU00059,SEL0133,WH-MUM,Changed Mind,2026-08-06,2154.6,69,Customer Preference
RET01412,ORD006177,SKU00275,SEL0075,WH-BLR,Quality Not as Expected,2026-05-06,21019.68,86,Customer Preference
RET01413,ORD000128,SKU00104,SEL0031,WH-KOL,Size Issue,2026-08-02,1619.34,13,Customer Preference
RET01414,ORD004768,SKU00419,SEL0081,WH-KOL,Quality Not as Expected,2026-06-07,2003.07,99,Customer Preference
RET01415,ORD004937,SKU00439,SEL0145,WH-BLR,Changed Mind,2026-08-09,9882.84,93,Customer Preference
RET01416,ORD005056,SKU00103,SEL0012,WH-KOL,Product Defective,2026-04-16,5378.88,107,Seller Fault
RET01417,ORD005304,SKU00480,SEL0043,WH-BLR,Wrong Item Delivered,2026-05-27,2807.37,82,Seller Fault
RET01418,ORD011109,SKU00010,SEL0093,WH-MUM,Late Delivery,2026-05-07,8950.56,112,Logistics Fault
RET01419,ORD009615,SKU00019,SEL0078,WH-KOL,Changed Mind,2026-04-11,26488.04,68,Customer Preference
RET01420,ORD002966,SKU00131,SEL0014,WH-BLR,Damaged Product,2026-07-20,23670.36,51,Seller Fault
RET01421,ORD001924,SKU00013,SEL0025,WH-MUM,Changed Mind,2026-05-14,5291.5,80,Customer Preference
RET01422,ORD005376,SKU00274,SEL0086,WH-KOL,Wrong Item Delivered,2026-03-16,8815.75,65,Seller Fault
RET01423,ORD010705,SKU00399,SEL0129,WH-DEL,Quality Not as Expected,2026-06-29,7914.53,42,Customer Preference
RET01424,ORD004486,SKU00027,SEL0133,WH-MUM,Size Issue,2026-04-27,9210.84,88,Customer Preference
RET01425,ORD008059,SKU00072,SEL0114,WH-MUM,Size Issue,2026-07-03,8959.24,101,Customer Preference
RET01426,ORD000442,SKU00345,SEL0050,WH-KOL,Size Issue,2026-05-25,6788.64,21,Customer Preference
RET01427,ORD004723,SKU00112,SEL0010,WH-DEL,Damaged Product,2026-05-21,4920.02,54,Seller Fault
RET01428,ORD003597,SKU00109,SEL0026,WH-KOL,Product Defective,2026-07-12,2779.81,19,Seller Fault
RET01429,ORD004754,SKU00028,SEL0007,WH-BLR,Product Defective,2026-02-14,10395.72,110,Seller Fault
RET01430,ORD007996,SKU00417,SEL0085,WH-DEL,Changed Mind,2026-03-05,11651.24,63,Customer Preference
RET01431,ORD007954,SKU00312,SEL0022,WH-MUM,Quality Not as Expected,2026-05-20,4454.16,92,Customer Preference
RET01432,ORD008387,SKU00322,SEL0120,WH-KOL,Changed Mind,2026-06-28,1814.62,70,Customer Preference
RET01433,ORD010302,SKU00387,SEL0035,WH-MUM,Changed Mind,2026-06-23,4650.54,57,Customer Preference
RET01434,ORD002702,SKU00006,SEL0118,WH-KOL,Quality Not as Expected,2026-04-19,1781.7,45,Customer Preference
RET01435,ORD010970,SKU00040,SEL0052,WH-DEL,Size Issue,2026-03-23,6273.41,68,Customer Preference
RET01436,ORD007477,SKU00467,SEL0031,WH-KOL,Damaged Product,2026-05-30,537.19,15,Seller Fault
RET01437,ORD005308,SKU00456,SEL0021,WH-BLR,Late Delivery,2026-04-22,1215.38,17,Logistics Fault
RET01438,ORD005601,SKU00295,SEL0120,WH-KOL,Changed Mind,2026-07-31,2960.46,111,Customer Preference
RET01439,ORD005832,SKU00158,SEL0112,WH-MUM,Better Price Found,2026-05-13,13915.09,76,Customer Preference
RET01440,ORD001221,SKU00429,SEL0111,WH-BLR,Late Delivery,2026-04-11,3046.16,75,Logistics Fault
RET01441,ORD007747,SKU00073,SEL0085,WH-DEL,Product Defective,2026-06-19,1996.46,68,Seller Fault
RET01442,ORD005328,SKU00259,SEL0033,WH-BLR,Late Delivery,2026-03-01,3763.06,57,Logistics Fault
RET01443,ORD006062,SKU00470,SEL0015,WH-MUM,Size Issue,2026-03-02,2172.18,71,Customer Preference
RET01444,ORD009350,SKU00377,SEL0101,WH-MUM,Product Defective,2026-06-03,31949.79,76,Seller Fault
RET01445,ORD006840,SKU00037,SEL0073,WH-MUM,Damaged Product,2026-04-12,2840.74,18,Seller Fault
RET01446,ORD007591,SKU00494,SEL0096,WH-MUM,Damaged Product,2026-04-21,414.64,104,Seller Fault
RET01447,ORD005847,SKU00339,SEL0041,WH-KOL,Changed Mind,2026-06-06,476.06,47,Customer Preference
RET01448,ORD008459,SKU00370,SEL0114,WH-MUM,Changed Mind,2026-06-02,13460.4,84,Customer Preference
RET01449,ORD004805,SKU00159,SEL0093,WH-MUM,Better Price Found,2026-06-06,3483.46,33,Customer Preference
RET01450,ORD007374,SKU00079,SEL0150,WH-BLR,Damaged Product,2026-06-17,6301.44,41,Seller Fault
RET01451,ORD007514,SKU00405,SEL0082,WH-MUM,Damaged Product,2026-06-09,1563.04,38,Seller Fault
RET01452,ORD006183,SKU00002,SEL0077,WH-KOL,Product Defective,2026-07-07,218.0,9,Seller Fault
RET01453,ORD001405,SKU00244,SEL0074,WH-DEL,Better Price Found,2026-04-08,2621.91,56,Customer Preference
RET01454,ORD009368,SKU00253,SEL0029,WH-MUM,Late Delivery,2026-05-03,15610.8,109,Logistics Fault
RET01455,ORD006457,SKU00111,SEL0035,WH-MUM,Size Issue,2026-03-11,277.8,13,Customer Preference
RET01456,ORD009442,SKU00444,SEL0065,WH-DEL,Quality Not as Expected,2026-02-12,6608.69,93,Customer Preference
RET01457,ORD002630,SKU00076,SEL0027,WH-MUM,Late Delivery,2026-07-24,5584.88,28,Logistics Fault
RET01458,ORD006167,SKU00135,SEL0042,WH-BLR,Damaged Product,2026-07-15,2660.71,31,Seller Fault
RET01459,ORD007707,SKU00192,SEL0149,WH-BLR,Product Defective,2026-04-01,1771.79,48,Seller Fault
RET01460,ORD006416,SKU00002,SEL0077,WH-KOL,Wrong Item Delivered,2026-07-03,218.0,26,Seller Fault
RET01461,ORD001309,SKU00152,SEL0088,WH-MUM,Late Delivery,2026-07-28,2468.56,81,Logistics Fault
RET01462,ORD010041,SKU00140,SEL0076,WH-KOL,Better Price Found,2026-03-13,1961.79,110,Customer Preference
RET01463,ORD007231,SKU00167,SEL0120,WH-KOL,Size Issue,2026-03-22,16355.43,68,Customer Preference
RET01464,ORD001192,SKU00438,SEL0103,WH-KOL,Damaged Product,2026-05-22,8191.32,106,Seller Fault
RET01465,ORD002166,SKU00466,SEL0065,WH-DEL,Damaged Product,2026-06-29,27828.78,84,Seller Fault
RET01466,ORD010786,SKU00013,SEL0025,WH-MUM,Wrong Item Delivered,2026-08-02,2645.75,85,Seller Fault
RET01467,ORD007320,SKU00284,SEL0132,WH-DEL,Damaged Product,2026-06-08,7189.98,92,Seller Fault
RET01468,ORD002538,SKU00450,SEL0121,WH-MUM,Product Defective,2026-07-11,30253.95,4,Seller Fault
RET01469,ORD002434,SKU00213,SEL0077,WH-KOL,Size Issue,2026-02-23,2014.69,91,Customer Preference
RET01470,ORD004184,SKU00028,SEL0007,WH-BLR,Wrong Item Delivered,2026-05-01,10395.72,40,Seller Fault
RET01471,ORD009362,SKU00137,SEL0128,WH-DEL,Wrong Item Delivered,2026-02-23,6552.62,15,Seller Fault
RET01472,ORD005800,SKU00063,SEL0121,WH-MUM,Late Delivery,2026-07-12,13028.2,28,Logistics Fault
RET01473,ORD004475,SKU00278,SEL0123,WH-MUM,Damaged Product,2026-05-07,17170.1,12,Seller Fault
RET01474,ORD009818,SKU00299,SEL0116,WH-KOL,Size Issue,2026-06-26,7006.83,118,Customer Preference
RET01475,ORD003002,SKU00474,SEL0120,WH-KOL,Late Delivery,2026-03-23,22742.56,44,Logistics Fault
RET01476,ORD007149,SKU00077,SEL0040,WH-MUM,Quality Not as Expected,2026-03-11,11754.57,110,Customer Preference
RET01477,ORD000284,SKU00242,SEL0090,WH-MUM,Product Defective,2026-04-17,2940.41,76,Seller Fault
RET01478,ORD005554,SKU00388,SEL0099,WH-KOL,Quality Not as Expected,2026-08-11,7985.79,29,Customer Preference
RET01479,ORD006128,SKU00367,SEL0123,WH-MUM,Quality Not as Expected,2026-06-08,25024.14,17,Customer Preference
RET01480,ORD010126,SKU00289,SEL0134,WH-DEL,Wrong Item Delivered,2026-04-15,1094.56,62,Seller Fault
RET01481,ORD010827,SKU00381,SEL0025,WH-MUM,Better Price Found,2026-08-07,3774.09,15,Customer Preference
RET01482,ORD007098,SKU00437,SEL0119,WH-MUM,Quality Not as Expected,2026-07-28,3803.49,30,Customer Preference
RET01483,ORD008421,SKU00235,SEL0129,WH-DEL,Wrong Item Delivered,2026-06-13,26629.92,106,Seller Fault
RET01484,ORD007067,SKU00287,SEL0034,WH-MUM,Changed Mind,2026-07-23,2862.82,80,Customer Preference
RET01485,ORD009695,SKU00348,SEL0150,WH-BLR,Changed Mind,2026-08-01,28577.0,109,Customer Preference
RET01486,ORD004942,SKU00302,SEL0044,WH-BLR,Size Issue,2026-05-19,288.26,40,Customer Preference
RET01487,ORD007606,SKU00205,SEL0066,WH-DEL,Wrong Item Delivered,2026-07-16,12491.46,97,Seller Fault
RET01488,ORD004985,SKU00100,SEL0145,WH-BLR,Wrong Item Delivered,2026-05-19,9581.67,83,Seller Fault
RET01489,ORD009795,SKU00464,SEL0011,WH-BLR,Wrong Item Delivered,2026-04-23,11694.3,45,Seller Fault
RET01490,ORD000631,SKU00024,SEL0108,WH-DEL,Damaged Product,2026-07-20,1315.39,25,Seller Fault
RET01491,ORD010201,SKU00463,SEL0014,WH-BLR,Late Delivery,2026-05-01,4829.59,64,Logistics Fault
RET01492,ORD008723,SKU00238,SEL0046,WH-BLR,Damaged Product,2026-03-28,1149.75,74,Seller Fault
RET01493,ORD007435,SKU00499,SEL0016,WH-BLR,Changed Mind,2026-06-22,2425.5,42,Customer Preference
RET01494,ORD005762,SKU00166,SEL0080,WH-BLR,Damaged Product,2026-06-08,2137.38,77,Seller Fault
RET01495,ORD001049,SKU00156,SEL0084,WH-MUM,Damaged Product,2026-02-21,10522.32,19,Seller Fault
RET01496,ORD002709,SKU00045,SEL0113,WH-BLR,Damaged Product,2026-02-16,3912.56,69,Seller Fault
RET01497,ORD000849,SKU00339,SEL0041,WH-KOL,Damaged Product,2026-05-09,1428.18,60,Seller Fault
RET01498,ORD000388,SKU00297,SEL0104,WH-BLR,Product Defective,2026-04-10,2153.41,21,Seller Fault
RET01499,ORD004163,SKU00345,SEL0050,WH-KOL,Damaged Product,2026-02-22,6788.64,96,Seller Fault
RET01500,ORD007547,SKU00499,SEL0016,WH-BLR,Changed Mind,2026-07-02,2425.5,106,Customer Preference
